project_name,module,jacc_sim_code_test,jacc_sim_code_doc,jacc_sim_test_doc,sow2v_sim_code_test,sow2v_sim_code_doc,sow2v_sim_test_doc
01_dubbo,dubbo-cluster,0.29545454545454547,0.011904761904761904,0.016666666666666666,0.9380777478218079,0.3230336606502533,0.39317071437835693
01_dubbo,dubbo-common,0.2564102564102564,0.012048192771084338,0.010638297872340425,0.9214922189712524,0.30566108226776123,0.32063359022140503
01_dubbo,dubbo-compatible,0.17475728155339806,0.0,0.013333333333333334,0.8937374949455261,0.33876660466194153,0.27038025856018066
01_dubbo,dubbo-config,0.2696629213483146,0.03278688524590164,0.012345679012345678,0.9464666247367859,0.41915830969810486,0.45573920011520386
01_dubbo,dubbo-configcenter,0.3488372093023256,0.023809523809523808,0.021739130434782608,0.9513615965843201,0.40921998023986816,0.33140966296195984
01_dubbo,dubbo-container,0.13333333333333333,0.0,0.0,0.6341911554336548,0.351612389087677,0.3194015324115753
01_dubbo,dubbo-filter,0.2727272727272727,0.0,0.0,0.8039886951446533,0.18920789659023285,0.20623649656772614
01_dubbo,dubbo-kubernetes,0.19444444444444445,0.023255813953488372,0.03333333333333333,0.8615354895591736,0.46010085940361023,0.5145642757415771
01_dubbo,dubbo-metadata,0.2736842105263158,0.031746031746031744,0.023255813953488372,0.9475415945053101,0.33022719621658325,0.3487372398376465
01_dubbo,dubbo-metrics,0.3333333333333333,0.025974025974025976,0.03636363636363636,0.9455526471138,0.38904818892478943,0.39388084411621094
01_dubbo,dubbo-monitor,0.2033898305084746,0.016666666666666666,0.05,0.9145568609237671,0.4266565442085266,0.44965580105781555
01_dubbo,dubbo-plugin,0.1282051282051282,0.0,0.012987012987012988,0.8890959024429321,0.34413832426071167,0.3625537157058716
01_dubbo,dubbo-registry,0.3880597014925373,0.03389830508474576,0.03225806451612903,0.9686242341995239,0.46568578481674194,0.5145346522331238
01_dubbo,dubbo-remoting,0.26,0.012048192771084338,0.0,0.9391622543334961,0.34563198685646057,0.2751997113227844
01_dubbo,dubbo-rpc,0.3563218390804598,0.015151515151515152,0.012195121951219513,0.9494505524635315,0.32333996891975403,0.30528438091278076
01_dubbo,dubbo-spring-boot,0.36764705882352944,0.029850746268656716,0.01818181818181818,0.9448648691177368,0.45588964223861694,0.5360621809959412
01_dubbo,dubbo-xds,0.2962962962962963,0.013157894736842105,0.0,0.936194896697998,0.3515578508377075,0.36013007164001465
02_skywalking,apm-protocol,0.04,0.017543859649122806,0.0,0.6587614417076111,0.500835657119751,0.37877145409584045
02_skywalking,oap-server,0.3300970873786408,0.024096385542168676,0.0379746835443038,0.944232165813446,0.5111196041107178,0.5860095024108887
03_flink,flink-annotations,0.0,0.0,0.0,0.34197327494621277,0.44653385877609253,0.22700196504592896
03_flink,flink-clients,0.42857142857142855,0.0,0.0,0.9621770977973938,0.5948758721351624,0.5929461717605591
03_flink,flink-connectors,0.43023255813953487,0.03488372093023256,0.03896103896103896,0.9570231437683105,0.3938412070274353,0.4412364661693573
03_flink,flink-container,0.30434782608695654,0.025,0.0,0.856056272983551,0.6365195512771606,0.5260953903198242
03_flink,flink-contrib,0.15,0.02,0.05128205128205128,0.6194607019424438,0.191030353307724,0.4397774338722229
03_flink,flink-core,0.28846153846153844,0.0375,0.021052631578947368,0.950994074344635,0.35976937413215637,0.3261537551879883
03_flink,flink-dstl,0.2597402597402597,0.01282051282051282,0.0,0.9007644653320312,0.3891698122024536,0.4219966232776642
03_flink,flink-external-resources,0.16,0.0,0.0,0.650248646736145,0.4204685389995575,0.49574175477027893
03_flink,flink-filesystems,0.2988505747126437,0.012195121951219513,0.0,0.950136125087738,0.4196268320083618,0.49747759103775024
03_flink,flink-formats,0.30927835051546393,0.012345679012345678,0.02247191011235955,0.9382308721542358,0.3133818507194519,0.4052390158176422
03_flink,flink-java,0.24242424242424243,0.010752688172043012,0.0273972602739726,0.9374188184738159,0.37815654277801514,0.28247353434562683
03_flink,flink-kubernetes,0.34523809523809523,0.0,0.0,0.9735284447669983,0.48118042945861816,0.4828041195869446
03_flink,flink-libraries,0.3333333333333333,0.012195121951219513,0.039473684210526314,0.9712157249450684,0.3573194146156311,0.348807692527771
03_flink,flink-metrics,0.3368421052631579,0.01098901098901099,0.0,0.945662796497345,0.35444462299346924,0.3493635654449463
03_flink,flink-optimizer,0.2,0.013157894736842105,0.012195121951219513,0.9066303372383118,0.4224983751773834,0.3461053669452667
03_flink,flink-queryable-state,0.2765957446808511,0.011627906976744186,0.01282051282051282,0.9540207982063293,0.32127705216407776,0.3745836317539215
03_flink,flink-rpc,0.1836734693877551,0.012195121951219513,0.0,0.9467491507530212,0.4369490444660187,0.43568864464759827
03_flink,flink-runtime,0.5116279069767442,0.023809523809523808,0.011235955056179775,0.9650906324386597,0.38068950176239014,0.47849446535110474
03_flink,flink-runtime-web,0.3918918918918919,0.0,0.0,0.9526386260986328,0.3716658651828766,0.44321033358573914
03_flink,flink-scala,0.21568627450980393,0.018518518518518517,0.019230769230769232,0.7212555408477783,0.4302132725715637,0.5831503868103027
03_flink,flink-state-backends,0.26744186046511625,0.012345679012345678,0.013888888888888888,0.9414704442024231,0.34582391381263733,0.4252418875694275
03_flink,flink-streaming-java,0.43023255813953487,0.036585365853658534,0.05,0.9692201018333435,0.38412827253341675,0.39159509539604187
03_flink,flink-streaming-scala,0.2,0.027777777777777776,0.022727272727272728,0.648163914680481,0.2762194573879242,0.42729589343070984
03_flink,flink-table,0.3541666666666667,0.033707865168539325,0.024390243902439025,0.9550623297691345,0.29523757100105286,0.3370315432548523
03_flink,flink-yarn,0.2967032967032967,0.0,0.0,0.96237713098526,0.557751476764679,0.5779798030853271
04_rocketmq,acl,0.3484848484848485,0.03333333333333333,0.03508771929824561,0.8824670314788818,0.6804332733154297,0.7055531144142151
04_rocketmq,broker,0.36764705882352944,0.03076923076923077,0.03571428571428571,0.9633603692054749,0.7189390659332275,0.7677218914031982
04_rocketmq,client,0.2916666666666667,0.03333333333333333,0.03278688524590164,0.9619069695472717,0.7287975549697876,0.7668439149856567
04_rocketmq,common,0.1559633027522936,0.02564102564102564,0.04,0.8717454671859741,0.6718775033950806,0.708721399307251
04_rocketmq,container,0.13559322033898305,0.038461538461538464,0.022727272727272728,0.9013829231262207,0.7647367715835571,0.7552283406257629
04_rocketmq,controller,0.2542372881355932,0.034482758620689655,0.022222222222222223,0.8635003566741943,0.7280793786048889,0.7269220352172852
04_rocketmq,filter,0.24615384615384617,0.030303030303030304,0.0,0.909861147403717,0.4582560658454895,0.3507574498653412
04_rocketmq,namesrv,0.37037037037037035,0.038461538461538464,0.04,0.937120258808136,0.7545507550239563,0.7581448554992676
04_rocketmq,openmessaging,0.30303030303030304,0.01639344262295082,0.037037037037037035,0.8791066408157349,0.6213815808296204,0.721824586391449
04_rocketmq,proxy,0.4166666666666667,0.04411764705882353,0.05,0.9675652980804443,0.7673478126525879,0.7739157676696777
04_rocketmq,remoting,0.32323232323232326,0.03896103896103896,0.05063291139240506,0.9259575009346008,0.7226133346557617,0.770151674747467
04_rocketmq,srvutil,0.04,0.017857142857142856,0.0,0.7232322096824646,0.739230751991272,0.6148194670677185
04_rocketmq,store,0.25,0.015625,0.03076923076923077,0.9296041131019592,0.6570830345153809,0.7223692536354065
04_rocketmq,tieredstore,0.21052631578947367,0.015384615384615385,0.017543859649122806,0.9383329153060913,0.6158671975135803,0.6215357184410095
04_rocketmq,tools,0.24705882352941178,0.04285714285714286,0.04838709677419355,0.8434056043624878,0.7209287881851196,0.8347461819648743
05_shardingsphere,db-protocol,0.2976190476190476,0.028985507246376812,0.014084507042253521,0.9391905069351196,0.3829258382320404,0.38956218957901
05_shardingsphere,dialect-exception,0.2857142857142857,0.041666666666666664,0.02702702702702703,0.8533802032470703,0.43659815192222595,0.5372358560562134
05_shardingsphere,distsql,0.1864406779661017,0.027777777777777776,0.0,0.8132475018501282,0.4934532344341278,0.48412230610847473
05_shardingsphere,features,0.5138888888888888,0.046875,0.0410958904109589,0.977188229560852,0.4625927209854126,0.42494168877601624
05_shardingsphere,infra,0.4375,0.039473684210526314,0.04477611940298507,0.9670283198356628,0.4626067578792572,0.5056284070014954
05_shardingsphere,jdbc,0.38823529411764707,0.057971014492753624,0.05333333333333334,0.9436472058296204,0.4863635003566742,0.5157409906387329
05_shardingsphere,kernel,0.42528735632183906,0.03896103896103896,0.04,0.9591792821884155,0.522000253200531,0.53017258644104
05_shardingsphere,mode,0.40476190476190477,0.056338028169014086,0.02666666666666667,0.9572389125823975,0.6014925241470337,0.5520908236503601
05_shardingsphere,proxy,0.47058823529411764,0.04838709677419355,0.045454545454545456,0.9683979749679565,0.48796406388282776,0.5618264079093933
05_shardingsphere,sql-parser,0.19148936170212766,0.04225352112676056,0.014084507042253521,0.9379345774650574,0.49670058488845825,0.4695427417755127
06_hadoop,hadoop-cloud-storage-project,0.25609756097560976,0.0,0.0,0.8484935164451599,0.05617622286081314,0.02992243319749832
06_hadoop,hadoop-common-project,0.3392857142857143,0.0,0.0,0.9534884095191956,0.11100544780492783,0.09896533936262131
06_hadoop,hadoop-hdfs-project,0.36363636363636365,0.0,0.0,0.9128042459487915,0.18382009863853455,0.16962938010692596
06_hadoop,hadoop-mapreduce-project,0.4714285714285714,0.0,0.0,0.9555479884147644,0.05459589883685112,0.10096384584903717
06_hadoop,hadoop-maven-plugins,0.2962962962962963,0.0,0.0,0.8536325693130493,0.0112674655392766,-0.034899163991212845
06_hadoop,hadoop-tools,0.39080459770114945,0.0,0.0,0.904006838798523,0.12293412536382675,0.09090305119752884
06_hadoop,hadoop-yarn-project,0.40963855421686746,0.0,0.0,0.9552677869796753,0.1802017241716385,0.21259962022304535
07_druid,cloud,0.22580645161290322,0.0,0.02040816326530612,0.8078452348709106,0.37015268206596375,0.36030086874961853
07_druid,core,0.330188679245283,0.0,0.012195121951219513,0.9548897743225098,0.40931472182273865,0.38837844133377075
07_druid,extendedset,0.14583333333333334,0.019230769230769232,0.030303030303030304,0.8161182403564453,0.37067651748657227,0.4676721692085266
07_druid,extensions-contrib,0.2736842105263158,0.014285714285714285,0.012345679012345678,0.941861093044281,0.41910430788993835,0.4465171694755554
07_druid,extensions-core,0.33653846153846156,0.011494252873563218,0.012195121951219513,0.9541715383529663,0.44247716665267944,0.46874353289604187
07_druid,hll,0.2564102564102564,0.0,0.023255813953488372,0.9187279939651489,0.283111035823822,0.3669707179069519
07_druid,indexing-hadoop,0.3055555555555556,0.029411764705882353,0.01818181818181818,0.9191595911979675,0.4354330003261566,0.3830585479736328
07_druid,indexing-service,0.3125,0.011764705882352941,0.0,0.9478133916854858,0.4516233801841736,0.4447266757488251
07_druid,processing,0.3793103448275862,0.01282051282051282,0.013888888888888888,0.9566843509674072,0.38009241223335266,0.41802293062210083
07_druid,server,0.41237113402061853,0.012195121951219513,0.011764705882352941,0.9602035284042358,0.46794748306274414,0.4785732626914978
07_druid,services,0.2826086956521739,0.014492753623188406,0.012658227848101266,0.9383836388587952,0.371690571308136,0.43803831934928894
08_pulsar,pulsar-broker,0.43333333333333335,0.0,0.0125,0.9481016397476196,0.4588416516780853,0.5299880504608154
08_pulsar,pulsar-broker-auth-athenz,0.21739130434782608,0.0,0.0,0.8362510800361633,0.47847551107406616,0.47217729687690735
08_pulsar,pulsar-broker-auth-sasl,0.13559322033898305,0.0,0.024390243902439025,0.8866801261901855,0.39124950766563416,0.5295450091362
08_pulsar,pulsar-broker-common,0.2616822429906542,0.013333333333333334,0.0,0.9277593493461609,0.520643413066864,0.5162292718887329
08_pulsar,pulsar-client,0.32222222222222224,0.013157894736842105,0.029411764705882353,0.9095522165298462,0.47424033284187317,0.5323165655136108
08_pulsar,pulsar-client-admin,0.12698412698412698,0.01639344262295082,0.05714285714285714,0.7700928449630737,0.5067800879478455,0.44632139801979065
08_pulsar,pulsar-client-auth-athenz,0.30303030303030304,0.030303030303030304,0.027777777777777776,0.8826114535331726,0.35596346855163574,0.48404914140701294
08_pulsar,pulsar-client-tools,0.22826086956521738,0.013513513513513514,0.03125,0.8728159070014954,0.5244238376617432,0.5770741105079651
08_pulsar,pulsar-common,0.2809917355371901,0.0,0.0,0.941545844078064,0.5096657276153564,0.5155124068260193
08_pulsar,pulsar-config-validation,0.3125,0.02702702702702703,0.0,0.859925389289856,0.19474291801452637,0.20013132691383362
08_pulsar,pulsar-functions,0.3157894736842105,0.0125,0.02857142857142857,0.9514927268028259,0.444601446390152,0.46952974796295166
08_pulsar,pulsar-io,0.3106796116504854,0.0125,0.025,0.9580731391906738,0.4375515580177307,0.5066059827804565
08_pulsar,pulsar-metadata,0.2345679012345679,0.014285714285714285,0.0,0.8937066197395325,0.5204674005508423,0.5307471752166748
08_pulsar,pulsar-package-management,0.25757575757575757,0.018867924528301886,0.017857142857142856,0.8728106021881104,0.5707804560661316,0.5819056034088135
08_pulsar,pulsar-proxy,0.23529411764705882,0.015873015873015872,0.014705882352941176,0.9461272954940796,0.531602144241333,0.5324429273605347
08_pulsar,pulsar-sql,0.24705882352941178,0.0,0.0,0.8860439658164978,0.3844422698020935,0.26260095834732056
08_pulsar,pulsar-transaction,0.2318840579710145,0.0,0.02040816326530612,0.8597030639648438,0.34692662954330444,0.3196486830711365
08_pulsar,pulsar-websocket,0.18181818181818182,0.0,0.017543859649122806,0.928189218044281,0.4962458908557892,0.4142515957355499
09_zookeeper,zookeeper-contrib,0.2,0.009345794392523364,0.012658227848101266,0.8615248203277588,0.4634782075881958,0.48788148164749146
09_zookeeper,zookeeper-it,0.08928571428571429,0.0,0.0,0.7660178542137146,0.408860445022583,0.459334135055542
09_zookeeper,zookeeper-jute,0.2,0.028985507246376812,0.0,0.815240740776062,0.3330843448638916,0.20499227941036224
09_zookeeper,zookeeper-metrics-providers,0.21428571428571427,0.0,0.0,0.7502668499946594,0.31601831316947937,0.4343699812889099
09_zookeeper,zookeeper-recipes,0.3,0.0,0.016129032258064516,0.8864351511001587,0.49426519870758057,0.5162943601608276
09_zookeeper,zookeeper-server,0.3723404255319149,0.010526315789473684,0.010638297872340425,0.9554628729820251,0.4826657772064209,0.5338812470436096
10_dolphinscheduler,dolphinscheduler-alert,0.2962962962962963,0.029411764705882353,0.014705882352941176,0.9092764258384705,0.15919820964336395,0.1746164858341217
10_dolphinscheduler,dolphinscheduler-aop,0.42105263157894735,0.0,0.03225806451612903,0.8977402448654175,0.39803391695022583,0.39106249809265137
10_dolphinscheduler,dolphinscheduler-api,0.3561643835616438,0.06153846153846154,0.06666666666666667,0.9682719111442566,0.30507510900497437,0.35603639483451843
10_dolphinscheduler,dolphinscheduler-common,0.19047619047619047,0.024691358024691357,0.0,0.8849131464958191,0.23143264651298523,0.23187671601772308
10_dolphinscheduler,dolphinscheduler-dao,0.4647887323943662,0.07142857142857142,0.06779661016949153,0.9252406358718872,0.3269540071487427,0.3068120777606964
10_dolphinscheduler,dolphinscheduler-data-quality,0.21875,0.015384615384615385,0.022222222222222223,0.833232581615448,0.3131347894668579,0.388663649559021
10_dolphinscheduler,dolphinscheduler-datasource-plugin,0.2786885245901639,0.028985507246376812,0.025,0.909713625907898,0.3340054154396057,0.3168189525604248
10_dolphinscheduler,dolphinscheduler-e2e,0.029850746268656716,0.0,0.09836065573770492,0.7646270990371704,0.3259277939796448,0.3695140480995178
10_dolphinscheduler,dolphinscheduler-master,0.3670886075949367,0.02564102564102564,0.03333333333333333,0.9675211310386658,0.38642412424087524,0.40205034613609314
10_dolphinscheduler,dolphinscheduler-microbench,0.12903225806451613,0.023809523809523808,0.04,0.4825855791568756,0.18292871117591858,0.3067501187324524
10_dolphinscheduler,dolphinscheduler-registry,0.11764705882352941,0.0,0.0,0.7785204648971558,0.25809991359710693,0.2688986659049988
10_dolphinscheduler,dolphinscheduler-remote,0.25675675675675674,0.013888888888888888,0.058823529411764705,0.9252059459686279,0.24770322442054749,0.14426811039447784
10_dolphinscheduler,dolphinscheduler-service,0.3,0.012048192771084338,0.02564102564102564,0.9389081001281738,0.2918359339237213,0.32389891147613525
10_dolphinscheduler,dolphinscheduler-spi,0.08,0.0,0.0,0.3861876130104065,0.08164626359939575,0.2586638927459717
10_dolphinscheduler,dolphinscheduler-storage-plugin,0.2826086956521739,0.03773584905660377,0.0,0.876357913017273,0.3367879092693329,0.3019212484359741
10_dolphinscheduler,dolphinscheduler-task-plugin,0.28421052631578947,0.02531645569620253,0.0273972602739726,0.9456698894500732,0.291925311088562,0.31708288192749023
10_dolphinscheduler,dolphinscheduler-worker,0.38461538461538464,0.017241379310344827,0.021739130434782608,0.9411234855651855,0.3419407606124878,0.4257905185222626
11_shardingsphere-elasticjob,elasticjob-api,0.25,0.05,0.06451612903225806,0.8478292226791382,0.5301981568336487,0.6255285739898682
11_shardingsphere-elasticjob,elasticjob-cloud,0.45,0.013888888888888888,0.028169014084507043,0.9575815796852112,0.6268909573554993,0.6812344789505005
11_shardingsphere-elasticjob,elasticjob-ecosystem,0.2597402597402597,0.03125,0.016666666666666666,0.9082027673721313,0.49416640400886536,0.5640791058540344
11_shardingsphere-elasticjob,elasticjob-infra,0.3235294117647059,0.023529411764705882,0.02631578947368421,0.9263314008712769,0.4569981098175049,0.5809564590454102
11_shardingsphere-elasticjob,elasticjob-lite,0.3176470588235294,0.04285714285714286,0.045454545454545456,0.9502339363098145,0.6467850208282471,0.7052403092384338
12_shenyu,shenyu-admin,0.4367816091954023,0.08450704225352113,0.0684931506849315,0.9204140305519104,0.8690855503082275,0.8089205026626587
12_shenyu,shenyu-client,0.2647058823529412,0.017241379310344827,0.017857142857142856,0.9067692160606384,0.765681803226471,0.7218353748321533
12_shenyu,shenyu-common,0.18018018018018017,0.0684931506849315,0.0375,0.8983343839645386,0.8530991673469543,0.7569637894630432
12_shenyu,shenyu-e2e,0.26582278481012656,0.056338028169014086,0.0784313725490196,0.8870863318443298,0.8434397578239441,0.8128542900085449
12_shenyu,shenyu-loadbalancer,0.29508196721311475,0.01818181818181818,0.0392156862745098,0.9372305274009705,0.7378275394439697,0.721937358379364
12_shenyu,shenyu-plugin,0.3958333333333333,0.06578947368421052,0.0641025641025641,0.941948652267456,0.8462576270103455,0.836043655872345
12_shenyu,shenyu-protocol,0.09836065573770492,0.015151515151515152,0.0,0.736225962638855,0.7200990915298462,0.5987978577613831
12_shenyu,shenyu-register-center,0.17,0.025,0.0,0.9213775396347046,0.7567353844642639,0.6960877180099487
12_shenyu,shenyu-sdk,0.0625,0.016129032258064516,0.0,0.3417685031890869,0.7554404139518738,0.25330549478530884
12_shenyu,shenyu-spi,0.20689655172413793,0.0,0.0,0.8068645596504211,0.6399766802787781,0.5757744312286377
12_shenyu,shenyu-spring-boot-starter,0.3037974683544304,0.014492753623188406,0.03278688524590164,0.9124595522880554,0.7356064915657043,0.7125019431114197
12_shenyu,shenyu-sync-data-center,0.33783783783783783,0.045454545454545456,0.05263157894736842,0.9238327741622925,0.7684136033058167,0.8068723678588867
12_shenyu,shenyu-web,0.375,0.05970149253731343,0.05263157894736842,0.9235928654670715,0.7827987670898438,0.7969183921813965
13_tomcat,java,0.11764705882352941,0.0136986301369863,0.0,0.7994206547737122,0.45127737522125244,0.4352463483810425
13_tomcat,modules,0.15730337078651685,0.015151515151515152,0.014925373134328358,0.8359553813934326,0.4701307713985443,0.3692256212234497
13_tomcat,webapps,0.1388888888888889,0.0,0.0,0.8450905084609985,0.42012497782707214,0.2767617702484131
14_storm,storm-client,0.367816091954023,0.029850746268656716,0.012345679012345678,0.9598718881607056,0.6030243635177612,0.5905647873878479
14_storm,storm-core,0.1,0.0,0.014925373134328358,0.8715320229530334,0.6792213320732117,0.6129689812660217
14_storm,storm-server,0.2608695652173913,0.0,0.04,0.963187575340271,0.5783530473709106,0.6468644738197327
14_storm,storm-submit-tools,0.17647058823529413,0.0,0.0,0.7064855694770813,0.5489828586578369,0.4549475610256195
14_storm,storm-webapp,0.24752475247524752,0.0,0.0136986301369863,0.9183731079101562,0.6996291279792786,0.6854715347290039
15_zeppelin,zeppelin-interpreter,0.18446601941747573,0.02857142857142857,0.0,0.9243471622467041,0.47452548146247864,0.4573096036911011
15_zeppelin,zeppelin-interpreter-integration,0.0,0.0,0.03225806451612903,0.16572324931621552,0.07252378761768341,0.5940821766853333
15_zeppelin,zeppelin-jupyter,0.0975609756097561,0.01818181818181818,0.0,0.48925554752349854,0.35498443245887756,0.3598766624927521
15_zeppelin,zeppelin-jupyter-interpreter,0.11428571428571428,0.0,0.0,0.7635672092437744,0.4067363739013672,0.5199640989303589
15_zeppelin,zeppelin-plugins,0.29473684210526313,0.02631578947368421,0.02531645569620253,0.9309947490692139,0.6194352507591248,0.6377137303352356
15_zeppelin,zeppelin-server,0.22772277227722773,0.0273972602739726,0.024096385542168676,0.922991931438446,0.42918896675109863,0.5116158127784729
15_zeppelin,zeppelin-zengine,0.31683168316831684,0.025,0.023529411764705882,0.9108647108078003,0.5561869740486145,0.5896019339561462
16_nifi,minifi,0.25773195876288657,0.025,0.029411764705882353,0.9401118159294128,0.4542214572429657,0.5391569137573242
16_nifi,nifi-api,0.13924050632911392,0.0,0.023809523809523808,0.7919802069664001,0.4764019548892975,0.32057204842567444
16_nifi,nifi-bootstrap,0.16176470588235295,0.013513513513513514,0.0,0.8663887977600098,0.45923417806625366,0.38734957575798035
16_nifi,nifi-commons,0.28846153846153844,0.0,0.012345679012345678,0.9326447248458862,0.3545892834663391,0.34957951307296753
16_nifi,nifi-external,0.2318840579710145,0.013888888888888888,0.0,0.831645131111145,0.4703367054462433,0.47528451681137085
16_nifi,nifi-framework-api,0.20930232558139536,0.011627906976744186,0.0,0.867669403553009,0.4465833604335785,0.5156935453414917
16_nifi,nifi-h2,0.22727272727272727,0.0,0.0,0.7965388894081116,0.5141773819923401,0.5178301334381104
16_nifi,nifi-manifest,0.14285714285714285,0.028985507246376812,0.02631578947368421,0.8591070175170898,0.4744913578033447,0.4727405309677124
16_nifi,nifi-maven-archetypes,0.5714285714285714,0.0,0.0,0.9088656306266785,0.4575411379337311,0.5025649070739746
16_nifi,nifi-mock,0.17721518987341772,0.0,0.0,0.8838090896606445,0.4065055549144745,0.43869197368621826
16_nifi,nifi-nar-bundles,0.4146341463414634,0.0,0.012048192771084338,0.9458802938461304,0.3493175506591797,0.43840348720550537
16_nifi,nifi-registry,0.2840909090909091,0.014285714285714285,0.0,0.912546694278717,0.4473171830177307,0.5871526598930359
16_nifi,nifi-stateless,0.18072289156626506,0.0,0.014285714285714285,0.8547030091285706,0.5068903565406799,0.5747991800308228
16_nifi,nifi-toolkit,0.18691588785046728,0.012987012987012988,0.01282051282051282,0.9090898633003235,0.5030151605606079,0.48737719655036926
17_shiro,core,0.3404255319148936,0.03571428571428571,0.03260869565217391,0.9499337077140808,0.5027768611907959,0.4403252899646759
17_shiro,lang,0.0,0.0,0.0,0.27950963377952576,0.06452716141939163,0.050266705453395844
17_shiro,support,0.3191489361702128,0.043478260869565216,0.05,0.9362215399742126,0.43842813372612,0.5132045149803162
17_shiro,tools,0.027777777777777776,0.0,0.0,0.736873209476471,0.23625710606575012,0.24463485181331635
17_shiro,web,0.3258426966292135,0.04938271604938271,0.03488372093023256,0.9411569833755493,0.4417326748371124,0.3453381657600403
18_camel,archetypes,0.2978723404255319,0.03773584905660377,0.05263157894736842,0.8219130635261536,0.5699141621589661,0.5827502012252808
18_camel,catalog,0.28735632183908044,0.0379746835443038,0.06666666666666667,0.8360813856124878,0.6577232480049133,0.5889829993247986
18_camel,components,0.32954545454545453,0.024096385542168676,0.015384615384615385,0.9242432117462158,0.5998936295509338,0.6040699481964111
18_camel,core,0.3522727272727273,0.02531645569620253,0.02857142857142857,0.9270848035812378,0.6157921552658081,0.6317549347877502
18_camel,dsl,0.17117117117117117,0.024691358024691357,0.02531645569620253,0.8634934425354004,0.564120888710022,0.6179114580154419
19_commons-jexl,src,0.2647058823529412,0.0,0.0,0.9436398148536682,0.45357415080070496,0.398377925157547
20_cloudstack,agent,0.08536585365853659,0.0,0.0,0.7332467436790466,0.5526642203330994,0.48461467027664185
20_cloudstack,api,0.32926829268292684,0.05263157894736842,0.05,0.9229407906532288,0.6911929249763489,0.6238806247711182
20_cloudstack,core,0.3,0.012048192771084338,0.012658227848101266,0.9622759222984314,0.5972387790679932,0.5913975238800049
20_cloudstack,engine,0.2403846153846154,0.05,0.01282051282051282,0.9222477078437805,0.6875479221343994,0.6842706799507141
20_cloudstack,framework,0.21818181818181817,0.01098901098901099,0.013333333333333334,0.8869912624359131,0.589126706123352,0.5042975544929504
20_cloudstack,server,0.4523809523809524,0.05333333333333334,0.04054054054054054,0.9673583507537842,0.6795617938041687,0.7240485548973083
20_cloudstack,services,0.15463917525773196,0.0,0.0,0.8350657820701599,0.4832402169704437,0.5758739709854126
20_cloudstack,utils,0.23770491803278687,0.033707865168539325,0.010869565217391304,0.9125396609306335,0.5644052624702454,0.5184649229049683
20_cloudstack,vmware-base,0.18823529411764706,0.04411764705882353,0.03225806451612903,0.8781511783599854,0.6626659035682678,0.7058311104774475
21_tika,tika-app,0.18518518518518517,0.041666666666666664,0.0,0.7947018146514893,0.4296697974205017,0.3936021625995636
21_tika,tika-batch,0.2682926829268293,0.014492753623188406,0.014925373134328358,0.8652971386909485,0.4770737886428833,0.4449971914291382
21_tika,tika-core,0.3563218390804598,0.0125,0.0,0.94467693567276,0.42165443301200867,0.3896602988243103
21_tika,tika-detectors,0.1111111111111111,0.030303030303030304,0.0,0.6211109161376953,0.39910537004470825,0.3335384130477905
21_tika,tika-eval,0.24210526315789474,0.012345679012345678,0.0,0.9196061491966248,0.475312203168869,0.4904446005821228
21_tika,tika-fuzzing,0.06976744186046512,0.0,0.0,0.163590207695961,0.38852766156196594,0.2175062596797943
21_tika,tika-java7,0.21052631578947367,0.0,0.02857142857142857,0.8020424246788025,0.3715566396713257,0.5124111175537109
21_tika,tika-langdetect,0.26666666666666666,0.0,0.0,0.7716514468193054,0.490944504737854,0.523369550704956
21_tika,tika-parsers,0.19607843137254902,0.0,0.0,0.8315061330795288,0.38386571407318115,0.4001457393169403
21_tika,tika-pipes,0.1951219512195122,0.014084507042253521,0.01694915254237288,0.8408992290496826,0.4502914547920227,0.4125590920448303
21_tika,tika-serialization,0.2571428571428571,0.0,0.0,0.7885808348655701,0.2533673942089081,0.3517264127731323
21_tika,tika-server,0.14130434782608695,0.0,0.017543859649122806,0.8860527276992798,0.48604971170425415,0.4913268983364105
21_tika,tika-translate,0.2916666666666667,0.0,0.0,0.6753275990486145,0.5649926662445068,0.33892822265625
21_tika,tika-xmp,0.3076923076923077,0.0,0.0,0.8219766616821289,0.47544845938682556,0.3683411478996277
22_sedona,common,0.25,0.0,0.0,0.919238805770874,0.33072778582572937,0.36478036642074585
22_sedona,core,0.27906976744186046,0.03896103896103896,0.0410958904109589,0.9315751194953918,0.5294442176818848,0.5327807664871216
22_sedona,flink,0.2,0.01639344262295082,0.0,0.7315669059753418,0.4120786786079407,0.3723452687263489
22_sedona,viz,0.125,0.012987012987012988,0.0,0.8542354106903076,0.3968675434589386,0.35963574051856995
23_ctakes,ctakes-assertion,0.0958904109589041,0.0,0.0,0.724165141582489,0.6802115440368652,0.5841100215911865
23_ctakes,ctakes-chunker,0.12903225806451613,0.0,0.0,0.7277854681015015,0.6649042367935181,0.4924328327178955
23_ctakes,ctakes-context-tokenizer,0.12,0.0,0.0,0.6796553730964661,0.6809116005897522,0.587919294834137
23_ctakes,ctakes-core,0.14423076923076922,0.0,0.014492753623188406,0.8589185476303101,0.6096782684326172,0.6581026315689087
23_ctakes,ctakes-coreference,0.0196078431372549,0.0,0.0,0.4252440631389618,0.7180942893028259,0.19032317399978638
23_ctakes,ctakes-dependency-parser,0.0967741935483871,0.0,0.0,0.6895808577537537,0.7040572762489319,0.642116129398346
23_ctakes,ctakes-dictionary-lookup-fast,0.08108108108108109,0.014492753623188406,0.0,0.6905468702316284,0.578917384147644,0.6563402414321899
23_ctakes,ctakes-lvg,0.20588235294117646,0.0,0.03225806451612903,0.5977470278739929,0.6885975003242493,0.6539770364761353
23_ctakes,ctakes-ne-contexts,0.2558139534883721,0.019230769230769232,0.02631578947368421,0.8244524598121643,0.5957022309303284,0.6194506287574768
23_ctakes,ctakes-pos-tagger,0.2545454545454545,0.01694915254237288,0.044444444444444446,0.8719407916069031,0.6528142094612122,0.6511583924293518
23_ctakes,ctakes-preprocessor,0.023809523809523808,0.0,0.0,0.5154425501823425,0.45463207364082336,0.6568611860275269
23_ctakes,ctakes-relation-extractor,0.12962962962962962,0.014492753623188406,0.03571428571428571,0.7048462629318237,0.7055734992027283,0.6517704129219055
23_ctakes,ctakes-temporal,0.203125,0.013888888888888888,0.05,0.8481820225715637,0.722513735294342,0.6440138816833496
23_ctakes,ctakes-utils,0.037037037037037035,0.0,0.0,0.6741416454315186,0.4583592712879181,0.6363167762756348
23_ctakes,ctakes-ytex,0.08163265306122448,0.0,0.0,0.689300000667572,0.667728066444397,0.5824403166770935
23_ctakes,ctakes-ytex-uima,0.10752688172043011,0.014084507042253521,0.045454545454545456,0.7512343525886536,0.5628854632377625,0.7681311368942261
24_commons-beanutils,src,0.3176470588235294,0.0136986301369863,0.014925373134328358,0.9533320069313049,0.3296334445476532,0.3776169419288635
25_tinkerpop,gremlin-annotations,0.2,0.05405405405405406,0.044444444444444446,0.687009871006012,0.44390255212783813,0.5780007243156433
25_tinkerpop,gremlin-archetype,0.2682926829268293,0.01818181818181818,0.05263157894736842,0.8674827218055725,0.6057928800582886,0.5802103877067566
25_tinkerpop,gremlin-console,0.18867924528301888,0.020833333333333332,0.017543859649122806,0.8261793851852417,0.5365282893180847,0.48166242241859436
25_tinkerpop,gremlin-core,0.29411764705882354,0.025,0.010752688172043012,0.9245907664299011,0.41068994998931885,0.43224596977233887
25_tinkerpop,gremlin-driver,0.2808988764044944,0.01282051282051282,0.039473684210526314,0.910709798336029,0.4258600175380707,0.5084805488586426
25_tinkerpop,gremlin-groovy,0.32098765432098764,0.03125,0.036585365853658534,0.9191811084747314,0.585206925868988,0.5937764644622803
25_tinkerpop,gremlin-language,0.225,0.05128205128205128,0.04,0.8264283537864685,0.5482875108718872,0.4621940851211548
25_tinkerpop,gremlin-server,0.2268041237113402,0.02631578947368421,0.024096385542168676,0.9132494330406189,0.4790513515472412,0.4938882291316986
26_karaf-decanter,alerting,0.27586206896551724,0.02857142857142857,0.02127659574468085,0.863681972026825,0.7104823589324951,0.6803058385848999
26_karaf-decanter,appender,0.11764705882352941,0.014285714285714285,0.014492753623188406,0.7384030818939209,0.6345338225364685,0.637417197227478
26_karaf-decanter,collector,0.19736842105263158,0.02857142857142857,0.031746031746031744,0.9216005802154541,0.6979195475578308,0.7120396494865417
26_karaf-decanter,marshaller,0.23333333333333334,0.023255813953488372,0.0,0.8035792112350464,0.5225636959075928,0.41515976190567017
26_karaf-decanter,parser,0.3888888888888889,0.02702702702702703,0.0,0.7806482315063477,0.5450655817985535,0.2893674075603485
26_karaf-decanter,processor,0.23333333333333334,0.023809523809523808,0.05263157894736842,0.8227778673171997,0.7112430930137634,0.6360151767730713
27_myfaces,extensions,0.04285714285714286,0.037037037037037035,0.06451612903225806,0.5380194783210754,0.6067277193069458,0.5284500122070312
27_myfaces,impl,0.2871287128712871,0.023809523809523808,0.03529411764705882,0.9374786615371704,0.6169418692588806,0.6699892282485962
28_hudi,hudi-aws,0.3018867924528302,0.0,0.0,0.8512744307518005,0.5492809414863586,0.44685545563697815
28_hudi,hudi-cli,0.34523809523809523,0.0273972602739726,0.015384615384615385,0.9064701795578003,0.5525993704795837,0.6416423320770264
28_hudi,hudi-client,0.29411764705882354,0.0136986301369863,0.04918032786885246,0.903249979019165,0.5980350375175476,0.5616979002952576
28_hudi,hudi-common,0.39759036144578314,0.0,0.0,0.9648788571357727,0.48689883947372437,0.5131092071533203
28_hudi,hudi-flink-datasource,0.3375,0.0,0.015384615384615385,0.9105528593063354,0.4824175536632538,0.5483317375183105
28_hudi,hudi-gcp,0.2,0.03225806451612903,0.05263157894736842,0.6561053991317749,0.49339935183525085,0.4068388044834137
28_hudi,hudi-hadoop-mr,0.3333333333333333,0.0,0.0,0.9330655336380005,0.5335354804992676,0.5284454822540283
28_hudi,hudi-kafka-connect,0.4444444444444444,0.0,0.0,0.9407802820205688,0.5954195857048035,0.5917902588844299
28_hudi,hudi-platform-service,0.14285714285714285,0.01818181818181818,0.0,0.7358410954475403,0.5029169917106628,0.3973202407360077
28_hudi,hudi-spark-datasource,0.2676056338028169,0.02127659574468085,0.014492753623188406,0.9529650807380676,0.5291656851768494,0.5970886945724487
28_hudi,hudi-sync,0.23655913978494625,0.02666666666666667,0.0,0.8827076554298401,0.5681108236312866,0.6162787675857544
28_hudi,hudi-timeline-service,0.21428571428571427,0.017543859649122806,0.0,0.8842213749885559,0.4980934262275696,0.48218846321105957
28_hudi,hudi-utilities,0.3333333333333333,0.028985507246376812,0.016666666666666666,0.9289231896400452,0.6507011651992798,0.6443791389465332
29_inlong,inlong-agent,0.3010752688172043,0.0,0.0,0.9239515662193298,0.6188967823982239,0.6347583532333374
29_inlong,inlong-audit,0.2876712328767123,0.015625,0.018518518518518517,0.9098290801048279,0.6349372863769531,0.6307823657989502
29_inlong,inlong-common,0.12087912087912088,0.011904761904761904,0.0,0.8747066855430603,0.5796093940734863,0.6458670496940613
29_inlong,inlong-dataproxy,0.3076923076923077,0.0,0.0,0.8398469090461731,0.5921422839164734,0.6658188700675964
29_inlong,inlong-manager,0.32222222222222224,0.04,0.03076923076923077,0.9438790082931519,0.687620997428894,0.7452863454818726
29_inlong,inlong-sdk,0.2222222222222222,0.013333333333333334,0.0,0.8077513575553894,0.6075946688652039,0.6335839629173279
29_inlong,inlong-sort,0.2222222222222222,0.012345679012345678,0.02702702702702703,0.8996531367301941,0.6180336475372314,0.6362694501876831
29_inlong,inlong-sort-standalone,0.2987012987012987,0.0,0.0,0.8771467804908752,0.6525430679321289,0.625514030456543
29_inlong,inlong-tubemq,0.25,0.03076923076923077,0.025974025974025976,0.9344106912612915,0.6445464491844177,0.6949862837791443
30_plc4x,plc4j,0.2037037037037037,0.0,0.011494252873563218,0.9123403429985046,0.4194028079509735,0.3968002498149872
30_plc4x,protocols,0.2857142857142857,0.0,0.0,0.716373085975647,0.5237935781478882,0.5741585493087769
31_turbine-core,src,0.2826086956521739,0.012195121951219513,0.0,0.9542959928512573,0.58301842212677,0.5424228310585022
32_freemarker-docgen,freemarker-docgen-core,0.10256410256410256,0.0,0.0,0.7837326526641846,0.29263541102409363,0.33129987120628357
33_creadur-whisker,apache-whisker-app,0.21428571428571427,0.034482758620689655,0.029411764705882353,0.8365516066551208,0.6702889204025269,0.595154881477356
33_creadur-whisker,apache-whisker-cli,0.12195121951219512,0.0,0.024390243902439025,0.49860554933547974,0.3189794719219208,0.6249443292617798
33_creadur-whisker,apache-whisker-maven-plugin,0.038461538461538464,0.0,0.05454545454545454,0.510920524597168,0.2983987033367157,0.3459750711917877
33_creadur-whisker,apache-whisker-model,0.21739130434782608,0.04,0.043478260869565216,0.64903724193573,0.531963050365448,0.697220504283905
33_creadur-whisker,apache-whisker-velocity,0.2,0.020833333333333332,0.03389830508474576,0.7719119787216187,0.5926746726036072,0.6383267641067505
33_creadur-whisker,apache-whisker-xml,0.21739130434782608,0.045454545454545456,0.038461538461538464,0.8363118171691895,0.4669576585292816,0.5754857659339905
34_maven-jarsigner,src,0.12,0.03508771929824561,0.0,0.7786028981208801,0.45892801880836487,0.41825777292251587
35_maven-shared-io,src,0.3287671232876712,0.0,0.015625,0.9209082126617432,0.5364932417869568,0.5379645824432373
36_jclouds-labs,abiquo,0.21428571428571427,0.024390243902439025,0.0,0.8350439071655273,0.41118115186691284,0.33900514245033264
36_jclouds-labs,aliyun-ecs,0.26666666666666666,0.0,0.02,0.8764364123344421,0.3578034043312073,0.4926958680152893
36_jclouds-labs,cdmi,0.24242424242424243,0.0,0.0,0.8640468120574951,0.2855670750141144,0.3414607048034668
36_jclouds-labs,cloudsigma2,0.21649484536082475,0.014492753623188406,0.015384615384615385,0.9227063059806824,0.56183922290802,0.4713369905948639
36_jclouds-labs,cloudsigma2-hnl,0.18181818181818182,0.06666666666666667,0.0,0.5489668846130371,0.5345873236656189,0.536912739276886
36_jclouds-labs,cloudsigma2-lvs,0.25,0.0625,0.0,0.5764665007591248,0.5325090289115906,0.5278607606887817
36_jclouds-labs,cloudsigma2-mia,0.18181818181818182,0.06666666666666667,0.0,0.5610415935516357,0.5395151972770691,0.5349977016448975
36_jclouds-labs,cloudsigma2-sjc,0.25,0.0625,0.0,0.6322382688522339,0.557459831237793,0.543377697467804
36_jclouds-labs,cloudsigma2-wdc,0.18181818181818182,0.06666666666666667,0.0,0.5763937830924988,0.5528683066368103,0.5431063771247864
36_jclouds-labs,cloudsigma2-zrh,0.18181818181818182,0.06666666666666667,0.0,0.5548328161239624,0.5396808385848999,0.5416531562805176
36_jclouds-labs,dimensiondata,0.3170731707317073,0.0,0.0,0.9065163731575012,0.3571549952030182,0.4517073631286621
36_jclouds-labs,joyent-cloudapi,0.27631578947368424,0.0,0.0,0.931312084197998,0.49283331632614136,0.5192866325378418
36_jclouds-labs,joyentcloud,0.2777777777777778,0.06666666666666667,0.041666666666666664,0.7387901544570923,0.5601768493652344,0.6513299345970154
36_jclouds-labs,oneandone,0.21428571428571427,0.0,0.0,0.8639169335365295,0.4306294023990631,0.5151498317718506
36_jclouds-labs,profitbricks-rest,0.29347826086956524,0.0,0.017241379310344827,0.8935883641242981,0.44544073939323425,0.5325661301612854
36_jclouds-labs,vagrant,0.24193548387096775,0.0,0.023255813953488372,0.9123814105987549,0.4164886176586151,0.5006279945373535
37_creadur-tentacles,src,0.057692307692307696,0.12698412698412698,0.04,0.7357805967330933,0.72747403383255,0.6679876446723938
38_accumulo-classloaders,modules\vfs-class-loader,0.1836734693877551,0.018518518518518517,0.0,0.8979567885398865,0.4607546329498291,0.4589017331600189
39_datasketches-server,src,0.16666666666666666,0.14285714285714285,0.09375,0.6131916642189026,0.871152400970459,0.6187284588813782
40_turbine-archetypes,src,0.3181818181818182,0.034482758620689655,0.022222222222222223,0.8542013764381409,0.6065725088119507,0.6352483034133911
41_asterixdb-graph,asterix-graphix,0.0821917808219178,0.02564102564102564,0.023809523809523808,0.4823008179664612,0.43005454540252686,0.47029584646224976
42_aries-typedevent,org.apache.aries.typedevent.bus,0.2545454545454545,0.06,0.05660377358490566,0.9077029228210449,0.6815230250358582,0.7083971500396729
42_aries-typedevent,org.apache.aries.typedevent.remote,0.23529411764705882,0.08,0.06521739130434782,0.931927502155304,0.7613319754600525,0.7568448781967163
43_cxf-site,src,0.022222222222222223,0.03571428571428571,0.0,0.7019410133361816,0.5343540906906128,0.512519896030426
44_geronimo-metrics,geronimo-metrics,0.21951219512195122,0.038461538461538464,0.0,0.8446366786956787,0.733916699886322,0.6048241257667542
44_geronimo-metrics,geronimo-metrics-common,0.16363636363636364,0.04918032786885246,0.1111111111111111,0.578823447227478,0.7152515053749084,0.7974764704704285
44_geronimo-metrics,geronimo-metrics-extensions,0.13513513513513514,0.03571428571428571,0.030303030303030304,0.6742666959762573,0.7705847024917603,0.5161892175674438
45_archiva-components,expression-evaluator,0.21739130434782608,0.0,0.0,0.7317839860916138,0.20083382725715637,0.09598971158266068
45_archiva-components,graph,0.15625,0.0,0.0,0.8369423151016235,0.30119726061820984,0.20481307804584503
45_archiva-components,spring-apacheds,0.12,0.0,0.0,0.7508730888366699,0.5213435888290405,0.3894715905189514
45_archiva-components,spring-cache,0.06896551724137931,0.0,0.0,0.7395433783531189,0.28046128153800964,0.33029404282569885
45_archiva-components,spring-quartz,0.15217391304347827,0.0,0.0,0.7630565762519836,0.2516767084598541,0.3593749403953552
45_archiva-components,spring-registry,0.17647058823529413,0.0,0.0,0.8792291879653931,0.3301467001438141,0.33093005418777466
45_archiva-components,spring-taskqueue,0.3235294117647059,0.0,0.05405405405405406,0.8696800470352173,0.31866690516471863,0.3849189579486847
