domain,diff
static program analysis,0.00013410666666666127
streaming media,0.000457169999999979
database,0.0005835155555555804
big data,0.0007066592857142562
Web Components,0.0009632165873015852
compiler,0.0011737005555556013
server,0.0012046905555555543
data,0.001682168492063485
distributed database,0.0017268182539682542
recommender system,0.0018545645238095265
information retrieval,0.002785272063492078
social network,0.0029332755555555867
content management system,0.003466990000000003
continuous delivery,0.00382053436507937
backup,0.004030299523809483
logging,0.00424615174603174
distributed computing,0.004254573174603232
code generation,0.0046610106349205815
microservices,0.004746939523809529
automated machine learning,0.005118799841269839
continuous integration,0.005332107222222188
analytics,0.005414403015873009
machine learning,0.005504970714285684
network analysis,0.005712398968254012
sorting algorithm,0.005810159682539673
software architecture,0.006070603809523789
computer configuration,0.00612484261904761
shell tool,0.0062181810317461506
data analysis,0.006296141349206363
database management,0.0066991293650793815
computer data storage,0.006938826269841325
data mining,0.007197200396825393
random forest,0.0072742831746031855
web server,0.007390238650793635
benchmark,0.007975071269841288
graph database,0.008490344523809562
video,0.00869212626984131
web crawler,0.0087520095238095
static program analysis tool,0.009038665555555603
game server,0.00946718444444447
dependency injection,0.009923123015873003
sentiment analysis,0.01013114142857141
penetration test,0.010187336031746014
client,0.010750258650793654
mobile application development,0.010793460634920676
serverless computing,0.01095896928571427
Semantic Web,0.011022759920634978
network monitoring,0.011122654920634883
operating system,0.011231080555555578
question answering,0.011294847857142853
algorithm,0.011515434999999935
Image analysis,0.011535049444444473
computer vision,0.011686559761904775
search,0.012131074206349235
data structure,0.012210087063492081
e-commerce,0.01237494365079364
web scraping,0.012855321825396865
cloud computing,0.013170696111111074
Containerization,0.014390182222222242
knowledge graph,0.014936080317460299
linear regression,0.015372534285714279
synchronization,0.015708759841269904
hyperparameter optimization,0.016137123333333336
object detection,0.016471201587301587
web browser,0.017335587936507968
website,0.017539796746031733
deep neural network,0.017825203412698415
search engine,0.01789935309523813
named-entity recognition,0.01831796753968251
World Wide Web,0.01861031833333332
data visualization,0.018917130793650816
back end,0.019451673968253924
HTTP server,0.019483794444444452
software design pattern,0.019955970793650857
digital security,0.020245482063492054
image recognition,0.020341064523809516
WebSocket,0.020399863333333407
image segmentation,0.020547452380952375
natural language processing,0.020677289047619007
file system,0.021075065000000004
email,0.02117481992063494
reactive programming,0.02119533682539687
command-line interface,0.021235667539682562
text classification,0.0212844456349206
rendering,0.021416278888888918
embedded system,0.0215777169047619
translation,0.021599354920634944
application performance management,0.021667177460317516
data compression,0.02195894325396827
network security,0.02219792674603177
web application,0.02223186801587307
"extract, transform, load",0.022336169444444443
game,0.022475297698412694
mathematical optimization,0.022614909841269876
image,0.02307343642857146
front end,0.02307502587301588
documentation,0.023155346587301562
mathematics,0.023244423650793655
face detection,0.023244623015873045
image editing,0.023300542142857122
text editor,0.024211720714285734
static site generator,0.02492538944444439
test automation,0.025402129920634897
router,0.025473338492063485
time series,0.025847999761904744
automation,0.026177761904761926
long short-term memory,0.026350532063492083
integrated development environment,0.026454082857142902
data science,0.026734951746031715
plot,0.02911421515873011
web development,0.029465939761904758
digital image processing,0.030109641984127022
artificial neural network,0.030426518968253963
File Transfer Protocol,0.030522142063492075
internet bot,0.030606002777777808
reinforcement learning,0.030644471111111127
smart contract,0.03086628611111103
serialization,0.03148895341269839
game engine,0.031592886111111135
validator,0.031604982460317455
audio signal processing,0.031742794285714276
package management system,0.03206276650793649
information processing,0.03216515293650793
language model,0.03236797055555554
encryption,0.03247709650793651
parsing,0.032628909285714325
convolutional neural network,0.03272469095238101
web browser engine,0.0332793011904762
signal processing,0.03355645730158732
web application security,0.03383698158730164
object–relational mapping,0.03396499373015874
regular expression,0.0339804707142857
unit testing,0.03400845277777781
middleware,0.034139576031745944
geographic information system,0.03439014365079365
image compression,0.03500244420634921
banking industry,0.03596988126984127
HTTP client,0.03647107952380954
user interface,0.03663658230158731
DevOps,0.03705787341269842
telecommunications network,0.03782337626984128
support vector machine,0.03787967396825395
pattern matching,0.038254741825396815
web service,0.03837133984126978
cryptography,0.03888834968253968
graphical user interface,0.038950014047619136
facial recognition system,0.039466156190476165
Kalman filter,0.03988930666666665
Parser combinator,0.04042258023809525
security,0.040840017857142835
speech synthesis,0.04093764452380955
instant messaging,0.04094471087301588
password manager,0.04337796404761904
authentication,0.04456603119047617
optical character recognition,0.04552587412698414
stream processing,0.047699833492063554
scheduler,0.05074521277777774
text processing,0.05176975611111112
data binding,0.05357323785714288
software testing,0.06117923825396826
