domain,diff
web application,0.0004916450000000683
password manager,0.0011718166666666863
time series,0.0017237861111111252
command-line interface,0.0018342138888888804
middleware,0.0019662344444444646
embedded system,0.0020041322222222047
image editing,0.0033651605555555797
application performance management,0.003516949444444445
backup,0.003642728333333345
software engineering,0.0038207966666666815
server,0.003838704999999998
network monitoring,0.003887285555555564
big data,0.00414144055555557
machine learning,0.004498111666666665
internet of things,0.0048243688888889025
game engine,0.004942421111111095
home automation,0.004946258888888888
computer graphics,0.004961945555555541
file system,0.005142092222222172
back end,0.0051492038888888425
Web Components,0.005280217777777818
HTTP client,0.005542493888888889
Bayesian inference,0.0056298172222222775
HTTP server,0.006362528333333312
genetic algorithm,0.006933781111111148
image classification,0.007248542777777783
graphical user interface,0.007466584444444424
evolutionary algorithm,0.007475447222222209
data visualization,0.00766198500000001
distributed multimedia communications platform,0.008100545555555533
web server,0.008107508333333346
penetration test,0.008329011111111118
image,0.008607971111111168
logistic regression model,0.008972786666666677
graph algorithm,0.009375864444444465
client,0.00938893111111111
benchmark,0.009593861666666675
unit testing,0.009876748888888898
web application security,0.010225156666666707
continuous integration,0.01039182277777781
test automation,0.01045976277777777
distributed system,0.010468736111111099
artificial intelligence,0.010729331666666647
logging,0.010947326111111155
automation,0.011099905555555567
compiler,0.011400405555555604
microservices,0.011570279444444415
operating system,0.011945398333333301
game,0.012503913888888885
distributed computing,0.012568515000000058
static site generator,0.013773288888888846
content management system,0.014235091666666644
facial recognition system,0.014528905555555555
data science,0.015199877777777815
front end,0.015349545555555622
"extract, transform, load",0.01545491277777783
digital image processing,0.015897645555555562
algorithm,0.016027450000000026
File Transfer Protocol,0.016088038888888934
computer vision,0.016255676666666635
computer configuration,0.0167129738888889
game server,0.016718274444444514
machine translation,0.01682855555555554
scheduler,0.017083328333333314
image recognition,0.017359290555555518
synchronization,0.017508377222222204
language model,0.017524515555555564
streaming media,0.01774598055555557
image segmentation,0.017914974444444454
font,0.01804180444444442
object detection,0.018641106666666657
internet bot,0.018741853333333336
World Wide Web,0.018990724444444496
Semantic Web,0.019541653333333353
website,0.020127544444444506
statistics,0.02051922055555558
cloud computing,0.020836013333333375
network analysis,0.020998027222222215
database management,0.02110127611111115
user interface,0.021227489999999988
recommender system,0.022174346111111104
face detection,0.02265917055555558
telecommunications network,0.022833321666666684
plot,0.023149163333333334
web service,0.02345151944444443
regression analysis,0.02348959500000003
text editor,0.024558750000000074
signal processing,0.02582798722222221
instant messaging,0.026262282777777812
static program analysis,0.02667828777777778
email,0.02704385777777782
package management system,0.02707088833333335
serialization,0.02733257777777781
software testing,0.02775411777777781
encryption,0.02919215222222224
interpreter,0.029361901111111144
data analysis,0.02942489055555561
security,0.02944966888888892
integrated development environment,0.02964617222222221
mathematics,0.029998416111111065
validator,0.03018679055555551
image captioning,0.031294127222222246
code generation,0.03134006111111115
stock market,0.031953221111111124
Kalman filter,0.032265104444444415
data,0.03330094055555563
support vector machine,0.03501873111111109
linear regression,0.035250666666666625
optical character recognition,0.03561608111111114
data compression,0.036205029444444425
natural language processing,0.0372567327777778
database,0.03826210888888895
word embedding,0.038605125555555536
text mining,0.04007134833333334
sorting algorithm,0.040567823888888854
object–relational mapping,0.040948653333333335
geographic information system,0.041153588333333324
data structure,0.042103756111111085
web development,0.04344939888888891
text classification,0.0458995472222222
named-entity recognition,0.04742191833333334
regular expression,0.04814240944444445
DevOps,0.04922954833333332
information processing,0.05258906388888884
stream processing,0.054299396666666694
text processing,0.05854099499999993
pattern matching,0.05874372444444442
Parser combinator,0.05965549999999997
parsing,0.06720601611111113
data binding,0.0709478844444443
