domain,diff
data binding,0.00019488666666661603
server,0.002260221111111127
middleware,0.0026465816666666475
stream processing,0.004119832777777749
web server,0.00435846055555561
web browser,0.004435968333333373
telecommunications network,0.004436081666666647
analytics,0.004482739444444467
scheduler,0.004523194444444462
pattern matching,0.004635293333333346
neural network,0.004703432777777766
web crawler,0.006407144444444485
validator,0.006571774999999946
automation,0.00736834944444445
test automation,0.007482751111111102
cloud computing,0.008025159999999976
signal processing,0.00845473722222223
web application security,0.008678464999999969
artificial neural network,0.00913902777777778
data compression,0.009180223333333293
text processing,0.009363101111111133
network monitoring,0.010256576666666656
linear algebra,0.010560037222222235
web service,0.010746281111111089
client,0.011807006111111129
serialization,0.013689173888888906
logging,0.013940313333333315
hyperparameter optimization,0.014368601111111129
big data,0.015030675555555595
application performance management,0.015266270555555572
linear regression,0.016171634444444416
HTTP server,0.016559062777777744
embedded system,0.017212610555555563
reactive programming,0.017431565000000038
language model,0.017477103888888845
instant messaging,0.017831598333333337
File Transfer Protocol,0.01788528333333339
audio signal processing,0.018067897777777786
web application,0.018583670555555543
regular expression,0.018641238333333338
object detection,0.01921932611111113
Web Components,0.019435946111111102
artificial intelligence,0.02015904333333335
security,0.02151298944444452
streaming media,0.02170294388888891
command-line interface,0.02303681555555559
World Wide Web,0.023157417222222254
data structure,0.023258631666666696
recommender system,0.023274164444444467
website,0.023298557777777812
data,0.024162653888888858
HTTP client,0.02500822055555557
functional programming,0.025026882222222213
user interface,0.027470675000000055
syntax highlighting,0.027779749999999964
password manager,0.028023941111111117
continuous integration,0.02855814388888883
object–relational mapping,0.02873126000000001
random forest,0.02981057500000006
distributed multimedia communications platform,0.03023047833333331
distributed computing,0.03153516222222219
Semantic Web,0.03409551555555551
WebSocket,0.03472583222222225
microservices,0.03531345444444445
machine learning,0.03537213999999997
automated machine learning,0.03596168888888887
dependency injection,0.037400748333333345
computational science,0.039584789444444435
database,0.04032415888888882
geographic information system,0.04042542555555553
DevOps,0.041517676666666614
game engine,0.04315262444444448
documentation,0.04436674555555559
compiler,0.04468531999999997
graphical user interface,0.045256488333333345
content management system,0.04649432944444448
software testing,0.04689821777777775
code generation,0.05243050166666663
file system,0.05689748333333333
authentication,0.058379412777777806
Containerization,0.06647525833333337
package management system,0.06721894777777779
