domain,diff
analytics,0.00014842749999999238
geometry,0.00022943562499999626
bitcoin,0.00036938749999998466
web server,0.0005736350000000168
data structure,0.0008301868749999997
anomaly detection,0.0011653118749999913
penetration test,0.0014703581250000153
game server,0.001536313750000018
logging,0.002288027499999984
internet of things,0.0026150575000000176
network security,0.002720114999999995
plot,0.002941911875000036
image,0.0034459174999999787
search engine,0.0036588662500000035
pattern matching,0.0038193406250000284
security,0.0039010675000000217
rendering,0.004124559999999972
time series,0.0042779831249999956
data binding,0.004674800625000031
backup,0.004833818125
back end,0.005028820624999986
graph database,0.0050854250000000045
face detection,0.005139902500000015
HTTP server,0.005347640625000094
web service,0.005352937499999988
support vector machine,0.005656634374999997
stream processing,0.005764293750000066
banking industry,0.00581947187500001
automation,0.0060009818750000055
image segmentation,0.006196981875000035
linear regression,0.006231461874999983
application performance management,0.006799971874999977
geographic information,0.007153523749999974
algorithm,0.007182896250000015
cloud computing,0.007221923125000029
image captioning,0.007281666249999957
object detection,0.0073166156250000225
serialization,0.007490472499999956
genetic algorithm,0.007510155000000018
web crawler,0.007570613124999986
web browser,0.007916196875000031
image recognition,0.008152913750000018
network analysis,0.008223704999999998
text classification,0.00848502312499999
server,0.008743556875000003
data mining,0.008756703124999987
geographic information system,0.009078200625000032
object–relational mapping,0.009391657499999984
regular expression,0.009414065000000027
data,0.009548948749999953
embedded system,0.00964833625
data compression,0.009754141874999983
World Wide Web,0.009779856874999993
sentiment analysis,0.009987106875000012
computer data storage,0.010036548124999989
text processing,0.010229356874999984
image compression,0.010241460000000036
test automation,0.01037597937500001
cluster analysis,0.010593691250000009
telecommunications network,0.01086947937499999
information extraction,0.01173335187500002
front end,0.01180232375000001
password manager,0.011802721250000009
augmented reality,0.012282765624999997
static site generator,0.012313121250000003
big data,0.012586187500000012
web scraping,0.01259400500000002
data visualization,0.012752658124999983
distributed computing,0.013683775625000005
web browser engine,0.01382736937500001
HTTP client,0.014155030000000013
regression analysis,0.014335960625000033
middleware,0.014584548124999985
deep learning,0.014593084374999982
instant messaging,0.015042938124999988
email,0.015207389374999991
text mining,0.015797651250000017
reactive programming,0.016115201874999985
image classification,0.016254445000000006
internet bot,0.016315616249999998
WebSocket,0.01697441437499997
distributed multimedia communications platform,0.017028505
validator,0.01741304687499995
website,0.017973934375
semi-supervised learning,0.01804850874999997
search,0.01809766562500001
Image analysis,0.01814488187500002
signal processing,0.018201613750000012
language model,0.018723951874999922
client,0.018911655625000023
recommender system,0.01907063375000001
information retrieval,0.01959083249999996
Web Components,0.020952777499999964
facial recognition system,0.020953514999999978
shell tool,0.021204688749999923
web application security,0.023429571875
artificial intelligence,0.02348915500000004
data science,0.02377249437500001
digital image processing,0.023973219999999962
word embedding,0.02439386125000001
streaming media,0.02478475499999999
unit testing,0.025073838749999994
image editing,0.026322281874999964
computer vision,0.026705676874999973
web application,0.027241459999999995
mobile application development,0.027417646249999955
command-line interface,0.027564910625000022
blockchain,0.027791648125000012
encryption,0.02826600249999997
text editor,0.02849735624999994
user interface,0.028821134999999998
smart contract,0.028834244374999984
database,0.02931772499999996
audio signal processing,0.029357011875000005
continuous integration,0.030325471250000013
machine learning,0.03134368874999996
graphical user interface,0.032086051250000025
game engine,0.03410364187499998
computational science,0.034285868749999976
DevOps,0.03544595374999998
microservices,0.03689583875000002
Semantic Web,0.038249943750000015
File Transfer Protocol,0.039916618125000025
compiler,0.04615017437500002
functional programming,0.04711676874999998
code generation,0.047301576875
file system,0.048540721875
dependency injection,0.051632755625
content management system,0.055056168125
software testing,0.05848085562500002
Containerization,0.06040591125
package management system,0.07011981812499998
software development,0.074583509375
