domain,diff
scheduler,0.00022114111111107282
HTTP client,0.0002931299999999193
streaming media,0.0003078883333333393
application performance management,0.0003383755555556034
support vector machine,0.0004456077777777734
back end,0.0004834038888888448
web scraping,0.0006343838888888953
analytics,0.0007067494444444322
Containerization,0.0011298077777777693
text processing,0.0011373327777777498
reactive programming,0.0011649438888889363
linear regression,0.0011808238888888767
command-line interface,0.0015739999999999643
front end,0.001814913888888825
language model,0.0019716822222222707
information retrieval,0.002344921666666694
web server,0.0025153205555555336
business dashboard,0.0027868477777777956
geographic information system,0.002962724444444398
security,0.0029766727777777446
linear algebra,0.003062305000000043
embedded system,0.0031952816666666883
data analysis,0.0035210916666666703
object detection,0.004175651111111123
automation,0.004778953333333308
text classification,0.004933123333333345
sentiment analysis,0.005278686111111097
middleware,0.0054246766666666835
World Wide Web,0.005749849444444455
data compression,0.006125898333333324
image,0.0068017144444444955
password manager,0.0070463477777777395
data,0.007190872777777857
computer data storage,0.0075349611111110715
Semantic Web,0.00765641888888885
HTTP server,0.007796757777777774
web crawler,0.007870093333333356
logging,0.007967549444444472
server,0.008119593888888832
Web Components,0.008509979999999973
information extraction,0.009088033888888902
test automation,0.009095153333333328
search,0.009158117222222206
data structure,0.009546778888888885
word embedding,0.010243368333333336
pattern matching,0.01057260666666665
network monitoring,0.011208687222222236
web application security,0.011547666666666678
data visualization,0.011768295000000012
deep learning,0.011978150555555567
telecommunications network,0.01215025833333333
web service,0.012763387777777746
validator,0.012796681111111097
user interface,0.012958767777777769
continuous integration,0.01326740500000001
web browser engine,0.013404209999999972
client,0.013671331666666675
big data,0.013753992777777835
penetration test,0.01393245500000001
text editor,0.014260777222222187
algorithm,0.014271258333333342
artificial intelligence,0.01438775166666667
authentication,0.014398595555555532
regular expression,0.014557012777777767
data science,0.014982516111111094
distributed system,0.015118639999999989
stream processing,0.015190813888888877
database management,0.015344341111111132
object–relational mapping,0.015556673333333354
graph database,0.016644294999999976
graphical user interface,0.01747339944444437
cloud computing,0.01750668055555557
instant messaging,0.018164294999999997
object-oriented programming,0.01880554999999995
database,0.018908919999999996
machine learning,0.019180569999999952
dependency injection,0.019658737222222222
website,0.02005861166666667
unit testing,0.020353491666666668
WebSocket,0.020395512222222245
DevOps,0.021473952777777777
web application,0.02167507111111111
content management system,0.022204547222222204
distributed computing,0.02263767666666669
File Transfer Protocol,0.023145197777777737
augmented reality,0.024290913888888876
compiler,0.02702149444444435
game engine,0.02964182666666665
functional programming,0.030951027777777806
microservices,0.030979798333333308
documentation,0.03190635722222224
package management system,0.032195056666666666
data binding,0.03248355611111109
file system,0.03670552722222217
software testing,0.048720461666666715
