domain,diff
data visualization,3.928812500000878e-05
simulation,0.00018587937500000318
Parser combinator,0.000277980000000011
cloud computing,0.00031182937500001673
embedded system,0.00040767312500000763
backup,0.0004513437499999995
pattern matching,0.0004848687499999782
artificial neural network,0.0005105899999999497
automation,0.0007447387500000013
text classification,0.0009536593749999711
linear regression,0.001119465000000014
deep learning,0.0011288118750000242
text mining,0.001318425000000012
algorithm,0.0018830612499999844
web service,0.0022106449999999556
distributed system,0.002326949374999998
test automation,0.0028944218749999973
mathematical optimization,0.0035413549999999683
synchronization,0.003997102500000016
algorithmic trading,0.004095898749999993
HTTP server,0.004240326874999978
serialization,0.004423118125000014
regular expression,0.0044580399999999964
back end,0.00455189625000002
question answering,0.004760725000000021
game server,0.004815958750000016
reinforcement learning,0.0050728156250000045
World Wide Web,0.005276196874999972
object–relational mapping,0.005346561249999993
regression analysis,0.005514818125000043
web scraping,0.00553316312499999
support vector machine,0.006550218750000003
natural language,0.006670372499999994
text processing,0.006974513124999998
linear algebra,0.007021561250000002
distributed computing,0.007083553124999975
distributed database,0.007129232499999999
graph database,0.007399320000000015
object detection,0.007506176249999996
application performance management,0.007540803124999995
instant messaging,0.007570751874999976
language model,0.00757246312500004
bitcoin,0.007748045625000033
neural network,0.008065631875000007
streaming media,0.008270822499999997
data analysis,0.008284940000000018
web server,0.008461071875000004
database,0.008476555624999993
signal processing,0.008630296874999999
deep neural network,0.008770218750000003
sorting algorithm,0.008858998749999986
data science,0.00892082562499999
hyperparameter optimization,0.008925061250000005
random forest,0.009011359375000028
penetration test,0.009348021250000005
network security,0.009387964999999998
password manager,0.00945745749999996
sentiment analysis,0.009471858750000034
neural machine translation,0.009606080624999985
continuous delivery,0.00987873125000005
data compression,0.010247300625000011
security,0.010312930000000026
stream processing,0.010473952499999994
front end,0.011024628749999987
machine translation,0.011137543124999955
telecommunications network,0.011454058125000027
unit testing,0.011642786249999981
web crawler,0.011864513124999976
web browser engine,0.012009031249999969
internet bot,0.01231828375000002
reactive programming,0.012339578125000028
design,0.012511040624999997
face detection,0.012625140625000031
image recognition,0.012740238749999994
word embedding,0.012992303124999993
natural language processing,0.01302936875000002
email,0.013146239374999952
computer benchmarking,0.013389396874999987
file system,0.013390058750000045
big data,0.013567263124999951
electronic trading platform,0.013855971250000043
stock market,0.014100632500000015
mathematical finance,0.01418324062500001
distributed multimedia communications platform,0.014651352500000048
static site generator,0.014660690000000032
data,0.015143631875000008
HTTP client,0.01517309499999997
computer science,0.015320656875000005
virtual reality,0.015378636250000022
continuous integration,0.015404929999999983
artificial intelligence,0.015513942500000016
finance,0.01568793874999999
statistics,0.015708849375
WebSocket,0.015965156874999942
computer data storage,0.016009614999999977
blockchain,0.016111256249999983
analytics,0.01628409687499996
data binding,0.016847083750000047
virtual machine,0.016897443125000022
network analysis,0.017136048124999997
website,0.017192591874999996
geographic information system,0.017514393750000024
recommender system,0.017889222500000024
time series,0.018247809375000007
audio signal processing,0.01886634750000002
operating system,0.019672128749999962
long short-term memory,0.019949784374999974
data structure,0.019988242499999948
machine learning,0.020690080624999996
digital security,0.021064423124999954
server,0.02106843125000002
client,0.02196904750000006
genomics,0.022277776875000016
authentication,0.023567086874999976
automated machine learning,0.023933165625000002
cryptocurrency,0.024162316250000065
digital image processing,0.024290671250000007
text editor,0.02430450875000001
facial recognition system,0.024404538749999982
smart contract,0.024599245624999988
logging,0.024757725000000008
user interface,0.025421093750000012
command-line interface,0.025464344999999944
computational science,0.025479166249999963
web application security,0.025579047500000035
DevOps,0.026198611249999948
validator,0.02631530874999996
Web Components,0.026332030625000002
digital audio,0.026557359375000034
File Transfer Protocol,0.027003045000000003
game engine,0.028625127499999986
mobile application development,0.028743397499999934
computer vision,0.029040987500000004
graphical user interface,0.030049983125000013
web application,0.03053285
microservices,0.031807954375
router,0.03483651687499997
compiler,0.03761522062499997
object-oriented programming,0.038706134375000006
functional programming,0.039066629374999995
content management system,0.03954563500000002
network monitoring,0.04032062
code generation,0.04190191562500001
documentation,0.04312716500000002
Containerization,0.04890954687499999
software testing,0.05078674812500003
dependency injection,0.052426735625000026
package management system,0.05860596999999998
