domain,diff
design,0.0009294150000000445
application performance management,0.0009382950000000334
validator,0.004389814999999964
web service,0.004995254999999976
cluster analysis,0.006720700000000024
instant messaging,0.007190909999999995
microservices,0.007897299999999996
database,0.009810879999999966
server,0.010502459999999963
website,0.012400200000000028
big data,0.012601964999999965
content management system,0.013765929999999982
test automation,0.014086109999999985
Semantic Web,0.014358664999999993
telecommunications network,0.014385900000000007
web server,0.01440714500000001
shell tool,0.014738454999999984
World Wide Web,0.01499375
network analysis,0.015481909999999988
penetration test,0.01650161499999997
object-oriented programming,0.019800579999999957
continuous integration,0.019804525000000017
Web Components,0.022650375
unit testing,0.02342533999999996
documentation,0.025620190000000043
package management system,0.027075820000000028
security,0.027473390000000014
user interface,0.031302885
object–relational mapping,0.03547244999999999
web application,0.035969614999999955
support vector machine,0.04128172999999999
web application security,0.04203630999999999
game engine,0.04410739999999999
software development,0.04802137500000003
command-line interface,0.050216734999999985
graphical user interface,0.05146535000000002
software testing,0.051646075000000013
cloud computing,0.05209268499999997
