domain,diff
design,0.0010349791666666719
website,0.0036601333333333708
server,0.003699883333333348
application performance management,0.007244608333333347
content management system,0.007276409166666664
cluster analysis,0.007645761666666695
database,0.007983794166666669
instant messaging,0.008139150833333303
telecommunications network,0.008148094166666703
network analysis,0.008238217500000006
World Wide Web,0.008679009999999987
validator,0.009366770000000024
web service,0.010486814999999983
object–relational mapping,0.011322804166666645
Semantic Web,0.013534469166666674
test automation,0.014042407499999965
microservices,0.014833986666666688
penetration test,0.015340780000000026
continuous integration,0.015858180833333346
security,0.016940612500000035
big data,0.018658165833333323
web server,0.024298287500000043
shell tool,0.025477655833333335
Web Components,0.02586906499999997
documentation,0.02838983750000007
package management system,0.029131185833333295
game engine,0.030420661666666682
cloud computing,0.03353753833333334
user interface,0.03797667666666665
support vector machine,0.04011500833333334
web application security,0.04032022166666663
web application,0.04064565000000003
unit testing,0.04169726749999997
graphical user interface,0.04803383416666673
software development,0.05417960833333335
object-oriented programming,0.05703029000000001
software testing,0.05932170750000007
command-line interface,0.0613903333333333
