domain,diff
validator,0.00036388500000000823
instant messaging,0.001453984999999991
database,0.0027440200000000137
web service,0.004951325000000006
server,0.0053793600000000275
website,0.005535900000000038
World Wide Web,0.0063618799999999864
content management system,0.006680599999999981
microservices,0.0073165000000000036
design,0.007428749999999984
application performance management,0.00758097499999999
cluster analysis,0.007622020000000007
network analysis,0.008976800000000007
Semantic Web,0.010452550000000005
Web Components,0.010771155000000032
test automation,0.011324184999999987
continuous integration,0.012096800000000019
telecommunications network,0.012391840000000015
shell tool,0.012665050000000011
web server,0.013328585000000004
penetration test,0.013499820000000023
security,0.017102855
big data,0.019082849999999985
package management system,0.01937532000000003
documentation,0.022715835000000018
support vector machine,0.024949660000000012
web application,0.026577799999999985
object-oriented programming,0.026809329999999965
unit testing,0.02688092000000003
web application security,0.027420550000000016
object–relational mapping,0.02944042500000002
user interface,0.03208528500000002
game engine,0.034918170000000054
software development,0.03836009000000001
software testing,0.043192320000000006
graphical user interface,0.04862517999999999
cloud computing,0.05208766499999995
command-line interface,0.05298143500000002
