domain,diff
content management system,4.853333333332266e-05
web service,8.065166666670898e-05
cluster analysis,0.0028164850000000075
validator,0.0033246958333333354
design,0.0038663599999999576
Web Components,0.005058673333333374
instant messaging,0.005238792499999978
database,0.005624322500000001
website,0.007376839999999996
continuous integration,0.007673916666666725
application performance management,0.007952054166666611
microservices,0.007976730833333279
Semantic Web,0.011663304166666721
network analysis,0.011673763333333309
unit testing,0.012433964166666645
server,0.012515520833333321
support vector machine,0.01311219999999999
security,0.01359769583333334
test automation,0.01431363916666667
penetration test,0.014447200833333257
telecommunications network,0.014729493333333371
documentation,0.016740139166666668
package management system,0.01686628750000002
web server,0.01751352833333336
shell tool,0.018508798333333354
object-oriented programming,0.01854412666666666
big data,0.020167575833333312
World Wide Web,0.021035095833333267
software development,0.027323899166666665
web application security,0.027920558333333317
software testing,0.029594609166666674
web application,0.03220142333333331
user interface,0.03377747666666664
game engine,0.034699919166666676
object–relational mapping,0.03524318333333332
graphical user interface,0.04209429083333338
cloud computing,0.05074792916666665
command-line interface,0.051086201666666636
