domain,diff
content management system,1.4300000000244673e-06
database,0.0005838850000000062
Semantic Web,0.0010577999999999976
cluster analysis,0.0010987100000000305
validator,0.0011936149999999812
instant messaging,0.0015726050000000047
application performance management,0.0016646750000000043
telecommunications network,0.0017861150000000048
website,0.0035061499999999857
network analysis,0.004453769999999996
World Wide Web,0.004694850000000028
web service,0.005549674999999976
server,0.006069209999999964
shell tool,0.006601244999999978
Web Components,0.007420375000000035
design,0.007626250000000001
web server,0.007865970000000028
microservices,0.009861180000000025
test automation,0.01324603499999999
penetration test,0.015177589999999963
unit testing,0.01531205999999996
continuous integration,0.016159570000000012
big data,0.01796497999999999
security,0.018651145000000008
user interface,0.021448469999999997
documentation,0.022252820000000006
support vector machine,0.024077359999999992
package management system,0.024709399999999992
web application,0.026525560000000004
game engine,0.027425789999999978
object-oriented programming,0.02814730999999998
object–relational mapping,0.034484584999999957
web application security,0.03455582999999998
graphical user interface,0.036815345
software development,0.039625575000000024
cloud computing,0.04305788499999996
software testing,0.04463937000000001
command-line interface,0.05068540499999999
