domain,diff
application performance management,0.0002647749999999949
Semantic Web,0.0019038299999999952
website,0.002671599999999996
database,0.005924470000000015
cluster analysis,0.006518300000000032
server,0.00703360999999994
web service,0.008059625000000015
microservices,0.008638250000000014
continuous integration,0.008962700000000046
instant messaging,0.009057745000000006
support vector machine,0.009836810000000001
design,0.010792969999999957
validator,0.011619185000000032
network analysis,0.012508450000000004
security,0.012956860000000014
content management system,0.013554049999999984
shell tool,0.013993270000000002
test automation,0.014794234999999989
telecommunications network,0.015171635000000017
penetration test,0.01595801999999996
Web Components,0.017025575000000015
unit testing,0.01735190999999997
big data,0.021021329999999977
World Wide Web,0.024506
documentation,0.026156270000000037
package management system,0.027328620000000026
web server,0.029589220000000027
object-oriented programming,0.03078527999999997
game engine,0.032522465
user interface,0.034280809999999995
object–relational mapping,0.036657619999999946
web application security,0.03856203
web application,0.039704295
software development,0.04029694500000003
software testing,0.045774020000000026
cloud computing,0.04674798499999999
graphical user interface,0.04967719500000001
command-line interface,0.06465871999999998
