domain,diff
user interface,0.00010125458333337667
regular expression,0.00013610152777779327
computer configuration,0.0005973131944444765
computer data storage,0.000675657499999982
website,0.000898709513888929
data compression,0.0027326138888888463
web application security,0.003358954930555491
client,0.003956882708333387
smart contract,0.004096222777777769
web application,0.004261367708333408
object detection,0.004588735555555584
backup,0.004765864583333307
pattern matching,0.004879592638888874
algorithm,0.005385654097222248
face detection,0.005479952430555574
package management system,0.006003512222222174
server,0.006007603819444429
HTTP server,0.006024165208333432
game server,0.006270147291666611
unit testing,0.006582538194444487
"extract, transform, load",0.007033171875000077
instant messaging,0.007313809236111135
data binding,0.007513147083333338
computer vision,0.007810106458333327
shell tool,0.00809992333333337
e-commerce,0.00828620888888884
information retrieval,0.008295233263888868
mobile application development,0.008502129791666702
graphical user interface,0.008583447708333358
continuous deployment,0.008589987847222202
content management system,0.009123474166666645
language model,0.009214973819444361
embedded system,0.009575323819444481
image recognition,0.009716486597222268
automation,0.009863507083333334
data structure,0.011770538263888936
network security,0.01212273180555562
benchmark,0.01222332499999998
application performance management,0.012984359583333327
blockchain,0.012996285138888841
World Wide Web,0.01325583597222224
neural network,0.01341864930555553
web server,0.013632699166666706
cluster analysis,0.013791167430555584
penetration test,0.014071589652777772
test automation,0.014234011041666661
deep neural network,0.014391446249999995
data,0.014554316111111132
facial recognition system,0.01575534611111115
database,0.01608696111111113
text classification,0.016236986388888958
information processing,0.01773034472222229
geographic information,0.018973736805555558
information extraction,0.019329165416666683
software testing,0.02002106715277771
web service,0.020229528402777808
data analysis,0.021643192777777737
logging,0.022175784513888908
password manager,0.02258278972222222
continuous integration,0.023036798263888852
file system,0.023420918055555573
operating system,0.024389804027777767
Web Components,0.02441713888888894
web development,0.02502260430555564
static program analysis,0.02508554881944458
static program analysis tool,0.0254586817361111
geographic information system,0.025562401180555555
big data,0.026813619930555588
graph database,0.027002826944444336
text mining,0.027228965555555484
web browser engine,0.02778031298611114
back end,0.029649844166666717
security,0.02996448562500001
microservices,0.030141898819444374
text processing,0.030321134861111126
File Transfer Protocol,0.030714884791666563
object–relational mapping,0.0319364553472222
integrated development environment,0.03211340993055556
business dashboard,0.03257931395833341
analytics,0.038687838680555614
stream processing,0.04283805854166667
