domain,diff
text processing,9.206833333333386e-05
data science,0.00017650749999997828
sentiment analysis,0.0002361341666666794
website,0.00029545749999998483
penetration test,0.0003606108333333302
database management,0.0004415216666666666
web browser engine,0.0005403983333333029
support vector machine,0.0005666900000000363
security,0.0008870775000000553
continuous delivery,0.00106506916666671
continuous integration,0.001155478333333293
virtual machine,0.001230225833333376
text classification,0.0012958724999999893
artificial neural network,0.0013592749999999654
test automation,0.0014687849999999725
hyperparameter optimization,0.001749201666666672
linear regression,0.0017526908333333202
linear algebra,0.001973448333333322
embedded system,0.0020814091666666312
computer science,0.002112064166666705
bitcoin,0.002150923333333332
web service,0.0024392016666666128
reinforcement learning,0.002489144166666679
database,0.0025537916666666383
pattern matching,0.002588719999999961
distributed multimedia communications platform,0.0026275166666666627
data compression,0.0026763866666666414
DevOps,0.002676871666666636
genetic algorithm,0.00277122833333332
Web Components,0.0028694566666667143
cluster analysis,0.0032580424999999746
front end,0.003315200000000018
Bayesian inference,0.0033831783333333476
streaming media,0.004059383333333333
machine translation,0.004126707499999965
plot,0.004142360833333331
signal processing,0.0041473233333333415
algorithm,0.004425561666666633
language model,0.004782883333333265
data analysis,0.004889612500000029
static site generator,0.0053097858333333026
information retrieval,0.005586124999999997
augmented reality,0.00559659666666662
robotics,0.00594258083333335
Q-learning,0.006347648333333317
automation,0.006511140000000026
back end,0.00660344749999997
search engine,0.00673682916666668
data,0.007067430000000041
World Wide Web,0.007216193333333343
sorting algorithm,0.007247041666666676
random forest,0.007648573333333325
blockchain,0.007676210000000017
artificial intelligence,0.007711726666666668
image captioning,0.007722864999999968
object–relational mapping,0.007808011666666642
neural network,0.008087370833333357
deep learning,0.008258321666666651
computational science,0.008412099166666659
regular expression,0.009125763333333342
geographic information system,0.009456610833333323
Semantic Web,0.009480943333333325
object detection,0.00949597249999995
video,0.00959823500000001
data mining,0.010391815000000026
image,0.011047132499999945
computer data storage,0.011377310833333265
unit testing,0.012131473333333337
information processing,0.012205244166666657
recommender system,0.0127135575
distributed computing,0.013552391666666663
instant messaging,0.013803968333333305
client,0.013900233333333345
password manager,0.014291400833333329
data structure,0.014492494166666675
data binding,0.014506882499999985
validator,0.0145410083333333
data visualization,0.014880939166666662
kernel,0.015319134999999956
web application security,0.0154694041666667
application performance management,0.015558413333333299
static program analysis,0.01564321333333335
time series,0.01574496916666665
audio signal processing,0.01580108666666663
machine learning,0.01607309833333334
user interface,0.016092560833333325
HTTP client,0.016381515833333304
parsing,0.016463801666666722
email,0.016545903333333306
game server,0.01666317749999996
HTTP server,0.01693654416666668
authentication,0.017110199999999964
distributed system,0.01723454916666667
long short-term memory,0.018552760833333348
automated machine learning,0.018600078333333325
operating system,0.018694361666666603
stream processing,0.018980417500000013
business dashboard,0.019061451666666618
internet bot,0.019100124999999996
web crawler,0.019482575833333293
big data,0.01983165833333328
rendering,0.0203023175
logging,0.020828284166666655
game engine,0.020946790833333367
search,0.021225144166666626
graph database,0.021430065833333317
text editor,0.02157955249999996
graphical user interface,0.022054183333333366
web application,0.022173219166666647
Kalman filter,0.022532357500000016
cloud computing,0.022949157499999984
smart contract,0.024317416666666702
compiler,0.024423556666666624
content management system,0.024453808333333327
microservices,0.024711025833333344
command-line interface,0.025001913333333348
static program analysis tool,0.02511025250000004
telecommunications network,0.026719661666666672
file system,0.02737408083333337
code generation,0.028589493333333327
Containerization,0.028841872500000088
functional programming,0.029352585833333278
graph algorithm,0.030029909999999993
File Transfer Protocol,0.030305395000000013
network analysis,0.030678610833333342
web server,0.031495689999999965
digital audio,0.03343077750000001
computer configuration,0.03724585166666672
documentation,0.03803131083333333
server,0.039543463333333306
dependency injection,0.04227698916666667
routing,0.048576265000000035
software testing,0.04968210916666668
package management system,0.050360841666666656
software development,0.057984651666666664
network monitoring,0.05842562416666666
