domain,diff
artificial neural network,0.0002826278571428642
web crawler,0.0003030871428571502
web service,0.0003846049999999823
language model,0.0005537692857142673
security,0.0007835885714285729
password manager,0.0010411228571428621
penetration test,0.0010688571428571492
internet bot,0.0010773864285714418
random forest,0.00126397857142857
middleware,0.001426289285714255
test automation,0.0015843928571428467
search engine,0.0017878192857142816
neural machine translation,0.0018852714285714223
facial recognition system,0.002026557142857127
instant messaging,0.0022654621428571386
geographic information system,0.002469037857142864
continuous integration,0.0024895199999999673
rendering,0.0026020900000000013
signal processing,0.002617412142857156
support vector machine,0.002908749285714274
linear regression,0.0031526771428571354
text classification,0.0032758278571428656
sentiment analysis,0.0033046792857142626
back end,0.00331014928571427
virtual machine,0.004078523571428572
face detection,0.0041028700000000085
game server,0.004176307142857161
hyperparameter optimization,0.004344660714285714
application performance management,0.004520452142857123
regular expression,0.004612074999999993
WebSocket,0.004622472142857104
regression analysis,0.005146170714285747
file system,0.005589692857142836
linear algebra,0.005720236428571418
artificial intelligence,0.005801021428571473
information retrieval,0.005920540714285744
stream processing,0.006280397857142822
Parser combinator,0.0063259428571428855
digital image processing,0.006436817857142868
machine learning,0.0066690914285714165
text mining,0.007081499285714249
automated machine learning,0.007111391428571395
plot,0.007157662857142838
computational science,0.007292291428571407
serialization,0.007475476428571437
web scraping,0.007599487142857103
augmented reality,0.007692546428571395
object detection,0.00787143857142858
machine translation,0.008510891428571449
image recognition,0.008680726428571456
pattern matching,0.00891022928571425
World Wide Web,0.008969871428571391
recommender system,0.009387349285714303
web server,0.009477290714285658
computer vision,0.00951166285714286
database,0.009718522857142864
network analysis,0.009753404285714307
neural network,0.010467610714285674
telecommunications network,0.011060145714285707
automation,0.0111971557142857
website,0.011233687857142849
embedded system,0.011902147142857145
internet of things,0.012841400714285772
audio signal processing,0.012911304999999984
data science,0.01302002857142856
static site generator,0.01329324000000004
HTTP server,0.013417677857142873
shell tool,0.014030380714285723
authentication,0.014465193571428586
DevOps,0.01544002785714288
business dashboard,0.015615478571428532
deep learning,0.016195282857142862
smart contract,0.016286949999999967
Semantic Web,0.01633037357142858
web browser engine,0.01651348857142859
cluster analysis,0.01672952428571428
data analysis,0.017796092142857184
data mining,0.01796917071428572
serverless computing,0.01797344571428572
user interface,0.01800970928571427
data visualization,0.01810329142857145
object–relational mapping,0.01850546999999997
data compression,0.018593610000000038
distributed computing,0.018647469285714313
Malware Analysis,0.018928511428571465
unit testing,0.020273375000000038
validator,0.02098011071428571
Kalman filter,0.021902080714285704
microservices,0.022288370714285688
deep neural network,0.02342615785714286
search,0.023448109999999994
content management system,0.023762662857142847
streaming media,0.023805124999999955
Web Components,0.023850126428571428
computer programming,0.02452549785714281
graph database,0.025022234285714318
real-time computing,0.025146951428571457
game engine,0.02558680714285716
data binding,0.025786063571428597
client,0.026051426428571445
functional programming,0.026520320714285728
compiler,0.026744635714285647
network monitoring,0.02732555857142857
mobile application development,0.02848397071428571
data,0.030354109285714248
File Transfer Protocol,0.031362165714285684
graphical user interface,0.031837692857142885
data structure,0.03302707642857139
server,0.033437154285714255
big data,0.034139642142857085
computer configuration,0.0345722792857143
cloud computing,0.03470032285714281
Containerization,0.03473248857142863
web application security,0.0352143535714286
code generation,0.03686658571428575
command-line interface,0.03698145214285717
web application,0.03777531142857138
computer data storage,0.0378434528571428
package management system,0.04501487857142855
quantum computer,0.04540649999999996
HTTP client,0.047958753571428536
software testing,0.04996627785714286
dependency injection,0.05695453428571426
