domain,diff
rendering,0.00037458000000001324
big data,0.0006188249999999895
compiler,0.0027748949999999994
static site generator,0.0029596499999999804
website,0.0034079200000000087
unit testing,0.0037126299999999945
application performance management,0.004048074999999984
web service,0.004094825000000024
database,0.0048090550000000065
instant messaging,0.005919284999999996
object detection,0.00599957000000001
server,0.00698378999999999
test automation,0.007597074999999953
continuous integration,0.008143580000000039
microservices,0.008940549999999992
content management system,0.009804549999999967
cluster analysis,0.011617500000000003
information retrieval,0.01185824000000002
shell tool,0.012266904999999995
Web Components,0.013563174999999983
distributed computing,0.01382781999999999
network analysis,0.01599197499999999
game engine,0.01742935000000001
Containerization,0.017708450000000042
user interface,0.017729720000000004
World Wide Web,0.018264714999999987
augmented reality,0.01847436999999999
artificial intelligence,0.018664555000000027
security,0.019571530000000004
data binding,0.020077010000000062
penetration test,0.020568929999999958
serialization,0.0213295
web server,0.02225462000000003
machine learning,0.022682755
package management system,0.02468490499999998
web application,0.027065379999999972
cloud computing,0.028410184999999977
software development,0.031241075000000007
object–relational mapping,0.03140383000000002
HTTP server,0.032674970000000025
web application security,0.033273965000000044
graphical user interface,0.03641801
validator,0.03681823500000003
software testing,0.03723504000000005
file system,0.04239305999999998
command-line interface,0.04538248500000003
