domain,diff
text classification,3.018124999976113e-06
serialization,7.232875000001693e-05
sentiment analysis,0.00013569187500001023
virtual machine,0.0010171393750000313
data analysis,0.0012118449999999892
data binding,0.0014516324999999664
language model,0.0014542587499999926
object detection,0.0014914162499999883
test automation,0.001498396875000002
pattern matching,0.0016421331250000004
support vector machine,0.0016657112499999793
web crawler,0.0017663956249999724
deep learning,0.00190600437500002
distributed multimedia communications platform,0.002184314374999996
image,0.002915688124999982
data,0.003396655000000026
data mining,0.003549086874999996
World Wide Web,0.003692877499999969
application performance management,0.0037377118749999383
big data,0.003926018124999986
data compression,0.004105486250000012
text processing,0.00412197249999996
regular expression,0.004142543750000005
signal processing,0.005165986875
continuous integration,0.0053453962500000785
graph database,0.00543674999999999
data structure,0.005625491874999972
blockchain,0.00608387437500002
email,0.006175769375000001
password manager,0.006494308749999983
analytics,0.006630691875000011
automation,0.00699693625000003
linear regression,0.007267682499999983
regression analysis,0.007366186875000014
algorithm,0.008102856250000012
back end,0.008117716874999958
stream processing,0.008277943124999965
web service,0.008590986249999988
penetration test,0.008664847500000017
internet of things,0.008847390625000034
information processing,0.009623971874999943
embedded system,0.009731850000000042
static site generator,0.009981301875000015
artificial intelligence,0.010135516875000056
object–relational mapping,0.010544963125000029
streaming media,0.011125319374999942
data visualization,0.011399141875000018
web application security,0.01154194250000004
website,0.011925742500000058
DevOps,0.01204582249999997
Image analysis,0.012053670624999985
authentication,0.012220494999999942
distributed database,0.012382110625000053
HTTP client,0.012592878124999984
web browser,0.012789256250000047
security,0.012847059999999966
audio signal processing,0.013281779999999993
operating system,0.01374766874999997
validator,0.013819984374999983
database,0.0144464206249999
cloud computing,0.01462735312500002
long short-term memory,0.014860053125000022
smart contract,0.015401603124999996
File Transfer Protocol,0.015562321875000007
logging,0.015664163749999988
client,0.015911682500000024
web browser engine,0.016272774374999965
computer data storage,0.016584283124999988
information retrieval,0.017960964999999995
data science,0.018082216250000005
recommender system,0.018132320000000007
distributed system,0.018461558125
unit testing,0.019170106249999957
microservices,0.02002680687499997
telecommunications network,0.020035930000000035
geographic information system,0.020411284375000005
machine learning,0.020611754999999926
web scraping,0.02090044937499999
file system,0.02149287937499994
WebSocket,0.021911764375000004
instant messaging,0.022010298750000018
Web Components,0.023220993125000033
command-line interface,0.02396094375000002
web application,0.02453540312500002
computational science,0.024940684374999994
game server,0.02528195124999999
HTTP server,0.02740015687499997
user interface,0.02759195437499995
Semantic Web,0.028546995625000016
game engine,0.02856352750000002
compiler,0.029316800625
web development,0.029720908750000025
Containerization,0.03311859750000001
web server,0.03620906749999997
content management system,0.03655884312499996
graphical user interface,0.03809112687500002
functional programming,0.03904189999999996
software testing,0.04462663187499999
package management system,0.04732552312499999
network monitoring,0.0473432875
server,0.05076034062500001
software development,0.05692782687500003
