domain,diff
distributed database,0.0001339655555555319
test automation,0.0007631300000000008
analytics,0.0010572661111110937
pattern matching,0.001184907777777744
backup,0.001314129999999969
image,0.0018036561111111071
back end,0.0018043372222222298
HTTP client,0.001868846666666646
application performance management,0.0020850011111110955
data structure,0.002577572222222241
distributed computing,0.0026007588888888877
regular expression,0.0027680211111111575
benchmark,0.003138847777777787
distributed multimedia communications platform,0.0032289366666666264
Q-learning,0.0034323266666666796
World Wide Web,0.0035066422222221894
serialization,0.003622248888888846
cloud computing,0.004079215555555571
data compression,0.004083560555555532
continuous integration,0.004397373888888889
computer data storage,0.004596369999999961
automation,0.004710099444444393
Parser combinator,0.004737056666666684
synchronization,0.005050762222222227
natural language,0.005213928888888886
signal processing,0.005356430555555541
data binding,0.005401010555555585
password manager,0.00543665888888889
security,0.005765558888888911
data analysis,0.005907828333333309
streaming media,0.006025902777777703
command-line interface,0.006413822222222254
web service,0.0066941994444444375
support vector machine,0.007006659999999998
language model,0.0071395377777777325
object detection,0.0076694861111111234
face detection,0.007683342777777796
image captioning,0.007943262222222192
image compression,0.008071136666666645
web browser,0.008468221666666637
data mining,0.00848005333333332
internet of things,0.009183125000000042
static site generator,0.009373217777777776
data,0.009581287777777725
regression analysis,0.009950267777777827
web scraping,0.009987038888888883
stream processing,0.010352264444444453
graph database,0.010770686111111094
web crawler,0.011549429444444453
distributed system,0.011560921111111122
big data,0.011963698333333272
image recognition,0.011991827222222223
object–relational mapping,0.013525955555555552
text classification,0.013550693333333336
natural language processing,0.013878936111111129
web browser engine,0.014737483333333246
text processing,0.014829827777777749
File Transfer Protocol,0.01486107666666664
scheduler,0.014970029444444422
operating system,0.01503657277777773
website,0.015226036666666665
unit testing,0.015394702222222223
embedded system,0.01568386666666663
logging,0.016055306666666713
blockchain,0.01716960333333334
Image analysis,0.0174320822222222
web application security,0.017456206666666696
data visualization,0.017697711111111097
geographic information system,0.017775557777777812
instant messaging,0.01801959833333336
facial recognition system,0.018094797222222236
penetration test,0.01876699944444446
image classification,0.019027744444444467
artificial intelligence,0.01920334722222225
client,0.019536626111111177
Web Components,0.01964106277777783
telecommunications network,0.02034413666666665
game server,0.020554898333333294
network analysis,0.021150279999999938
user interface,0.021431271111111094
mobile application development,0.024191327222222225
computer vision,0.02454707777777773
network security,0.02468388111111111
internet bot,0.025078850555555504
smart contract,0.02544178277777781
optical character recognition,0.02573723666666669
database,0.02765878833333335
web application,0.02814662444444449
data science,0.028176460000000042
graphical user interface,0.028273704444444492
digital image processing,0.028619381666666693
database management,0.029217874999999977
microservices,0.02936665888888884
machine learning,0.029677504999999937
software design pattern,0.029881367777777723
DevOps,0.030541616666666604
web server,0.030746744999999964
HTTP server,0.030879817222222217
game engine,0.03135788888888891
file system,0.03137363333333332
WebSocket,0.031522617777777734
Semantic Web,0.03542287277777781
Containerization,0.03544126333333336
server,0.03669599777777777
dependency injection,0.04145306388888892
content management system,0.04208949666666667
software testing,0.04666097166666669
network monitoring,0.0485698538888889
package management system,0.04884354611111108
software development,0.06350884833333331
