domain,diff
algorithm,2.2074374999986324e-05
command-line interface,0.000855966250000062
support vector machine,0.0009540156249999987
web server,0.0010635768749999164
operating system,0.001574046875000068
augmented reality,0.0018211125000000272
static site generator,0.002190374375000026
distributed system,0.0025080187500000073
internet bot,0.0025195587500000116
telecommunications network,0.0025520812500000045
text processing,0.0025527493749999686
virtualization,0.002853162500000006
distributed computing,0.00357353937499999
WebSocket,0.0036504712499999814
data mining,0.0037916712499999894
back end,0.0038038400000000028
malware,0.0038418043749999797
object–relational mapping,0.003869021249999993
stream processing,0.003937423124999978
test automation,0.0041728687500000305
server,0.0044914593750000065
image editing,0.004872308750000054
graphical user interface,0.005254699375000005
Malware Analysis,0.005740829375000006
network analysis,0.006240314374999972
big data,0.00654168687499998
front end,0.007157538124999974
file system,0.0088350975
sorting algorithm,0.009123610625000028
data compression,0.009487354999999975
Bidirectional recurrent neural networks,0.009736901250000013
reinforcement learning,0.010136021875000012
internet of things,0.010223071874999962
sequencing,0.010375929374999981
image captioning,0.01053821937499999
penetration test,0.010589942500000005
graph database,0.010718230624999991
data structure,0.011281851249999975
data visualization,0.011409456249999977
data analysis,0.011465376874999988
transfer learning,0.011597268125000032
data,0.011993686249999969
text classification,0.012415813124999953
security,0.012422928124999955
text mining,0.012741478750000035
application performance management,0.01283732500000001
Image analysis,0.012893138750000033
user interface,0.013105861874999958
regular expression,0.013149266250000013
artificial intelligence,0.013238029375000016
continuous integration,0.013838148750000001
static program analysis,0.014559424375000019
cloud computing,0.014797325000000028
image classification,0.01506613374999996
web browser engine,0.015268169374999974
object detection,0.015316949375
data binding,0.015482344374999957
instant messaging,0.016285249375000005
static program analysis tool,0.017009468124999982
geographic information system,0.017406917500000008
web application security,0.017427266250000045
deep learning,0.017894867499999995
language model,0.01841380749999999
embedded system,0.018764351874999974
machine learning,0.01928263999999999
network monitoring,0.019435582499999993
computer data storage,0.019825883749999995
pattern matching,0.02007573249999997
computational science,0.02012939624999996
recommender system,0.02061572812500001
text editor,0.021435222499999962
cryptocurrency,0.02192697437500002
data science,0.02203164000000002
search,0.023122063749999977
game engine,0.0244700075
virtual machine,0.025236598124999954
web service,0.025627159374999986
unit testing,0.025864438749999996
Web Components,0.026002097499999988
package management system,0.026013187500000035
image,0.02650059000000002
linear regression,0.026505878124999993
client,0.026630878125000035
Containerization,0.02669747
streaming media,0.027889511874999995
graph algorithm,0.028063270625000025
content management system,0.029550812500000023
functional programming,0.029968736250000017
database,0.03143518687500002
password manager,0.03299642062500002
HTTP server,0.03300491062500002
microservices,0.03945523437500004
web application,0.04325020624999998
File Transfer Protocol,0.044108101249999976
software testing,0.048560649375000015
HTTP client,0.05263527687499994
software development,0.07213175000000002
