domain,diff
natural language processing,8.587916666691342e-06
big data,0.0001133734027777833
web application,0.0002832899305555414
algorithm,0.0003680438194444413
computer configuration,0.0012914147916666674
search engine,0.0013569836805555902
audio signal processing,0.0017374886805555656
database,0.0018202010416666914
web application security,0.0018379320138889876
data binding,0.0018510545833333447
Web Components,0.0020808936805555844
instant messaging,0.002171097500000052
analytics,0.002615945138888881
video processing,0.002667505902777756
machine translation,0.002688816319444509
image,0.0028802957638888738
World Wide Web,0.0030021362500000093
network analysis,0.003823370208333371
user interface,0.003940159027777779
web scraping,0.003956266944444509
information processing,0.004052752152777783
computer data storage,0.004313159930555588
graphical user interface,0.004409763819444412
synchronization,0.004422321666666729
language model,0.004501937083333324
client,0.004513135138888902
embedded system,0.004598407013888889
autonomous driving,0.004891595416666644
automation,0.0052382484027777565
dependency injection,0.00532616006944453
pattern matching,0.005535435347222228
backup,0.005975523888888945
mathematics,0.006481677361111132
email,0.006578342986111152
streaming media,0.006637185555555536
content management system,0.006732093263888905
serialization,0.00682060499999998
web crawler,0.006984657708333397
command-line interface,0.007560389166666681
support vector machine,0.007757138819444481
logging,0.008119878888888932
website,0.008219978472222167
object detection,0.008828316041666617
search,0.008967346319444458
penetration test,0.008992300069444459
test automation,0.009095295624999972
plot,0.009609661944444459
sorting algorithm,0.0098247996527778
package management system,0.009883667430555576
unit testing,0.009961829374999953
game engine,0.010067195069444479
Kalman filter,0.010189546458333365
security,0.0106140572916667
data,0.010836984791666615
continuous integration,0.011004457361111109
data structure,0.011032596388888816
web service,0.011224798611111142
file system,0.01128600652777767
image editing,0.012095645694444407
regular expression,0.012790456319444421
recommender system,0.012866992013888884
operating system,0.012901856041666715
benchmark,0.01367163458333337
information extraction,0.013904685069444422
smart contract,0.01423899375000004
text processing,0.014288334444444495
telecommunications network,0.014607769236111123
application performance management,0.014697590486111023
microservices,0.015557333541666607
machine learning,0.0156538120833333
DevOps,0.017096811736111106
back end,0.017241306527777722
File Transfer Protocol,0.018203687222222265
HTTP client,0.018505532291666682
stream processing,0.01899409645833333
text classification,0.01917433861111112
text mining,0.020065376041666638
server,0.021955037847222247
image compression,0.022214702222222216
web browser,0.02351897708333328
object–relational mapping,0.02370399916666663
distributed computing,0.025570160833333327
web server,0.025719643958333316
geographic information system,0.02608210305555561
validator,0.02651902354166663
HTTP server,0.02702022486111111
text editor,0.027690386875000028
distributed multimedia communications platform,0.02930780729166671
software testing,0.029816007152777768
data compression,0.029880309027777774
digital security,0.030192746874999954
distributed system,0.04076631298611111
routing,0.04111256090277776
