domain,diff
game engine,3.947650000005187e-05
telecommunications network,0.0007786887500000339
data structure,0.0009617957500000496
convolutional neural network,0.0019626664999999877
natural language processing,0.002165068625000016
artificial neural network,0.0022450190000000425
operating system,0.002388857500000008
penetration test,0.00291659750000009
data mining,0.002992982499999991
data,0.0036588252499999974
content management system,0.0037223832500000165
big data,0.004075529374999998
data analysis,0.004089652249999964
support vector machine,0.004136560374999959
instant messaging,0.004299807124999971
named-entity recognition,0.004849546624999979
software testing,0.005687633500000011
algorithm,0.005736089750000006
front end,0.006906758374999961
computational science,0.007565505249999993
compiler,0.007679760624999976
web service,0.008347110125000001
machine learning,0.008679076625000004
package management system,0.008778542750000007
database,0.010376209750000032
artificial intelligence,0.010553929749999968
back end,0.010722800125000043
data compression,0.011144876749999977
language model,0.01127357350000005
robotics,0.011942357874999948
automation,0.012201682749999998
file system,0.012356527999999978
microservices,0.012747399500000062
sorting algorithm,0.012785101999999993
text processing,0.01312956274999999
interpreter,0.013271511499999972
World Wide Web,0.013411777500000027
object detection,0.014085709249999995
streaming media,0.014179649000000016
graphical user interface,0.014515775625000005
pattern matching,0.014543995875000076
software development,0.014545064125000007
information processing,0.015234920999999985
3D modeling,0.01534483787499999
user interface,0.015664270624999976
unit testing,0.015669128000000032
data binding,0.016017097624999976
web application security,0.016042220624999992
optical character recognition,0.016585543000000008
recommender system,0.017494884000000044
benchmark,0.01810039749999995
web application,0.01867209387499999
computer data storage,0.020042848249999967
HTTP server,0.02063886599999995
static program analysis,0.021093426750000033
regular expression,0.021305506249999995
server,0.023673444249999953
password manager,0.023987363125000022
web server,0.024868652625000015
logging,0.024993631750000023
website,0.025779481750000055
security,0.026221831125000067
static program analysis tool,0.026336034124999963
test automation,0.027485572500000055
embedded system,0.02841486474999999
command-line interface,0.034299978374999984
File Transfer Protocol,0.036195298125
computer configuration,0.042063029999999973
translation,0.047193155500000056
debugger,0.06335513499999992
