domain,diff
client,0.00024050701388883544
database,0.0007413182638887905
data science,0.0011724049305555928
web browser engine,0.0012741625694444036
data structure,0.0013173899999999739
data mining,0.0013440397222222178
classification,0.0014370031250000026
instant messaging,0.0021376340277777794
internet of things,0.0025706599305555244
data analysis,0.0028461719444444755
facial recognition system,0.0032656959722222045
object detection,0.0033786102083333824
back end,0.003539786597222261
data,0.0036319856944444506
web application,0.0037365711805555923
website,0.0037759127083333843
automation,0.0038694322916666968
WebSocket,0.004140671111111105
machine learning,0.004344650625000029
computer vision,0.004398548750000009
telecommunications network,0.004403271944444426
World Wide Web,0.004514912430555573
web crawler,0.004646619236111149
text classification,0.005327214375
pattern matching,0.005394936458333333
question answering,0.005473221458333316
mobile application development,0.005506028541666708
data compression,0.005710778472222178
big data,0.0057718603472222685
compiler,0.00616714520833328
web browser,0.006900293194444518
support vector machine,0.007241591249999957
web service,0.007289921527777743
backup,0.007379984027777786
unit testing,0.0073837540277778
computer data storage,0.007429526736111081
penetration test,0.007429581111111083
geographic information system,0.007576157013888918
security,0.007657326111111112
language model,0.007693274444444453
optical character recognition,0.007783559027777803
smart contract,0.00782073124999999
analytics,0.008104272152777758
data visualization,0.008456300486111124
HTTP client,0.008501579027777761
regular expression,0.009075125625000041
streaming media,0.009079771597222203
web scraping,0.010280713472222258
encryption,0.011001409722222216
object–relational mapping,0.01117886361111109
face detection,0.011364819236111129
File Transfer Protocol,0.011733811875000028
image recognition,0.011802461111111134
microservices,0.011921709166666655
graphical user interface,0.012577016319444467
package management system,0.013034372569444452
graph database,0.013284152847222175
sentiment analysis,0.013291253333333336
user interface,0.013419289097222176
test automation,0.013538304375000032
web application security,0.013767664236111088
static program analysis,0.013961187291666732
game server,0.014153579722222226
data binding,0.014375592291666683
cloud computing,0.015441123402777784
file system,0.016502121111111073
text processing,0.0174555070138889
HTTP server,0.018649667986111118
server,0.02061298562499997
web server,0.023241155902777838
information processing,0.024051378680555624
stream processing,0.03283868486111108
