domain,diff
hyperparameter optimization,0.0003030010714285547
debugging,0.0003344276785714473
geographic information system,0.0004492192857143418
web server,0.00044976357142856305
web browser engine,0.0005712940178571047
data,0.0006579408928571451
lexical analysis,0.0007461579464285717
artificial neural network,0.0012154040178571635
translation,0.0012196334821428234
transfer learning,0.0015609311607142906
test automation,0.0016694011607142345
World Wide Web,0.0018049925892857366
embedded system,0.0024278141071428783
digital image processing,0.002862240089285706
operating system,0.003051378035714286
data binding,0.0033138373214285644
server,0.003582911785714238
word embedding,0.003658448125000019
Containerization,0.0040557272321428695
command-line interface,0.004886708035714282
linear regression,0.004917285357142864
bioinformatics,0.005571700892857107
smart contract,0.0056800058928571096
client,0.005703297767857218
knowledge graph,0.0057397876785714175
regular expression,0.0063241008928571485
Web Components,0.006341347321428603
unit testing,0.0066972200892857214
file system,0.006748396696428571
recommender system,0.006881317589285729
neural machine translation,0.0069436892857142885
web scraping,0.007465932142857207
computer data storage,0.007615308035714252
business dashboard,0.007620519821428529
website,0.007894231339285684
big data,0.008394719196428563
cloud computing,0.008738383571428532
microservices,0.008776454374999965
image captioning,0.009189965982142861
optical character recognition,0.009378479821428615
machine learning,0.009770366696428584
computer configuration,0.010779783928571457
machine translation,0.010803163839285673
stock market,0.011768372678571448
shell tool,0.012348491428571418
digital audio,0.012474311696428542
graphical user interface,0.01263324214285716
artificial intelligence,0.013395298660714317
object detection,0.01421747267857143
software architecture,0.014805018392857139
sentiment analysis,0.014964771249999953
automated machine learning,0.015191630089285757
Bidirectional recurrent neural networks,0.015231927678571455
distributed system,0.01615884026785716
distributed computing,0.01620226508928571
image segmentation,0.016476974107142855
automation,0.01668478696428577
software testing,0.017346122410714288
HTTP server,0.017470265267857166
content management system,0.018120118124999918
telecommunications network,0.018259050535714277
analytics,0.018894931428571404
integrated development environment,0.019097990803571496
education,0.019109641160714314
design,0.019113169375000072
language model,0.019302138035714345
web service,0.01930698401785713
documentation,0.02034366910714286
web application security,0.020543130267857146
deep neural network,0.020824157678571403
information processing,0.020873032053571466
mobile application development,0.02136558642857142
support vector machine,0.02175805660714286
augmented reality,0.02234816276785717
HTTP client,0.023318541428571454
convolutional neural network,0.023531579553571436
banking industry,0.023604500624999997
data structure,0.023633733928571432
user interface,0.023841300000000065
dependency injection,0.024549503035714237
object–relational mapping,0.02611947169642853
web application,0.026995149196428536
web development,0.029145249107142834
schema migration,0.029903397053571423
software design pattern,0.030255455892857136
software development,0.03044241848214288
password manager,0.031039365535714236
instant messaging,0.031323513482142934
internet bot,0.033740570624999966
chatbot,0.03456148866071426
back end,0.03606296098214282
social network,0.03615418678571425
package management system,0.036567535625000036
digital security,0.03846564383928569
object-oriented programming,0.04113035419642863
database,0.041374003571428564
penetration test,0.04273331419642862
database management,0.04816736339285713
authentication,0.050271757410714324
network security,0.061245037500000016
security,0.07251742428571434
