domain,diff
web development,6.946874999994024e-05
unit testing,0.000352628750000028
integrated development environment,0.0013952831250000353
back end,0.003236022499999991
web service,0.003311304375000046
HTTP server,0.004127565624999996
plot,0.004276659999999932
sorting algorithm,0.004728920625000049
neural network,0.004861686249999997
regular expression,0.005318688749999967
server,0.0059093643750000036
language model,0.006334385625000022
web server,0.00662766250000002
pattern matching,0.007223117499999959
shell tool,0.008587559999999994
analytics,0.009443881874999976
application performance management,0.010466566250000003
HTTP client,0.010492029999999986
embedded system,0.010623989375000031
instant messaging,0.011202186874999964
compiler,0.01124727874999995
graphical user interface,0.011926610625
data binding,0.01235114000000001
database,0.013773188749999998
information processing,0.01384432374999997
static program analysis,0.014353924375000049
operating system,0.014539151249999993
benchmark,0.014771106250000027
mathematics,0.014889110625000007
rendering,0.015303565000000047
software testing,0.01536077312500006
static program analysis tool,0.016062335625000035
user interface,0.01680757249999998
object detection,0.01686013249999993
World Wide Web,0.01765817625000002
data,0.017969376250000002
Parser combinator,0.01797536437499997
penetration test,0.018016469374999955
automation,0.018304293749999978
web application,0.019512259375000007
web application security,0.020203645625000044
machine learning,0.022135854374999958
microservices,0.02314216687499998
search,0.02609781562500002
website,0.028579934374999977
security,0.02867874937499998
package management system,0.029040301249999956
logging,0.02973041312499991
smart contract,0.031229131250000042
signal processing,0.032919398749999995
test automation,0.03533597062499999
content management system,0.03987912249999995
file system,0.039882777499999966
client,0.040845045624999965
command-line interface,0.045564882500000015
File Transfer Protocol,0.05667632812499995
