domain,diff
data,0.00016038145833330297
command-line interface,0.00027843930555560004
data analysis,0.0006257352083333112
signal processing,0.0007773143750000322
web crawler,0.001145173611111161
translation,0.0014081150694444378
time series,0.0014931819444444772
graph algorithm,0.0019306670833332817
plot,0.0019529583333333655
optical character recognition,0.0020434102083333183
audio signal processing,0.0020669157638888713
data visualization,0.002148416736111103
database,0.0022517537500000295
data compression,0.0028025654166666802
security,0.0030845199999999795
kernel,0.0030890247222221667
3D modeling,0.0031341456944444235
back end,0.0031515831250000237
cloud computing,0.003489721458333317
application performance management,0.0036156805555555283
search,0.003668293055555605
recommender system,0.004169337986111132
web service,0.004323657152777771
search engine,0.00459002104166667
microservices,0.004655150763888921
virtual machine,0.004853290625000006
graph,0.005897579236111117
server,0.006049146736111122
penetration test,0.006247343124999999
machine learning,0.006647091111111059
geographic information system,0.007888630763888849
website,0.00795019833333327
embedded system,0.00807021625000004
software testing,0.00829884597222219
speech recognition,0.008555911250000048
graphical user interface,0.00875540534722219
big data,0.008833152569444447
telecommunications network,0.009023092569444502
lexical analysis,0.009280096805555554
text classification,0.009696165555555525
engineering,0.009752509513888924
visualization,0.009891786111111134
synchronization,0.010026506249999984
text editor,0.010159695694444526
web application security,0.010282232361111115
World Wide Web,0.01105712055555555
unit testing,0.011554711736111084
benchmark,0.011566203958333354
artificial intelligence,0.01157939708333336
graph database,0.012155760486111167
automation,0.01221770118055554
continuous integration,0.012294772708333318
object-oriented programming,0.01242380194444448
database management,0.012476850208333334
test automation,0.01251917972222219
machine translation,0.01294725569444441
static program analysis tool,0.013580076111111117
logging,0.013717579652777756
smart contract,0.014173688958333264
language model,0.014871543194444448
computer data storage,0.015064111458333335
stream processing,0.015343912916666647
user interface,0.015510163749999972
validator,0.015733855347222242
support vector machine,0.015811155416666695
Web Components,0.0159538670138889
natural language understanding,0.016237041041666705
HTTP server,0.016459307708333287
"extract, transform, load",0.016625569027777842
Semantic Web,0.0166559908333333
object detection,0.016987406041666597
natural language,0.01710008465277779
schema migration,0.017194544999999894
software design pattern,0.017309185069444483
natural language processing,0.01769276201388889
deep learning,0.017783062708333297
information processing,0.018084000138888945
long short-term memory,0.018245838125000025
data science,0.018343004652777745
analytics,0.018486254027777815
web server,0.018799500972222216
instant messaging,0.018820842013888894
front end,0.01900908756944447
serialization,0.01966278562499993
computational science,0.019664925555555546
interpreter,0.019669068402777712
web application,0.01968774368055559
linear regression,0.02000581576388888
text processing,0.021101174999999972
dependency injection,0.021704593819444395
malware,0.022764298194444477
client,0.022857811319444477
algorithm,0.022993831875000037
game engine,0.023118929722222237
static site generator,0.023326440138888793
static program analysis,0.025051761736111178
streaming media,0.025560987222222276
HTTP client,0.026611464097222204
data structure,0.02735721229166671
distributed system,0.027772490555555585
operating system,0.029081648263888815
blockchain,0.0291281178472223
content management system,0.030323233541666605
compiler,0.03121226180555553
package management system,0.03163040416666668
object–relational mapping,0.033520311597222185
regular expression,0.035100829722222227
functional programming,0.037349795347222214
pattern matching,0.037863725208333365
File Transfer Protocol,0.04749200340277779
file system,0.04896752638888888
Parser combinator,0.05105353805555557
data binding,0.05580133395833342
