domain,diff
HTTP client,9.202611111114312e-05
database,0.00018841555555559886
recommender system,0.000946404444444382
unit testing,0.0014546666666666042
artificial intelligence,0.002015898888888895
language model,0.002486783333333298
test automation,0.002592502222222237
serialization,0.003067555555555601
support vector machine,0.0033251611111110857
application performance management,0.003931627222222178
Web Components,0.005098785555555596
automation,0.005518653333333401
geographic information system,0.0060627527777777634
penetration test,0.006528997777777795
big data,0.006538623333333327
graphical user interface,0.006716291111111106
Semantic Web,0.0082860933333333
web application,0.008554351666666626
World Wide Web,0.009013810555555446
knowledge graph,0.010076831111111045
game engine,0.010448395000000055
time series,0.010452315555555536
content management system,0.010802575000000036
HTTP server,0.011387911111111149
user interface,0.01149789944444446
validator,0.011901355000000002
object–relational mapping,0.01220783555555549
file system,0.01330824222222221
regular expression,0.013735127777777772
instant messaging,0.014080897777777712
operating system,0.014345117222222231
analytics,0.014782980000000029
translation,0.014886197222222203
website,0.014903396111111189
streaming media,0.015203635000000021
digital image processing,0.01541449611111112
command-line interface,0.015736386666666657
data structure,0.01721205555555555
pattern matching,0.01804293944444446
data,0.01872053888888897
telecommunications network,0.019279556666666697
internet bot,0.02124366222222218
logging,0.021630438333333335
optical character recognition,0.021800811666666697
dependency injection,0.02232948777777788
File Transfer Protocol,0.022538002222222242
3D modeling,0.023470864444444406
data visualization,0.023745736111111054
signal processing,0.024156146666666684
web browser,0.024279075555555613
audio signal processing,0.02436922277777781
back end,0.024371748333333332
client,0.02453345944444446
server,0.026178993888888946
information extraction,0.027361958888888926
web server,0.029044048888888896
web service,0.029337465000000063
stream processing,0.029719510000000005
smart contract,0.03064589888888891
object detection,0.030801016666666653
text processing,0.03308940222222226
information processing,0.03349072888888893
software testing,0.03354468500000002
package management system,0.03663046555555549
web application security,0.040694691666666616
data binding,0.04375506833333337
security,0.04442488388888882
cloud computing,0.045587950555555534
distributed system,0.053301568333333244
microservices,0.06247613944444441
