domain,diff
user interface,0.0012398518055555252
World Wide Web,0.0019824677083332687
unit testing,0.002036743402777763
object–relational mapping,0.002292745277777758
computer data storage,0.0024816446527777536
scheduler,0.002812210555555583
data structure,0.002931238541666714
validator,0.0036491449305555423
application performance management,0.0037617178472222346
big data,0.0038319668749999813
automation,0.003922268958333364
penetration test,0.004362767777777776
Web Components,0.004916294583333369
logging,0.005446108958333334
knowledge graph,0.006947235347222247
instant messaging,0.006949489722222202
database,0.006957433402777741
artificial intelligence,0.0073904981944444
database management,0.007445906805555541
search,0.00782535333333334
test automation,0.007929898611111152
translation,0.008185180694444433
deep learning,0.008296112361111163
telecommunications network,0.00862702819444447
information extraction,0.008819625486111066
web browser engine,0.00900995097222218
regular expression,0.00974455215277778
Semantic Web,0.009811035763888809
information processing,0.010044955694444413
backup,0.010619358472222257
file system,0.010711889513888878
web service,0.010930952361111135
pattern matching,0.011334911944444442
geographic information system,0.011599613888888888
content management system,0.012050259097222238
data,0.012119155555555594
analytics,0.012592894027777829
graphical user interface,0.014383368055555568
HTTP server,0.014609506041666609
data compression,0.014946131597222218
client,0.015851656736111108
back end,0.015900219236111124
website,0.016007357152777735
embedded system,0.01601424326388884
streaming media,0.016192883680555575
web application,0.017030904166666694
File Transfer Protocol,0.01909689347222232
language model,0.0203304128472222
Kalman filter,0.021457781874999998
computer configuration,0.021531586944444403
object detection,0.021793350624999985
smart contract,0.02222348944444441
stream processing,0.02374827715277772
data binding,0.026229197083333267
3D modeling,0.027578204930555544
cloud computing,0.02958520159722222
package management system,0.03054846243055559
command-line interface,0.030571460555555513
server,0.030936330347222263
web server,0.03160314180555557
security,0.03247170659722226
software testing,0.03283831173611107
web application security,0.035596447777777845
microservices,0.03712633305555557
distributed system,0.04098599020833327
web development,0.041344842361111134
distributed computing,0.04253272986111106
