domain,diff
unit testing,0.00012514111111114334
email,0.001036026111111088
instant messaging,0.0019702055555555764
software testing,0.003094102222222228
hacking tool,0.003672210555555555
test automation,0.0055884900000000015
automation,0.006072624999999998
streaming media,0.006959704999999927
big data,0.0070968316666666365
smart contract,0.009059054999999955
application performance management,0.00941330611111113
language model,0.010059265000000012
data structure,0.010521339444444416
back end,0.011382492777777808
telecommunications network,0.012370910000000013
algorithm,0.013557182777777843
server,0.013987510555555582
database,0.014299857222222212
backup,0.014588058888888866
natural language processing,0.015220299444444474
serialization,0.016360703333333393
content management system,0.016597578888888853
microservices,0.01764690888888895
machine learning,0.01804886444444445
pattern matching,0.018301656111111064
image,0.018349648888888903
File Transfer Protocol,0.019020047222222225
data,0.019307049999999992
sorting algorithm,0.019825298333333297
user interface,0.020242404444444417
encryption,0.020733118333333328
security,0.020821232222222208
Parser combinator,0.0213818927777778
front end,0.023119395555555533
file system,0.02334808777777786
syntax highlighting,0.02396465777777773
HTTP server,0.02748368333333337
object detection,0.028137006666666686
validator,0.03234456277777775
parsing,0.03350435611111113
regular expression,0.03450718722222218
text classification,0.03461716833333334
static site generator,0.03538107888888886
text mining,0.03855884222222222
image captioning,0.03903200666666665
website,0.04190621722222221
text processing,0.04295437166666671
web application,0.045001267222222224
World Wide Web,0.04536066666666666
data binding,0.046799045555555585
Web Components,0.0509189072222222
web browser,0.05627483000000005
text editor,0.06657400333333335
web scraping,0.06703890388888892
