domain,diff
website,0.0024791530357143043
language model,0.0029531364285713957
HTTP server,0.0031277348214286127
file system,0.0032976854464285554
content management system,0.004209719732142847
Web Components,0.004569823839285725
World Wide Web,0.005145821607142803
internet of things,0.0061974212500000014
unit testing,0.006629963482142787
data binding,0.00760142749999998
database,0.009416637767857117
microservices,0.009844596517857185
server,0.01022598633928573
"extract, transform, load",0.011367899910714269
web server,0.01206544982142857
web application,0.013689642499999988
static site generator,0.013839295892857095
instant messaging,0.013967440803571457
object–relational mapping,0.014327712410714288
dependency injection,0.014472177232142835
telecommunications network,0.014975417946428565
data,0.018271414553571452
user interface,0.018457811785714318
pattern matching,0.01852944339285717
operating system,0.018631572410714253
logging,0.01934672482142863
data structure,0.01944580196428569
File Transfer Protocol,0.019913126249999996
software testing,0.020744746517857154
web service,0.021001842142857108
geographic information system,0.024789100625000088
web application security,0.027031828660714297
regular expression,0.027794621696428545
client,0.02831594589285713
package management system,0.029355871607142925
big data,0.03387789589285714
automation,0.03482189508928568
object detection,0.03603997616071428
anomaly detection,0.03688322821428569
embedded system,0.03700657901785717
command-line interface,0.038049264285714285
security,0.04018831866071426
application performance management,0.04053105116071426
graphical user interface,0.04177832714285712
static program analysis,0.05646692821428573
compiler,0.05924457124999996
