domain,diff
cloud computing,0.00024303312500001395
unit testing,0.00078371604166666
Semantic Web,0.0011411547916666542
Containerization,0.0012356264583333332
internet bot,0.0020240658333333106
penetration test,0.0032071933333333302
object–relational mapping,0.003459287708333314
HTTP server,0.0038002862500000067
File Transfer Protocol,0.0040819179166666775
package management system,0.004362617083333298
digital security,0.004400928958333328
microservices,0.004540366458333334
World Wide Web,0.00484541041666664
recommender system,0.005436615416666679
file system,0.005700397708333305
smart contract,0.005819434999999984
software testing,0.006227727708333353
password manager,0.006416801874999989
data binding,0.007446155000000065
server,0.007599709791666631
design,0.007708373125000029
website,0.008065035416666644
telecommunications network,0.008098254791666676
"extract, transform, load",0.008285642291666617
content management system,0.0097245764583333
distributed database,0.009978415625000014
web server,0.010139146250000036
user interface,0.010468674166666692
command-line interface,0.011785911666666704
translation,0.012223906874999996
database,0.012330998958333339
geographic information system,0.013980320625000014
home automation,0.01442259083333336
operating system,0.014762511458333377
malware,0.01510405125
pattern matching,0.015255976249999997
distributed multimedia communications platform,0.01572597041666665
graphical user interface,0.01764460833333334
distributed system,0.017672463333333305
business dashboard,0.01804521083333338
back end,0.01828315208333331
application performance management,0.02040345520833331
language model,0.020758204166666683
streaming media,0.020931975000000047
logging,0.021976893750000004
security,0.022334532708333327
word embedding,0.022848921874999983
computer data storage,0.025609940624999994
reinforcement learning,0.026742050416666663
test automation,0.0275477747916667
dependency injection,0.027934786458333333
Web Components,0.02800057312500001
network monitoring,0.02906289854166666
client,0.02941310374999992
instant messaging,0.030038629374999987
distributed computing,0.03021608645833329
support vector machine,0.03078185312499998
static program analysis,0.03089592166666677
web service,0.031631759166666634
Malware Analysis,0.03197166020833331
web application,0.033619289999999996
internet of things,0.03400784374999999
automation,0.03532037354166667
data structure,0.03609122291666669
regular expression,0.0368468397916667
static program analysis tool,0.03896848000000003
stock market,0.04010397625000009
data science,0.04212281562500003
anomaly detection,0.04287848249999998
digital audio,0.04310593833333334
information processing,0.043896166458333385
data,0.044547664791666663
artificial neural network,0.044748832916666675
cluster analysis,0.04570714291666669
animation,0.04812774645833334
embedded system,0.0486754110416667
long short-term memory,0.048777069374999954
object detection,0.052598966874999986
big data,0.05419668541666661
sorting algorithm,0.05446757083333331
data visualization,0.05477757270833336
data compression,0.054900289791666695
analytics,0.05556244125000001
data analysis,0.05641656291666661
statistics,0.057007349791666606
stream processing,0.057487033541666704
machine learning,0.05767963020833336
web application security,0.059592908541666656
algorithm,0.06279670791666675
real-time computing,0.0629653214583333
audio signal processing,0.06999461354166667
digital image processing,0.07485162895833333
time series,0.07631383124999996
signal processing,0.08196584895833331
benchmark,0.08277900812499997
