domain,diff
test automation,9.172287500003318e-05
World Wide Web,0.00035453974999996585
language model,0.0019682469999999785
database,0.0024225013750000524
software testing,0.003277383624999991
data structure,0.0034187352499999712
dependency injection,0.003809740625000002
web development,0.003978072124999982
website,0.004059988250000035
web service,0.004330279000000048
instant messaging,0.0046650953749999835
"extract, transform, load",0.004880656624999952
automation,0.005973236374999968
data,0.006396334125000014
internet of things,0.006533355249999984
web application,0.006569694500000001
computer configuration,0.007183227374999962
Semantic Web,0.0075894281250000195
recommender system,0.007985694749999994
Web Components,0.008192394125000002
client,0.00827365974999994
back end,0.008858148249999975
application performance management,0.009596399874999939
user interface,0.009794867500000026
server,0.010482426374999965
artificial intelligence,0.010520656000000017
content management system,0.012376789875000016
cloud computing,0.012570217125000005
telecommunications network,0.013257270624999984
logging,0.01427546225000001
file system,0.014497282875000017
HTTP server,0.014594634750000002
smart contract,0.01467817450000003
object–relational mapping,0.014910279874999988
pattern matching,0.014971915750000037
deep learning,0.015010794625000046
geographic information system,0.015271474624999976
File Transfer Protocol,0.01573365324999998
web server,0.015809803750000018
text classification,0.01593554675
embedded system,0.017957246874999944
streaming media,0.018842164000000022
game server,0.01892848737499997
microservices,0.019950542375000047
statistics,0.02030023412500001
command-line interface,0.020623567000000037
computer data storage,0.020959387624999992
operating system,0.022136146125000034
big data,0.02224903674999998
malware,0.02278163475000003
analytics,0.02302216374999999
benchmark,0.02355204112499998
unit testing,0.023700819375000015
static program analysis,0.025021222499999968
graphical user interface,0.025435196999999993
stream processing,0.02569763587500004
anomaly detection,0.029176304500000028
penetration test,0.029522577999999966
security,0.031149088375000022
machine learning,0.03244029487499997
web application security,0.03286249537500002
regular expression,0.03386768612500002
package management system,0.03464007275000003
data binding,0.035263765500000016
static program analysis tool,0.03711214099999999
object detection,0.04326827787500001
compiler,0.04369888624999996
