domain,diff
software testing,0.0005980947500000555
graphical user interface,0.0013437050000000839
computer vision,0.001989730625000019
big data,0.002212604874999996
user interface,0.006938404749999988
digital image processing,0.008466350999999955
database,0.010020974999999932
data,0.010841744500000056
image recognition,0.010958131750000016
logging,0.011140252875000034
scheduler,0.011253614625000019
command-line interface,0.011332312374999987
backup,0.012603022624999988
penetration test,0.012863810125000014
face detection,0.013393035999999997
operating system,0.01407628675
object–relational mapping,0.014351904999999998
analytics,0.015211638999999944
facial recognition system,0.01643952374999999
information processing,0.01958578612500006
stream processing,0.019890588875000004
object detection,0.01999102212499998
instant messaging,0.020030856750000048
data structure,0.023282571249999995
file system,0.024176642000000054
smart contract,0.024885773374999975
unit testing,0.028351519249999957
software development,0.029260426499999992
client,0.029264877249999988
compiler,0.029908676250000044
optical character recognition,0.030408667124999955
recommender system,0.031369978249999986
data analysis,0.03158270799999999
language model,0.032136598125
back end,0.03213675912499997
mobile application development,0.032287102999999984
signal processing,0.032876969125000016
streaming media,0.03310547499999994
support vector machine,0.03438763425000002
server,0.03560745262499995
text classification,0.03648168949999997
regression analysis,0.03906176562500008
web service,0.04140019975000003
text processing,0.044883892875
data binding,0.04751903525000001
Web Components,0.04780213862499999
World Wide Web,0.05001785162499994
website,0.06484446924999998
content management system,0.07283000862499991
package management system,0.07587985949999998
pattern matching,0.07899934099999992
Parser combinator,0.083490905625
web server,0.08504630499999999
regular expression,0.09538605524999996
