domain,diff
user interface,0.003754562678571438
file system,0.005715282142857131
game engine,0.006264772321428552
front end,0.006543048571428567
server,0.00738648348214288
automation,0.008154172053571412
web crawler,0.010313561964285733
web browser engine,0.010805645446428536
computer data storage,0.011153115178571399
home automation,0.0113049878571429
software testing,0.012023223750000006
web browser,0.014763304910714342
password manager,0.015830838035714306
internet of things,0.017568223482142847
graphical user interface,0.019347534285714285
back end,0.020299265982142878
smart contract,0.02093240580357142
geographic information system,0.021745953928571454
World Wide Web,0.02212451991071429
database,0.024644568571428604
penetration test,0.026495173839285735
instant messaging,0.028034473035714297
HTTP server,0.028302095535714333
streaming media,0.02893746428571428
client,0.02905920339285714
data,0.034074906071428546
data binding,0.03503048125000002
information processing,0.037621710982142786
HTTP client,0.03931966321428579
natural language processing,0.039850263303571415
big data,0.043724471160714234
web service,0.04487879946428572
web application security,0.045013655089285676
language model,0.04594825169642855
artificial intelligence,0.047113094464285715
routing,0.04885383964285711
Web Components,0.050629501339285676
regular expression,0.05074537410714286
data analysis,0.051746721428571424
linear regression,0.053032759375000044
machine learning,0.0531040016071429
Image analysis,0.05432250875000008
social network,0.05467295098214281
signal processing,0.056410923839285726
web server,0.057029807857142845
plot,0.05850253178571435
support vector machine,0.06108354410714287
time series,0.06201650124999997
natural language understanding,0.062218753303571434
web application,0.06240914348214288
text classification,0.06505750392857146
visualization,0.06513780821428572
telecommunications network,0.06664531687500003
content management system,0.06887946348214277
data visualization,0.07327279312499996
cluster analysis,0.07495209535714281
sorting algorithm,0.0752172853571429
algorithm,0.07961988071428572
data structure,0.07985221839285711
image classification,0.08067900714285717
object detection,0.08114787669642862
package management system,0.0818741696428571
pattern matching,0.09187168571428575
knowledge graph,0.10584149500000001
graph database,0.1223468857142857
graph,0.13498295366071428
graph algorithm,0.13934162205357142
