domain,diff
graphical user interface,0.000847395555555519
user interface,0.0010262129166666578
language model,0.0012480085416666786
automation,0.002253903958333331
web server,0.0024779100000000276
data binding,0.0041976140277777685
web application security,0.009785260486111058
database,0.010951572777777807
instant messaging,0.01203349541666665
big data,0.012139874652777771
object–relational mapping,0.0150521194444444
data,0.015591686388888831
HTTP server,0.01963723708333326
File Transfer Protocol,0.02258072111111109
smart contract,0.022610487152777747
microservices,0.025423979444444522
object detection,0.02585881090277775
data structure,0.026294549027777725
software testing,0.03240573541666669
unit testing,0.032886256527777796
World Wide Web,0.036440585069444476
penetration test,0.036642208124999937
package management system,0.040401864722222236
content management system,0.042951274513888915
security,0.04384884090277777
server,0.05018467548611111
regular expression,0.05183987513888888
pattern matching,0.0520942366666666
website,0.06450959625
password manager,0.06682735541666662
web application,0.06744285895833332
computer configuration,0.06789641048611111
computer data storage,0.07093582986111113
file system,0.07548572666666664
