domain,diff
graph database,0.00017538178571432916
validator,0.00036289991071425387
graphical user interface,0.0005013827678571059
web server,0.0005014260714286123
password manager,0.0006436610714285473
big data,0.0008180563392857498
stream processing,0.0009200168749999849
question answering,0.0015250186607142502
neural network,0.001904249107142847
text classification,0.001966045357142898
application performance management,0.0020705766071428544
web application security,0.0021840050892857343
penetration test,0.0022823118749999705
web service,0.002374339196428571
data structure,0.0027211584821428547
email,0.0028942942857142495
statistics,0.003401238214285701
software testing,0.004103044374999976
computer configuration,0.004255579107142832
unit testing,0.004801901607142833
data analysis,0.00487338857142855
data visualization,0.004933720357142873
benchmark,0.005026059999999999
data,0.005374714999999974
continuous integration,0.0055684108035714
World Wide Web,0.0061212183928571196
text processing,0.007140421607142899
data mining,0.0071529642857142695
front end,0.007974266428571436
server,0.00840059991071429
game engine,0.008503567499999948
data compression,0.009145923571428571
object–relational mapping,0.009389663303571355
user interface,0.00953223732142866
information processing,0.00987179464285709
DevOps,0.010212410000000033
text editor,0.010800702678571417
back end,0.011494044642857082
time series,0.012187155267857158
language model,0.01250100419642855
artificial neural network,0.013014144821428597
translation,0.01335146937499998
pattern matching,0.013688861249999962
computer data storage,0.014698134642857186
regular expression,0.014948100178571483
automation,0.01604301803571423
analytics,0.016226790267857172
information retrieval,0.016398048482142796
continuous delivery,0.016428724732142852
information extraction,0.017384392321428604
data binding,0.01752936589285714
signal processing,0.017851147321428562
microservices,0.018061007767857212
database,0.018119260714285712
Kalman filter,0.018805901875000003
Parser combinator,0.018853053124999963
audio signal processing,0.01939589571428571
plot,0.019455319821428563
instant messaging,0.019640036874999933
data science,0.020166549196428574
security,0.020782395625000005
smart contract,0.02111106571428578
convolutional neural network,0.02155900392857149
package management system,0.02212189928571434
static program analysis,0.023631805803571437
web application,0.02510589205357136
search,0.026272218839285738
object detection,0.026533440714285678
website,0.027304746339285674
linear regression,0.030328133571428606
client,0.03186233348214279
File Transfer Protocol,0.0322841359821428
content management system,0.0360527139285714
3D modeling,0.037069561071428586
optical character recognition,0.03771334723214287
test automation,0.03915496508928579
file system,0.039971761071428524
logging,0.0455261449107143
debugger,0.08787808366071431
