domain,diff
text mining,0.002604099999999998
automation,0.0030298668749999813
3D modeling,0.003352714583333305
security,0.0035040939583333153
search,0.005244008333333328
malware,0.005347080208333299
streaming media,0.0068537358333333465
language model,0.008019571458333347
distributed system,0.008053351666666653
logging,0.00819368437500001
web browser engine,0.008296078541666696
instant messaging,0.009741586250000017
microservices,0.01057661916666669
data binding,0.011245560416666689
database,0.011373237499999966
Malware Analysis,0.01198929166666668
test automation,0.012121605833333299
Parser combinator,0.012684433124999978
recommender system,0.01278186041666668
embedded system,0.014118591458333274
regular expression,0.014283029583333329
back end,0.015275357291666625
text classification,0.015426676666666694
graphical user interface,0.015552642500000019
text processing,0.015605032708333327
web browser,0.01570638395833332
server,0.01606252604166669
File Transfer Protocol,0.01634532250000001
software testing,0.01692856625
smart contract,0.017095663541666695
code generation,0.01715286833333332
distributed database,0.017253503333333364
graph database,0.017292816666666683
penetration test,0.01749823812500001
stream processing,0.018325466874999974
information processing,0.018969628125
geographic information system,0.01921944083333335
command-line interface,0.02000845354166661
HTTP server,0.020192952083333326
user interface,0.022145008749999945
telecommunications network,0.022157421875
application performance management,0.022784134166666692
machine learning,0.023204340416666636
support vector machine,0.023459175416666644
validator,0.02763638312499997
analytics,0.027842732499999995
plot,0.028004792499999986
web server,0.032037751666666614
front end,0.03333716583333332
computer configuration,0.03372348854166668
optical character recognition,0.03452656062499998
unit testing,0.034945130416666664
web service,0.03544003541666668
object detection,0.03560214562499997
client,0.036389206250000056
signal processing,0.038090158124999995
web application security,0.03890122604166665
data visualization,0.040128075624999954
algorithm,0.04014255333333333
World Wide Web,0.040971055624999975
package management system,0.04133090999999994
data analysis,0.04140822999999999
sorting algorithm,0.04158426499999998
data,0.04338957666666668
data compression,0.04807667833333337
content management system,0.05259702062499999
website,0.054547332916666746
data structure,0.05526442208333332
dependency injection,0.05626263312499999
big data,0.05633968854166671
static site generator,0.0563832497916667
pattern matching,0.056583186666666646
time series,0.05687986291666672
data science,0.05765974541666666
long short-term memory,0.06408693958333334
file system,0.0693104283333334
web application,0.07269127812500001
benchmark,0.07415344937499993
Web Components,0.08661142645833333
computer data storage,0.09863202791666664
