domain,diff
penetration test,0.0009246531249999523
database,0.0015474243750000505
server,0.0023190593749999877
user interface,0.002989258750000001
operating system,0.005830594374999942
distributed computing,0.006478301874999953
validator,0.007020944374999977
authentication,0.007562660625000023
security,0.008546378750000028
command-line interface,0.008839930624999992
test automation,0.012117298125000009
machine learning,0.012309023750000009
text classification,0.012448291874999962
application performance management,0.01249830812500008
serialization,0.012771370625
unit testing,0.014642068125000018
recommender system,0.015168171249999973
email,0.015646811250000003
file system,0.015861141874999984
smart contract,0.01650375999999998
middleware,0.017290443749999995
logging,0.018048982500000033
sorting algorithm,0.018414791250000034
microservices,0.01895187250000005
linear regression,0.019910358749999996
big data,0.020050949999999984
translation,0.021280258125000007
text processing,0.021977003749999974
data,0.022134513125000033
object detection,0.023554473124999975
information processing,0.02498438250000007
software testing,0.025719792500000005
data binding,0.025767436875000077
optical character recognition,0.026284330000000022
data structure,0.026305422499999953
continuous integration,0.026443760625000035
3D modeling,0.028838290624999985
back end,0.029171589374999973
instant messaging,0.029599575000000045
algorithm,0.030641122500000006
automation,0.03340931750000009
regular expression,0.03346410437499997
schema migration,0.03377108187499997
streaming media,0.034973585
web service,0.037474138125
password manager,0.03963735562499998
dependency injection,0.040014303124999984
benchmark,0.04095593437499995
web application security,0.04204898437499999
synchronization,0.04239964562499998
pattern matching,0.04852054750000001
web application,0.05455512437500004
web server,0.05890409000000002
World Wide Web,0.059234447500000065
website,0.06084410625000003
time series,0.06784328249999996
package management system,0.07163110437499998
content management system,0.07628771250000002
scheduler,0.08236219875
Web Components,0.086378933125
