domain,diff
digital image processing,0.0007367233333333278
computer vision,0.0008052860416666308
operating system,0.0009271120833333202
geographic information system,0.0012043747222222068
backup,0.001205229930555607
file system,0.00240111055555553
object–relational mapping,0.002444308888888913
stream processing,0.0029504913194444704
unit testing,0.004151384861111107
command-line interface,0.004750206736111151
big data,0.005051960208333345
user interface,0.0056241179166667266
data visualization,0.0061687318750000275
logging,0.006329640763888922
data,0.00848629972222223
test automation,0.008729457777777838
graphical user interface,0.008866951111111132
security,0.00935423923611109
data structure,0.009412357361111096
File Transfer Protocol,0.009728133333333278
deep learning,0.010204017083333378
penetration test,0.011190695902777742
face detection,0.011378259999999973
embedded system,0.011551349930555566
telecommunications network,0.011689495763888863
database,0.011746596111111118
smart contract,0.011880557152777749
image recognition,0.012247934305555513
data compression,0.012343952222222232
computer configuration,0.012462146597222196
linear regression,0.013152011041666689
information processing,0.013459637569444488
facial recognition system,0.014058835972222183
object detection,0.014133835347222262
language model,0.017015983124999967
application performance management,0.017234407777777738
instant messaging,0.018520270416666706
automation,0.019385709513888905
support vector machine,0.01945087847222221
analytics,0.019834021666666674
cloud computing,0.020094633194444433
server,0.020108855625000005
software testing,0.020846532638888804
recommender system,0.02289130180555557
signal processing,0.023313301458333324
graph database,0.023339271111111115
back end,0.023876059236111136
web application security,0.024310196597222222
client,0.02628912124999999
anomaly detection,0.026881934444444422
HTTP server,0.028300361805555507
web service,0.030174554305555545
mobile application development,0.03093911111111114
computer data storage,0.03430219097222226
microservices,0.03807373222222227
web application,0.04772052006944444
data binding,0.0491288445833333
World Wide Web,0.05081840673611118
website,0.05560804402777769
content management system,0.059594351736111106
package management system,0.06039511138888892
pattern matching,0.06142185777777773
regular expression,0.062329302361111116
password manager,0.0659205915277778
web server,0.06908192388888884
