domain,diff
smart contract,0.0029776189583332613
security,0.003026485208333346
telecommunications network,0.003619539791666654
server,0.0044567877083332985
recommender system,0.004899796250000005
software testing,0.005249645416666671
game server,0.0058991556249999855
logging,0.007636045208333331
penetration test,0.008205326458333329
data,0.009172147499999977
unit testing,0.009564099583333319
cloud computing,0.009712939583333358
language model,0.010555188125000003
distributed system,0.011182044999999974
data structure,0.011632036249999977
data binding,0.012459336250000036
user interface,0.013375462916666692
operating system,0.014938296249999983
analytics,0.016586589999999984
HTTP server,0.01663764125000003
linear regression,0.017591086041666676
graphical user interface,0.01786018166666664
speech synthesis,0.01824854833333331
file system,0.0184462316666667
microservices,0.01872985499999999
game engine,0.01901172208333332
big data,0.019362181875000023
dependency injection,0.020946337291666672
machine learning,0.02173621874999998
streaming media,0.023183663333333382
object detection,0.02368086645833331
database,0.02592455166666663
support vector machine,0.02649613124999997
back end,0.030593298125
HTTP client,0.03136791416666673
distributed computing,0.03191089104166672
web service,0.03231114541666669
cluster analysis,0.03337396750000002
time series,0.03378370625000002
instant messaging,0.03475726708333335
web application security,0.03721421937499994
client,0.03757356624999997
sorting algorithm,0.03823466249999999
application performance management,0.039564536666666705
test automation,0.039566519999999994
information processing,0.04036502145833332
signal processing,0.04041068145833335
automation,0.04092936062500002
stream processing,0.041222496874999986
audio signal processing,0.04220728374999996
artificial intelligence,0.04664347041666664
web server,0.0489661666666667
synchronization,0.05025838458333334
static program analysis,0.05285884062499996
scheduler,0.05444796395833329
benchmark,0.06118169687500008
World Wide Web,0.06522930562500004
web application,0.06839752395833332
package management system,0.06958497750000003
website,0.07635130791666664
Web Components,0.08580133395833331
content management system,0.08673582895833334
