domain,diff
reinforcement learning,1.1943249999979422e-05
data science,0.00011836062500003575
static program analysis tool,0.00018345537499997455
continuous integration,0.00042259837500005504
deep learning,0.0008456084999999836
game engine,0.0010780964999999865
unit testing,0.0010892682499999973
mobile application development,0.001216606125000047
engineering,0.0014908240000000017
deep neural network,0.001556682249999941
web server,0.0018602885000000013
automation,0.0019613372500000004
integrated development environment,0.0027162873750000704
object-oriented programming,0.003262431499999996
support vector machine,0.0037794228749999936
artificial intelligence,0.004003109249999998
digital image processing,0.004183632249999958
image recognition,0.004230900625000006
cloud computing,0.004288270624999979
regular expression,0.0044217437499999845
instant messaging,0.004569848124999998
streaming media,0.005093607750000062
microservices,0.005526715374999991
security,0.0057924226250000155
linear regression,0.005920954999999978
continuous delivery,0.00601920387499999
client,0.006542659374999982
web application security,0.006697733625000035
penetration test,0.00705040787499997
face detection,0.0073279081250000044
validator,0.007466887625000029
database management,0.00775526175000002
language model,0.008012967625000034
test automation,0.008020721624999949
data compression,0.008513146000000027
code generation,0.008558918874999988
machine learning,0.009053715374999938
continuous deployment,0.00919284637499998
data analysis,0.009194304999999986
stream processing,0.009455374874999978
pattern matching,0.009609586250000024
HTTP client,0.009643711750000006
big data,0.010409336374999967
plot,0.011168571249999981
command-line interface,0.012279849750000016
data,0.012300270000000002
computer vision,0.012431865125000024
HTTP server,0.012914331124999956
computer data storage,0.012976177499999991
package management system,0.01324367200000004
facial recognition system,0.013458219000000049
web application,0.013527581374999986
search,0.014073541874999984
graphical user interface,0.014154458375000012
web development,0.01418161574999996
email,0.014969968
web service,0.015175530624999989
information processing,0.016086570500000008
object detection,0.016759195999999976
web browser,0.016796065500000013
back end,0.017017092500000025
sorting algorithm,0.017113550625
Parser combinator,0.01720050612499996
server,0.018398368625000022
database,0.018578676999999988
dependency injection,0.018968241499999983
digital security,0.019643696499999974
user interface,0.02068182624999998
backup,0.021675468250000024
data binding,0.021728557749999988
file system,0.02181143750000003
analytics,0.02354938712499996
text classification,0.023892787499999957
front end,0.02545397399999999
data structure,0.02777172837499997
content management system,0.028119227500000066
World Wide Web,0.02836251675000001
text processing,0.028370420749999903
smart contract,0.02902820300000003
website,0.02930281837500004
software testing,0.03133104937500003
graph database,0.03803039450000001
static site generator,0.041345950249999985
Web Components,0.043388784000000014
business dashboard,0.043939998624999976
geographic information system,0.04486203962499999
object–relational mapping,0.045907970125
web crawler,0.050966008499999965
geographic information,0.05111509525000002
