domain,diff
unit testing,0.001522227083333355
pattern matching,0.0017286720833333546
command-line interface,0.0019261895833333487
web server,0.0019871116666666244
object detection,0.0020868108333333135
instant messaging,0.0023471422916667706
cloud computing,0.0030791956249999752
package management system,0.003914967500000033
web application,0.0039481652083332985
web application security,0.004355036041666677
static program analysis,0.0052843710416667355
linear regression,0.006483308333333299
HTTP server,0.006759450625000024
algorithm,0.006783388541666657
penetration test,0.006962515208333325
data compression,0.007021648333333352
data structure,0.007560683541666641
neural network,0.008051671249999975
automation,0.008808032083333361
server,0.00942845395833336
data,0.009515914166666695
static program analysis tool,0.01008629062500005
HTTP client,0.010168413749999994
game server,0.011143046041666632
regular expression,0.011697602916666688
search,0.012357993958333341
database,0.012957068333333266
information processing,0.013048272500000013
language model,0.013341766874999939
computer data storage,0.013617285000000007
web service,0.013621675625000051
website,0.01387733687499998
computer configuration,0.013902903750000056
recommender system,0.01412865249999995
World Wide Web,0.015118898750000054
test automation,0.015929803541666676
logging,0.01641950979166673
stream processing,0.016553717708333304
big data,0.017074046875000026
e-commerce,0.019425738333333387
software testing,0.020419609375000064
user interface,0.020431684583333387
graphical user interface,0.020715975208333348
security,0.020928031458333357
smart contract,0.021219514999999967
data analysis,0.022390607499999965
application performance management,0.023844208749999984
plot,0.024109132083333346
data binding,0.02554851458333332
file system,0.0282313025
content management system,0.031528029999999985
compiler,0.03160660874999999
continuous integration,0.03297225187499997
Parser combinator,0.03348883812499995
web development,0.03349150624999994
debugger,0.03388981104166669
web browser engine,0.03421198854166674
geographic information system,0.03472313812500008
game engine,0.035557709999999965
back end,0.03561009333333337
text processing,0.04297297625000002
code generation,0.04433498770833333
data visualization,0.04840977083333328
front end,0.048674350833333324
Web Components,0.051901614166666665
rendering,0.05953585791666666
