domain,diff
password manager,0.0008590802777777296
image,0.00091761874999996
object detection,0.0009549883333332954
image segmentation,0.001197878958333315
continuous integration,0.0016940082638889076
web server,0.0027922724999999704
instant messaging,0.0028922179861110564
pattern matching,0.003036461250000011
automation,0.003109305972222254
middleware,0.0033799324305555656
information processing,0.0037145636111110547
sorting algorithm,0.00391492062500004
penetration test,0.004761076875000048
algorithm,0.005316707986111058
email,0.0058534594444444865
image captioning,0.005864737569444417
linear regression,0.005951951111111159
client,0.007168988402777798
artificial intelligence,0.007970382361111167
graphical user interface,0.00819335826388884
big data,0.00888633770833333
data analysis,0.009729085555555544
analytics,0.01008870090277783
back end,0.010628971944444454
security,0.011222844513888941
test automation,0.011652198263888913
machine learning,0.01467021548611111
regular expression,0.014816838194444432
unit testing,0.015270450416666637
cloud computing,0.015270625624999978
smart contract,0.01603999833333336
World Wide Web,0.016243242638888933
language model,0.01636639784722227
data,0.016440307222222228
website,0.016488070486111117
user interface,0.016828586250000055
HTTP server,0.017362709236111107
server,0.01849850618055554
file system,0.018599684166666575
distributed multimedia communications platform,0.018944581944444427
database,0.019059988333333333
data compression,0.01988909666666669
text classification,0.02182725138888883
data visualization,0.022654326388888868
text processing,0.023998398749999927
web service,0.024283447291666704
data structure,0.026048044374999968
validator,0.026971232847222165
File Transfer Protocol,0.027232537569444437
software testing,0.02794362826388891
software development,0.02938367805555553
data binding,0.03509144763888883
