domain,diff
smart contract,0.00033691138888891636
graphical user interface,0.0010284575000000795
big data,0.0010709758333333208
microservices,0.0016181822222222364
compiler,0.0019494944444444773
analytics,0.0020375350000000347
data binding,0.002336500833333366
pattern matching,0.0028144638888888684
continuous delivery,0.0036709502777778624
middleware,0.003764441944444502
backup,0.004719285555555591
HTTP client,0.005845220833333331
package management system,0.006175223888888859
automation,0.0063494416666666775
test automation,0.006402902499999974
signal processing,0.0071281052777777965
website,0.007536549444444485
web application,0.007550838333333337
stream processing,0.008190096111111156
benchmark,0.008335129722222195
static program analysis,0.008438571944444417
web application security,0.00859216722222228
regular expression,0.008765164166666645
information processing,0.008771754166666673
back end,0.008793537777777749
network security,0.008816381666666678
user interface,0.009128119722222217
object detection,0.01045763583333334
continuous integration,0.01048157749999995
data,0.010532107500000082
File Transfer Protocol,0.011393748055555541
client,0.011428464444444453
telecommunications network,0.012178718333333338
logging,0.012814038055555615
integrated development environment,0.013689015277777827
data structure,0.01377731638888885
World Wide Web,0.014264951111111063
data compression,0.014421742500000001
web service,0.014502232222222189
database,0.014851681111111126
instant messaging,0.0159829672222222
social network,0.016656293888888896
game server,0.016731297499999964
digital security,0.017927426111111117
embedded system,0.018176318611111103
computer configuration,0.018266901111111122
text editor,0.018841852777777807
web server,0.020947677777777785
text processing,0.02173008277777777
image compression,0.023102941111111108
security,0.02337998805555566
computer data storage,0.02348606611111112
operating system,0.02449545944444448
DevOps,0.024903016388888893
web development,0.02505387527777772
content management system,0.02565408027777777
HTTP server,0.026260946111111072
file system,0.02775443416666662
plot,0.028462845833333333
software development,0.029871303611111066
server,0.03323564361111114
encryption,0.03362696000000001
penetration test,0.040129121388888855
command-line interface,0.050289203888888856
password manager,0.05733254944444449
authentication,0.05977973027777772
