domain,diff
microservices,3.290794642857309e-05
machine learning,0.0015564385714285645
social network,0.0016185669642857226
image compression,0.001995419196428594
linear regression,0.001999554017857119
recommender system,0.00337663678571426
algorithmic trading,0.004178816607142866
video tracking,0.004770570803571406
code generation,0.005883520803571407
Web Components,0.006282414107142809
compiler,0.006322447321428559
cloud computing,0.006886444642857176
encryption,0.007314207857142874
software testing,0.007379548928571428
support vector machine,0.007844126517857153
unit testing,0.008545227946428563
security,0.009093150357142837
network security,0.009559952499999969
continuous delivery,0.010523947142857093
audio signal processing,0.01054203517857144
continuous integration,0.01070098919642859
static program analysis,0.01158642437499996
web application security,0.011654079285714353
semi-supervised learning,0.011905571696428585
website,0.011928499910714263
validator,0.01203682294642855
software design pattern,0.012049803392857189
object detection,0.012104239821428525
front end,0.01224610812499996
network analysis,0.012380555089285733
game engine,0.012417917142857116
DevOps,0.01250804866071431
static program analysis tool,0.013146465803571428
signal processing,0.01344617919642857
content management system,0.013786529107142786
package management system,0.01388428473214287
algorithm,0.014187341428571448
automation,0.01544561303571429
test automation,0.01565997285714288
data compression,0.0158486925892857
data analysis,0.016025593214285677
electronic trading platform,0.016401796785714295
dependency injection,0.016476901517857134
software engineering,0.01677778455357143
artificial intelligence,0.01709005633928573
back end,0.0184725872321429
augmented reality,0.01855161062500002
reinforcement learning,0.019049163392857116
big data,0.01959275857142856
smart contract,0.02100218169642859
Naive Bayes classifier,0.021391233214285738
distributed system,0.021568978750000023
web application,0.02226221339285711
regular expression,0.022471200000000052
email,0.023382381428571408
File Transfer Protocol,0.024240668749999972
operating system,0.024299472232142877
rendering,0.02468989580357142
graphical user interface,0.025061859107142842
web browser engine,0.027581773035714324
client,0.0281907008035715
benchmark,0.02849083330357141
text processing,0.02892654848214285
streaming media,0.029463829017857157
web service,0.030632774017857134
World Wide Web,0.030660775714285715
question answering,0.03072942062500003
image,0.03076129375
file system,0.030784982232142877
computer configuration,0.03091699776785714
Semantic Web,0.031163083392857116
penetration test,0.031251160714285714
stream processing,0.03140913446428578
command-line interface,0.03147732392857144
language model,0.032382128928571396
data,0.032722101160714334
middleware,0.03296356500000003
debugger,0.034844607857142884
password manager,0.03528028964285718
data binding,0.035502295089285735
database,0.03625024142857142
pattern matching,0.037317573124999975
logging,0.0376675107142857
data structure,0.03792210258928569
application performance management,0.038035291428571455
information processing,0.03822198035714289
sorting algorithm,0.039659923303571404
user interface,0.04019741678571434
web browser,0.041360800357142874
computer data storage,0.041616039285714335
object–relational mapping,0.042253761160714276
server,0.04235307258928572
telecommunications network,0.04394683223214288
web crawler,0.044119489821428604
web server,0.044332249910714355
HTTP server,0.045775116607142924
embedded system,0.04691162214285716
geographic information system,0.048844182946428505
instant messaging,0.07548082508928569
