domain,diff
microservices,0.0026776467249999825
algorithm,0.0042236016949361785
serialization,0.0072982364999999855
website,0.008534989843749993
analytics,0.012767991750000013
security,0.020904748624999997
documentation,0.03024777253602321
validator,0.031356977375
server,0.043075576625
client,0.046592837875000015
database,0.048535151875000015
authentication,0.05643507462499997
logging,0.06187977775000003
design,0.08514290373750492
automation,0.09185735463270059
data,0.10810109825000001
middleware,0.113875595
