domain,diff
benchmark,0.0024154126531947366
translation,0.0048715581875
serialization,0.005512342000000003
security,0.006325499750000005
backup,0.011213659375000004
encryption,0.014853492812500008
authentication,0.019126551249999985
search,0.02161748875000001
synchronization,0.022635288124999972
compiler,0.024280135873338264
scheduler,0.02634597749999995
algorithm,0.026661295717494926
analytics,0.029065059374999994
logging,0.03204279624999998
graph,0.032268871687500006
middleware,0.04323618225000002
statistics,0.04473688087500001
website,0.04583584056250001
validator,0.04925134139375
interpreter,0.049358886875
classification,0.05728769033344836
blockchain,0.07764149968750002
email,0.10142949256250001
visualization,0.10230001340003012
microservices,0.11785924051624998
client,0.13255060812500002
engineering,0.14845463489090668
server,0.15164247250000001
database,0.15216312062499998
automation,0.1590425207827224
data,0.2180841338657192
