domain,diff
analytics,0.0010895223888889027
cryptocurrency,0.006026157068148762
compiler,0.008932849404449314
middleware,0.01621320166666669
e-commerce,0.016737575870946233
scheduler,0.02125460722222225
benchmark,0.021477268985962916
search,0.02216331155555555
authentication,0.025468247333333346
website,0.02871727041058806
education,0.029553846872484968
algorithm,0.030130092849381722
translation,0.031275580777777756
logging,0.03404724944444444
parsing,0.03517155067875983
virtualization,0.041777959879917566
blockchain,0.04313234030683076
client,0.047237327777777754
validator,0.05207101805555554
security,0.0596132243333333
server,0.06689576000000005
database,0.06834863888888895
serialization,0.07539888566666668
automation,0.09255796070076736
microservices,0.10033644492984445
data,0.10896751500000003
synchronization,0.11171971333333337
