domain,diff
logging,0.0014248172500000156
e-commerce,0.0018329144807357825
validator,0.0024198718749999792
education,0.006704273420581116
classification,0.007801779000924908
middleware,0.01026473
synchronization,0.010525815000000022
scheduler,0.010539322124999986
chatbot,0.011557237501064653
compiler,0.01551003155038723
algorithm,0.019352365763058356
security,0.026521292500000015
authentication,0.026810882499999994
server,0.026975968749999996
documentation,0.02728598026605352
microservices,0.02844449393750001
client,0.028963870625000027
analytics,0.03248665287168501
automation,0.035831181956601184
database,0.03918807937499999
data,0.039977997500000056
search,0.04737754062499999
website,0.061001476956745224
serialization,0.06718850531249998
