domain,diff
search,0.008620969625000016
logging,0.010668821249999988
security,0.011301104374999982
authentication,0.013218416875
benchmark,0.017005432489578854
server,0.020142668124999985
client,0.03073745
scheduler,0.033680379375000014
database,0.03975311937499995
router,0.04799402562500002
analytics,0.06717439812500002
microservices,0.06899209052229231
synchronization,0.0815239018125
compiler,0.08164615088508735
validator,0.085232968875
automation,0.0881503595207099
data,0.12175114303859592
website,0.140338274154867
