domain,diff
sequencing,0.0010734036666666669
cryptocurrency,0.0026960590133379217
benchmark,0.010059801063682955
analytics,0.02780976792830071
statistics,0.02791610388888889
translation,0.030339967777777782
database,0.04208054388888888
validator,0.046195304222222205
mathematics,0.046808228280876274
serialization,0.047737446091565924
classification,0.055419798888888885
compiler,0.05947522472222225
blockchain,0.06417970713020041
search,0.07939792227777778
logging,0.0830522591053112
security,0.08354567406599545
client,0.08536625044444444
server,0.09074274262777779
algorithm,0.10917270333333332
microservices,0.12299679812314275
automation,0.1426295209836462
data,0.16749019383333336
