domain,diff
compiler,0.002634195944444445
database,0.010615225902777803
serialization,0.013716843520833327
validator,0.014294009888701541
synchronization,0.027828357027777806
scheduler,0.0482848842361111
analytics,0.05387090522175821
blockchain,0.055799716055555545
microservices,0.06359878239631278
data,0.070664780625
encryption,0.07890723259722222
algorithm,0.08751445072222222
website,0.08903125768266464
logging,0.09224342931900673
automation,0.0934767189156138
security,0.10483499508868585
authentication,0.12054281664894564
server,0.1516491065972222
client,0.16695835131944436
