domain,diff
client,0.009457287625000005
server,0.016434683749999984
authentication,0.01940963612499999
security,0.02088335350000002
scheduler,0.02747504125
logging,0.03450669312499999
encryption,0.039302092375
database,0.03944541500000001
cryptocurrency,0.05711917063967896
compiler,0.06013897016542434
analytics,0.08936566516741515
serialization,0.0954492362277115
microservices,0.12416024287370406
validator,0.12833226125
automation,0.13287683231134953
data,0.16203078876476187
website,0.1912619190894031
