domain,diff
server,0.003628333857142896
debugging,0.011326775834038074
translation,0.011494823714285701
logging,0.013176510087142865
serialization,0.01485593625999998
backup,0.03154432371428571
client,0.033752749
database,0.04561686328571429
search,0.05284144954285715
authentication,0.0697657134
synchronization,0.07628483509999999
security,0.08888497379999999
data,0.09155138457142853
compiler,0.09265049873114808
validator,0.09458302702756041
cryptocurrency,0.10786174679258992
analytics,0.11293655754285714
design,0.13293608327142858
blockchain,0.16214829232304206
website,0.18115539381362097
