domain,diff
synchronization,0.0028559933594945047
algorithm,0.004027979937500009
plot,0.004919906761640759
website,0.006598787031250011
backup,0.009326341500000002
translation,0.009886557500000004
malware,0.015102071474325136
analytics,0.01618170175
parsing,0.018919661701766993
interpreter,0.019009607625
encryption,0.01918585509375001
kernel,0.019316869375000018
compiler,0.025547317499999986
security,0.02638897178591354
rendering,0.02928781749141287
debugger,0.03205750616100447
microservices,0.032750315403432054
statistics,0.033927467499999975
logging,0.03446250716986189
virtualization,0.03714168791310395
authentication,0.03946375919516838
serialization,0.04060968730840541
automation,0.0460483756863604
scheduler,0.05009434906249999
blockchain,0.05226879781250002
benchmark,0.056719680346780946
validator,0.067983290125
search,0.06823394499999999
classification,0.06887333308124999
e-commerce,0.07121278904376113
cryptography,0.08081515434888953
middleware,0.0880802726875
finance,0.08874301188189826
database,0.09136805437500001
router,0.0998995275
client,0.11681821249999999
server,0.13489017437499998
data,0.13529960375
documentation,0.1689584509385366
