domain,diff
e-commerce,1.271428571314459e-07
web browser,0.00017656777777780297
web crawler,0.00023833873015871587
dependency injection,0.0002693254761904629
deep learning,0.00036800698412695065
audio signal processing,0.00046667920634918536
scheduler,0.0006113723015872541
Parser combinator,0.0010913543650793445
optical character recognition,0.0013814717460317039
streaming media,0.0016073629365079278
validator,0.0020693128571428188
Containerization,0.0027202530158730864
password manager,0.0027311671428571493
smart contract,0.0027744660317460257
encryption,0.002886199206349249
artificial neural network,0.003156417222222263
interpreter,0.004175099841269819
signal processing,0.004192498650793602
data compression,0.004215061269841169
email,0.004349801507936513
benchmark,0.004522779126984178
unit testing,0.004544640793650745
regular expression,0.004757499920634928
language model,0.004767779920634929
web browser engine,0.005063337619047592
computer configuration,0.005188049920634985
internet bot,0.0055124404761904555
face detection,0.005527132063492063
functional programming,0.005877944126984169
user interface,0.006017503730158802
deep neural network,0.006030946666666648
microservices,0.006088021984127001
linear algebra,0.007194864365079379
data visualization,0.007441080555555535
reinforcement learning,0.007721420793650791
logging,0.009013548888888834
convolutional neural network,0.009237156746031733
plot,0.009469702539682545
static program analysis,0.009579910714285711
data mining,0.009703837857142905
static program analysis tool,0.009887761825396801
object detection,0.009943402539682511
continuous integration,0.009962659682539676
internet of things,0.010566369444444501
computational science,0.010794882380952359
facial recognition system,0.01088759373015874
data science,0.011121104285714278
linear regression,0.011123509682539667
support vector machine,0.011295828015873005
automation,0.01153489007936509
penetration test,0.011762490238095252
middleware,0.011785314841269878
website,0.01212056293650804
cryptography,0.012219608095238116
graph database,0.012221320952380932
security,0.012250638174603146
translation,0.012355343253968226
big data,0.012557260317460323
front end,0.01261578992063489
web application security,0.012726093809523803
web application,0.01287396341269842
search,0.013150085952381013
long short-term memory,0.013265002380952351
data analysis,0.013271434761904788
classification,0.01383725777777775
computer data storage,0.013932060634920668
recommender system,0.014085459920634924
machine learning,0.014159266825396838
content management system,0.014197494206349137
digital image processing,0.014616334206349224
cloud computing,0.01476645619047623
authentication,0.014845253253968294
digital security,0.014950231428571409
artificial intelligence,0.015041985317460288
web scraping,0.015149840952381005
World Wide Web,0.015187127142857165
pattern matching,0.015570444126984107
database management,0.01568555801587307
"extract, transform, load",0.016543903015872996
geographic information system,0.016602599999999967
graphical user interface,0.01660882603174607
Web Components,0.016619615238095298
blockchain,0.016938510793650746
game server,0.016955758888888894
time series,0.01728983380952384
data structure,0.01752301515873017
virtual machine,0.017607315079365027
embedded system,0.01839761777777782
sorting algorithm,0.018428844047619047
algorithm,0.01845822809523809
client,0.018677927936507965
backup,0.01895066325396827
back end,0.019267892301587264
application performance management,0.019878592857142774
synchronization,0.020424938015873
sentiment analysis,0.02055133865079367
analytics,0.020799201349206403
question answering,0.02135724793650795
network analysis,0.02268134976190475
instant messaging,0.022911665555555544
database,0.022945888888888877
File Transfer Protocol,0.02343633396825401
HTTP client,0.023814385238095204
distributed computing,0.02449041746031741
test automation,0.024577246031745992
image recognition,0.024735421111111128
file system,0.024793688174603146
robotics,0.025202481825396833
named-entity recognition,0.02521953111111111
text processing,0.025592109841269778
telecommunications network,0.0256611176984127
network security,0.02604904984126985
distributed multimedia communications platform,0.027707472301587294
web development,0.02793135753968254
data,0.028074109920634915
distributed system,0.02858159674603175
computer vision,0.029280698253968257
package management system,0.02935702317460326
speech synthesis,0.030667627222222216
serialization,0.030880051587301643
malware,0.03154984674603173
command-line interface,0.032053352380952416
server,0.03215939563492065
compiler,0.03217920007936503
web server,0.03218560476190485
data binding,0.03344456253968256
object–relational mapping,0.034294218968253964
game engine,0.03530969634920633
text classification,0.03533904722222228
integrated development environment,0.03598475103174603
mobile application development,0.036229003015873035
text editor,0.03630965833333333
Semantic Web,0.03749504349206356
computer graphics,0.03757182865079364
web service,0.039774104126984094
operating system,0.039776378412698404
software testing,0.04052757174603172
HTTP server,0.04074048031746025
information processing,0.041156320317460277
shell tool,0.04130106277777784
WebSocket,0.04214530261904767
stream processing,0.04572194341269842
distributed database,0.04702838571428572
schema migration,0.049501790714285704
software development,0.0541092673809524
