domain,diff
World Wide Web,0.0001795699206349477
signal processing,0.0002482163492063538
object detection,0.0005347563492063556
word embedding,0.000564708333333358
audio signal processing,0.0006777880952379967
home automation,0.0008833011904761934
web application security,0.0009957043650793973
authentication,0.0010113038095238003
transfer learning,0.001114691984127003
graph algorithm,0.0012221489682539555
image captioning,0.0020180749206349935
data compression,0.002161021825396847
language model,0.0026557521428571262
optical character recognition,0.002700796587301546
DevOps,0.0028218790476191025
Q-learning,0.0030563465079365137
unit testing,0.0030655708730158993
facial recognition system,0.0033524315079364875
logistic regression model,0.003363186269841223
router,0.0036923758730159073
game server,0.003709386111111157
web server,0.003894769761904865
static program analysis tool,0.004075120714285785
face detection,0.004118394047619073
deep learning,0.004217996904761906
kernel,0.004581528095238069
HTTP client,0.004637909761904702
security,0.004786798174603146
Kalman filter,0.004810237619047614
plot,0.005531108650793648
image classification,0.00580349277777778
software architecture,0.006107297857142924
automation,0.0062308695238095235
encryption,0.006379657460317462
front end,0.006415179365079404
data visualization,0.006662613333333345
regular expression,0.006691301031746061
smart contract,0.006753453253968367
data analysis,0.0068262219841269955
mathematical optimization,0.006849366984126998
computer configuration,0.007158948253968234
user interface,0.0074076415079364355
linear regression,0.007410681349206361
web scraping,0.007540687380952427
File Transfer Protocol,0.007594778412698483
machine learning,0.007742896825396833
recommender system,0.007953756587301575
data mining,0.00837522785714287
debugger,0.008470718253968224
interpreter,0.008890714603174588
database management,0.008937942460317483
search,0.008982070396825359
question answering,0.009095727936507897
continuous deployment,0.009140415714285699
continuous delivery,0.009252470634920629
artificial neural network,0.009308501111111145
digital image processing,0.009335271428571379
Parser combinator,0.009395643809523818
artificial intelligence,0.009720687539682527
email,0.010306040396825422
reinforcement learning,0.010460363571428488
blockchain,0.010590794682539678
validator,0.010696164920634937
computer data storage,0.010770165079365068
microservices,0.011495466984126956
scheduler,0.011587746746031746
software design pattern,0.011710325952380918
embedded system,0.011844691666666629
deep neural network,0.011980892222222206
data science,0.012100062063492095
middleware,0.012125969841269846
lexical analysis,0.012185940555555552
video processing,0.012314277698412701
WebSocket,0.012342849841269848
analytics,0.01234384412698411
Image analysis,0.012610431825396784
big data,0.012801536428571403
content management system,0.013133076984126968
information retrieval,0.013263169841269878
back end,0.013289553968253931
debugging,0.013522837063492055
database,0.013682113333333273
image,0.013703969126984183
documentation,0.013714102222222246
geographic information system,0.013739908333333356
HTTP server,0.0139800914285714
routing,0.014408848253968182
continuous integration,0.014675151904761874
dependency injection,0.01471305492063496
convolutional neural network,0.014767118968253917
font,0.014779159761904775
time series,0.01512841714285712
graph database,0.015304620952380915
instant messaging,0.015331201111111192
password manager,0.015359342698412659
long short-term memory,0.015413489047619078
pattern matching,0.0154825463492064
graphical user interface,0.015492672698412757
penetration test,0.01607219079365077
support vector machine,0.016079625238095224
algorithm,0.016244787539682504
test automation,0.016281958809523822
static program analysis,0.016366296825396864
topic modeling,0.016571296111111078
cloud computing,0.01661379896825399
productivity,0.016909346507936546
network analysis,0.01712572420634917
network security,0.017481089841269837
logging,0.017634753888888854
web crawler,0.017654640714285713
Bidirectional recurrent neural networks,0.017780529047619037
server,0.018295832301587323
backup,0.01841635880952372
image recognition,0.018619528888888903
virtual machine,0.01880706952380945
simulation,0.019200965476190435
package management system,0.020016178730158707
application performance management,0.020642930079365074
"extract, transform, load",0.02079172690476183
translation,0.020808893809523832
streaming media,0.021313332380952343
text processing,0.02132197373015876
information extraction,0.021958869841269824
computer vision,0.022108796031746092
web browser,0.022125690555555577
robotics,0.022444097936507895
distributed system,0.022900707301587303
web browser engine,0.02299313817460319
geographic information,0.02328150007936511
website,0.023668769603174544
telecommunications network,0.023685394920634872
sentiment analysis,0.023847491428571427
compiler,0.023880847857142784
integrated development environment,0.02406340992063488
data,0.024326762698412663
statistics,0.02457377460317467
data structure,0.024726437936507945
natural language,0.02482936571428576
natural language understanding,0.025351267222222224
web application,0.025771601746031714
Web Components,0.025849405238095202
file system,0.02591048095238091
client,0.025961211269841244
distributed multimedia communications platform,0.02615768063492066
natural language processing,0.026698425714285684
network monitoring,0.027970471587301565
cluster analysis,0.028766229523809556
information processing,0.028794624206349234
augmented reality,0.02889280944444439
text editor,0.02944190222222226
stream processing,0.02984118563492061
text mining,0.02988381849206348
mobile application development,0.030438885238095265
anomaly detection,0.031331708412698445
software testing,0.03252467230158729
data binding,0.03400931753968253
web service,0.03403563357142861
distributed database,0.0344356146031746
search engine,0.035569330079365136
web development,0.03578629476190473
serialization,0.03627272158730166
game engine,0.03652835301587304
text classification,0.03721088388888885
computer programming,0.039367931031746045
Semantic Web,0.04043271349206343
object–relational mapping,0.04156777174603171
animation,0.042521022698412736
command-line interface,0.04398050182539681
operating system,0.045051585079365186
shell tool,0.0456865844444444
software development,0.04721220738095239
3D modeling,0.0517173082539682
