domain,diff
benchmark,2.9494047618650043e-06
cryptocurrency,0.00011706023809518462
software design pattern,0.00013009488095233612
data compression,0.0002188959523809486
face detection,0.00043488595238094785
quantum computer,0.0005697073809523834
word embedding,0.0005736558333333253
facial recognition system,0.0006556598809523972
unit testing,0.0006671597619047342
image classification,0.0008628125000000042
Kalman filter,0.0013029942857142873
continuous integration,0.0014348902380952877
continuous delivery,0.0014635696428570988
user interface,0.001494763452380976
dependency injection,0.001534652976190487
reactive programming,0.0017017952380952162
computer data storage,0.0018583211904761865
signal processing,0.0018854819047618987
scheduler,0.0019230704761904471
artificial neural network,0.002036614166666728
computational biology,0.0022410077380951854
transfer learning,0.0023544830952381135
deep learning,0.0026019802380952695
chatbot,0.002780440238095233
physics,0.0030042283333333586
stock market,0.0030337682142857203
recommender system,0.003149192976190429
language model,0.003649763809523865
web server,0.0036703764285714313
encryption,0.003777835238095273
cryptography,0.0038925889285714166
mobile computing,0.003958986785714297
neural machine translation,0.004010136428571454
microservices,0.004670873571428591
rendering,0.004714797976190455
visualization,0.004726094999999986
hyperparameter optimization,0.004772402023809519
client,0.004855625714285716
game,0.004868701309523826
graph algorithm,0.004895552976190459
logistic regression model,0.0051083573809523886
object detection,0.005135660595238095
Q-learning,0.00563727678571424
router,0.005669372261904754
linear regression,0.005928510238095208
regression analysis,0.006513030833333294
email,0.006528205952380961
audio signal processing,0.0069110855952380645
smart contract,0.006930351309523797
object-oriented programming,0.006973584523809528
Naive Bayes classifier,0.007097800595238096
image segmentation,0.007218209523809471
optical character recognition,0.007263166309523811
mathematics,0.0073805721428571724
internet bot,0.007622132023809541
cloud computing,0.0077649020238095
Parser combinator,0.007931955476190439
bitcoin,0.007956138452380912
web application,0.007970332857142826
deep neural network,0.007992351666666703
security,0.008028379285714288
game server,0.0082118625
web scraping,0.008289115119047591
algorithmic trading,0.008408700952380888
middleware,0.008439315952380955
static program analysis,0.008532460119047625
Containerization,0.008562192261904855
interpreter,0.00881438511904764
web application security,0.008824240476190431
linear algebra,0.009058992142857158
genetic algorithm,0.009388434999999973
debugger,0.009402716309523829
plot,0.009474618095238113
logging,0.009552872500000031
image captioning,0.010205479642857146
image,0.010223319404761955
graph,0.010419727499999976
web crawler,0.010597650714285672
website,0.010604844880952424
functional programming,0.010656851071428608
home automation,0.010716474642857132
education,0.010806429523809502
e-commerce,0.010815965357142854
digital security,0.010997418928571395
machine learning,0.011229179880952345
computational science,0.011358618214285715
penetration test,0.011792980238095274
streaming media,0.011943852380952413
digital image processing,0.012216954761904819
web browser,0.012360800833333352
regular expression,0.012431824642857164
support vector machine,0.012634877738095213
machine translation,0.012773000833333353
Image analysis,0.012834122380952356
convolutional neural network,0.012883140357142858
sorting algorithm,0.013043400714285724
web browser engine,0.013178824285714263
documentation,0.01361722666666676
validator,0.01408419464285715
virtual reality,0.014187123214285696
data mining,0.014244907023809511
server,0.014569287023809496
application performance management,0.01461368619047615
synchronization,0.014750825238095261
World Wide Web,0.015193783809523798
video processing,0.015220835476190436
serverless computing,0.01528734642857138
evolutionary algorithm,0.015383316428571409
algorithm,0.01539737059523813
content management system,0.015494920595238049
geometry,0.015634873809523775
search,0.015712666785714258
DevOps,0.015993997380952363
computer benchmarking,0.016246707976190433
routing,0.016319080476190517
reinforcement learning,0.01632602107142858
font,0.01635454892857144
translation,0.01644891797619047
automation,0.01648484035714287
random forest,0.01670757559523811
front end,0.016895757142857126
back end,0.01748439119047618
artificial intelligence,0.01774470142857143
automated machine learning,0.017768326309523824
distributed system,0.017906529523809472
image compression,0.01806149202380955
Bidirectional recurrent neural networks,0.01832988738095237
mathematical optimization,0.01835071309523814
"extract, transform, load",0.018405572738095233
kernel,0.018452658095238134
software architecture,0.01854791452380955
debugging,0.018634467619047607
computer science,0.01890178726190478
data analysis,0.01891212059523814
pattern matching,0.019230692738095245
long short-term memory,0.019280179047619056
image recognition,0.019508900000000023
distributed computing,0.01971782857142859
graphical user interface,0.019829150476190494
productivity,0.019956603452380928
password manager,0.020060719642857106
blockchain,0.020087011071428573
topic modeling,0.02042244416666661
authentication,0.020425294642857167
classification,0.020508926666666677
database management,0.020810490238095253
network security,0.020815450119047618
search engine,0.021060725357142845
business dashboard,0.021514748571428627
data science,0.021528913452380977
simulation,0.02158733797619053
data visualization,0.021660800833333355
video tracking,0.021771025714285713
internet of things,0.02212954666666664
digital audio,0.02241862
time series,0.022582140476190476
augmented reality,0.022768239999999967
camera,0.02329723583333332
HTTP server,0.02334652476190477
recurrent neural network,0.02361253773809524
engineering,0.02371497011904769
File Transfer Protocol,0.02422398785714286
static site generator,0.02437737869047618
HTTP client,0.024851177738095226
geographic information system,0.02491109666666666
question answering,0.02522751988095237
design,0.02530638583333336
Web Components,0.025395959404761914
distributed multimedia communications platform,0.02560379452380948
test automation,0.026043432142857204
big data,0.026085673095238043
backup,0.026270077142857146
continuous deployment,0.026276724047618993
computer vision,0.02651247630952383
data structure,0.02691879321428567
Bayesian inference,0.027305802857142847
parsing,0.028512903333333367
electronic trading platform,0.028775694047619038
mobile application development,0.02879533940476192
sentiment analysis,0.02896654059523804
video,0.03012267333333335
network monitoring,0.030301532976190426
static program analysis tool,0.030490529047619064
image editing,0.03081159654761903
network analysis,0.03082774476190478
Malware Analysis,0.031156986666666664
cluster analysis,0.031186403690476205
virtualization,0.03119279059523808
computer configuration,0.031200869642857204
analytics,0.031300858571428614
social network,0.03133231333333336
embedded system,0.03206794000000002
information retrieval,0.032134699285714274
software engineering,0.0321496275
text processing,0.03231266678571426
instant messaging,0.03233833250000004
web development,0.032563641428571405
banking industry,0.033523282619047634
WebSocket,0.03401823928571429
database,0.03409018166666661
anomaly detection,0.034292767857142886
graph database,0.03568061011904766
game engine,0.03582626773809522
Reverse engineering,0.03614086345238102
text editor,0.03665073000000005
natural language,0.03665701988095235
statistics,0.037118487380952414
file system,0.037917205119047614
speech synthesis,0.03812141250000001
serialization,0.03883257047619054
computer graphics,0.03884192059523808
telecommunications network,0.03897002547619044
robotics,0.03899512571428576
syntax highlighting,0.03941669904761905
natural language understanding,0.03941856250000003
hacking tool,0.03947802011904761
data,0.03952776464285723
geographic information,0.03985247202380948
text mining,0.04027717571428574
knowledge graph,0.04112876654761902
video game development,0.04161996821428576
malware,0.04172642535714283
natural language processing,0.042131379047619044
information processing,0.04222487476190476
integrated development environment,0.04268292130952378
named-entity recognition,0.04311612666666667
text classification,0.043267835833333324
web service,0.04389642773809524
virtual machine,0.04412884785714283
code generation,0.044743574761904825
package management system,0.045946780119047625
information extraction,0.046269997619047654
software testing,0.046950080357142876
data binding,0.047043913095238116
schema migration,0.04726834654761913
3D computer graphics,0.04811896071428573
stream processing,0.04824755702380948
animation,0.048553939642857175
shell tool,0.05128130833333333
distributed database,0.052331797380952366
3D modeling,0.05570010297619052
object–relational mapping,0.05664979619047619
software development,0.05667582154761902
compiler,0.057085333690476164
Semantic Web,0.05818935821428575
command-line interface,0.058688078214285816
computer programming,0.059485939642857116
operating system,0.06145108035714281
audio player software,0.07116863440476187
