domain,diff
game engine,0.00022165555555556105
embedded system,0.00027681166666659873
digital image processing,0.0002856122222222035
text mining,0.0003000866666666435
support vector machine,0.000331939444444429
topic modeling,0.0005138638888888547
HTTP server,0.0005968094444444572
web server,0.0008510805555555501
compiler,0.0011576661111110664
image recognition,0.001248146111111098
Image analysis,0.0012762338888888392
regular expression,0.001278488333333383
text processing,0.0012816261111111005
distributed multimedia communications platform,0.0012853811111111502
translation,0.0013791488888889036
computer vision,0.0014624233333333236
serialization,0.0017447838888888512
data compression,0.0020217422222222337
logging,0.00213829888888889
time series,0.002282805555555545
unit testing,0.003134572222222215
artificial intelligence,0.0034766327777778216
machine learning,0.0036854605555555198
data mining,0.003975988888888893
object detection,0.004172346111111169
automation,0.004730702777777762
game server,0.005141570555555586
application performance management,0.006568363888888873
analytics,0.007238344444444544
distributed system,0.007898994444444474
deep learning,0.007933861111111079
malware,0.007981360555555539
distributed computing,0.008028856666666695
data analysis,0.008169510555555592
encryption,0.008507655000000003
natural language,0.008645020000000003
digital audio,0.008676045000000021
mathematics,0.00884691166666668
streaming media,0.0089260355555556
automated machine learning,0.009032133888888905
audio signal processing,0.009902190000000005
server,0.009960466666666723
pattern matching,0.010126828888888884
language model,0.0101935038888889
text classification,0.010195293333333327
penetration test,0.010345976666666673
computer graphics,0.010360987222222229
test automation,0.011462662222222225
long short-term memory,0.011676301666666722
command-line interface,0.012027549444444452
scheduler,0.013048141111111133
hyperparameter optimization,0.013467593888888907
security,0.013570854444444475
text editor,0.01363834333333333
random forest,0.013649593888888867
face detection,0.013692872222222208
facial recognition system,0.014116618888888877
word embedding,0.014416388888888909
RNA sequencing,0.014420342222222243
computer configuration,0.01537791777777775
information extraction,0.015581943888888866
syntax highlighting,0.015827696666666613
virtual machine,0.016126779444444406
Containerization,0.016434949444444458
natural language processing,0.01664385055555556
big data,0.01677855555555563
HTTP client,0.016780249444444506
Malware Analysis,0.017240981666666738
benchmark,0.017301787222222142
linear regression,0.017816329999999964
static program analysis,0.019325044999999985
data structure,0.019348123333333245
web application security,0.01983556333333336
stream processing,0.019859301666666662
optical character recognition,0.020142419999999994
blockchain,0.02157827666666673
package management system,0.0216107972222222
network monitoring,0.021959677777777742
recurrent neural network,0.02231980666666669
cloud computing,0.02240071499999996
information processing,0.022459549999999995
continuous integration,0.02292302500000004
signal processing,0.02300340555555558
authentication,0.023010512222222168
design,0.023165851111111135
web service,0.024187376111111103
World Wide Web,0.024303928888888937
telecommunications network,0.024389784444444507
File Transfer Protocol,0.024548283888888855
algorithm,0.02478810055555558
dependency injection,0.025046222777777793
mobile application development,0.025070116111111096
data visualization,0.02542780888888896
Web Components,0.025959199444444442
WebSocket,0.0260751077777778
data binding,0.026960162777777796
backup,0.027010008333333335
computer data storage,0.027077257777777752
sorting algorithm,0.027328498888888914
digital security,0.028654280000000004
cluster analysis,0.028711438888888885
back end,0.028929686666666676
data science,0.028987276111111127
geographic information system,0.029389762777777773
operating system,0.030516559444444452
recommender system,0.030582607222222197
instant messaging,0.03068100888888886
anomaly detection,0.031100945000000074
microservices,0.03204633500000004
website,0.03286809666666671
data,0.03313473666666661
graphical user interface,0.03338810277777776
knowledge graph,0.03373470222222222
front end,0.033799902777777724
web application,0.03554365277777771
object–relational mapping,0.03650922777777771
smart contract,0.03829965444444455
static site generator,0.03978846777777778
internet bot,0.03997948055555553
content management system,0.040172653888888854
client,0.04063776722222223
file system,0.04709566888888894
distributed database,0.0491698872222221
user interface,0.05085179444444449
schema migration,0.05161767833333325
Semantic Web,0.053096411111111075
graph database,0.05363222444444449
database,0.054645233333333265
database management,0.05899217000000001
