domain,diff
benchmark,0.000342255555555504
stock market,0.0004854666666666563
search,0.0005396605555555711
text classification,0.0007257411111110668
audio signal processing,0.0009916833333333264
web server,0.0011568488888888395
HTTP server,0.0013018533333333804
serialization,0.0013057261111111274
speech synthesis,0.0013146149999999635
malware,0.0016602077777778113
face detection,0.0022534161111111284
hyperparameter optimization,0.0025934511111111447
game engine,0.0026602622222221817
logging,0.0028266666666666995
penetration test,0.0029101672222221764
automation,0.003128526666666631
distributed computing,0.004151611666666666
distributed system,0.004313590555555635
artificial intelligence,0.004567083333333416
rendering,0.00457569944444447
image segmentation,0.004837138888888898
natural language,0.005450840000000012
pattern matching,0.005518752222222256
email,0.005598812777777823
Containerization,0.005859426666666612
code generation,0.006123204444444363
translation,0.006737411111111119
HTTP client,0.007297370555555516
signal processing,0.007497869444444444
text processing,0.007784773333333328
artificial neural network,0.008133248888888889
command-line interface,0.008920187222222209
Malware Analysis,0.00901269111111111
embedded system,0.009556280555555519
server,0.00990804666666667
object detection,0.010081062222222187
distributed multimedia communications platform,0.010871941666666662
unit testing,0.010911936666666622
web scraping,0.011886164999999976
algorithmic trading,0.012061046666666658
continuous integration,0.012461378888888985
home automation,0.012657517222222192
time series,0.01317112611111107
natural language processing,0.013481585555555509
reactive programming,0.013688566111111133
test automation,0.013870586666666712
compiler,0.013977258888888872
web application security,0.014488483888888848
data compression,0.01457100277777773
language model,0.015051389999999998
analytics,0.015071592777777754
computer vision,0.015549757777777812
middleware,0.015980933888888993
web service,0.016398450000000064
neural network,0.01680165111111112
graph algorithm,0.016843452777777823
support vector machine,0.017089977222222247
security,0.017351922222222177
dependency injection,0.01743200055555555
game,0.01748914555555553
static program analysis,0.017672129444444462
static program analysis tool,0.017699431666666654
Web Components,0.018367503888888803
application performance management,0.01867503499999995
microservices,0.018800165555555526
password manager,0.01887973277777777
internet of things,0.01912099833333336
information processing,0.01954392944444444
automated machine learning,0.01962388444444449
streaming media,0.019864247222222187
anomaly detection,0.020179552777777776
long short-term memory,0.02098700944444437
synchronization,0.021157754999999945
computer configuration,0.0215776133333333
mobile application development,0.021604971111111093
information extraction,0.021860582777777804
package management system,0.02213444277777782
deep neural network,0.022165736666666686
cloud computing,0.022236286111111114
machine learning,0.022262812777777752
classification,0.02250565166666671
object-oriented programming,0.02251581500000005
random forest,0.022745645555555444
World Wide Web,0.023486212222222302
telecommunications network,0.02377235833333341
big data,0.023862415000000026
regular expression,0.023877444999999997
image recognition,0.02389352222222227
back end,0.02511510222222224
digital image processing,0.02524193277777778
File Transfer Protocol,0.025578151111111114
data analysis,0.025918271111111113
scheduler,0.026330723888888963
stream processing,0.026521753333333342
front end,0.026569879444444416
backup,0.027222420000000053
logistic regression model,0.02928608944444444
content management system,0.029350053333333403
client,0.02999794222222224
web application,0.030066525555555557
data mining,0.03039087388888892
data binding,0.03059952388888887
graphical user interface,0.031065592222222216
static site generator,0.03239501777777781
internet bot,0.034231432777777765
recommender system,0.034483861111111125
blockchain,0.034766152777777753
linear regression,0.03537934666666667
facial recognition system,0.03560878555555558
data visualization,0.03569669944444451
operating system,0.03571699777777787
website,0.03694297944444444
computer data storage,0.036964338333333346
knowledge graph,0.037102494999999985
validator,0.03795089333333332
authentication,0.03861426777777777
smart contract,0.039971915555555515
geographic information system,0.04112619388888894
WebSocket,0.04119967611111122
electronic trading platform,0.0423918705555556
optical character recognition,0.044227055000000015
data science,0.04539492111111121
object–relational mapping,0.04544235166666663
data structure,0.04590476166666668
instant messaging,0.04648845666666668
distributed database,0.04665866944444447
user interface,0.04917955611111108
bitcoin,0.049723514999999996
data,0.04998736499999995
3D modeling,0.05138476666666669
Semantic Web,0.05152743388888886
cryptocurrency,0.05431711944444442
file system,0.057542966111111205
database,0.0732616061111111
