domain,diff
game engine,0.0005969655555555231
web scraping,0.0006451761111111176
interpreter,0.0008516355555555355
text classification,0.000976691111111122
translation,0.0010164316666666229
signal processing,0.00116598722222222
natural language,0.001250649999999992
cluster analysis,0.001457097222222259
information extraction,0.0014993833333333817
Q-learning,0.001587558333333322
sentiment analysis,0.0016394383333332985
question answering,0.0017705816666666596
code generation,0.0020644305555554965
web service,0.002195226666666661
algorithm,0.0022574411111111747
reactive programming,0.0026091566666666677
debugger,0.0027247750000000126
text processing,0.0027536922222221594
stock market,0.0028271500000000005
sorting algorithm,0.0029791811111111455
unit testing,0.003019911111111079
plot,0.003371982222222264
HTTP client,0.0045637261111112215
search,0.004657379444444443
web crawler,0.005454497222222188
"extract, transform, load",0.005728475000000011
image compression,0.005848486666666625
face detection,0.005856452222222253
logging,0.006233364999999991
audio signal processing,0.006396177777777734
artificial neural network,0.0069423577777777135
natural language processing,0.006952290555555601
pattern matching,0.007155818888888943
data binding,0.007315081666666723
dependency injection,0.007363366666666704
animation,0.00762399777777778
Web Components,0.008122533888888839
time series,0.008379014444444471
scheduler,0.008542820555555608
email,0.008685918888888894
HTTP server,0.008690487222222265
regular expression,0.009051845555555521
synchronization,0.009330532777777734
reinforcement learning,0.009680412777777786
front end,0.009776357222222198
web browser,0.0103273394444445
banking industry,0.010659944444444486
hyperparameter optimization,0.011264675000000002
convolutional neural network,0.011301995555555555
Parser combinator,0.011837268888888891
automation,0.011840023333333338
web browser engine,0.012066877777777762
validator,0.012169568333333297
data compression,0.012517408333333313
internet bot,0.0131454966666667
statistics,0.013172108333333349
game server,0.013205417222222238
penetration test,0.01364022777777782
kernel,0.013876972777777774
compiler,0.013913013333333363
digital audio,0.014275657222222238
Malware Analysis,0.014334842777777801
malware,0.014467381666666612
serialization,0.014871361111111092
web application,0.015564124444444438
network analysis,0.016119264444444392
object detection,0.016371115555555565
object-oriented programming,0.016602615555555644
encryption,0.017262452777777798
instant messaging,0.017453226111111053
design,0.017508977222222277
mobile application development,0.017764463888888887
object–relational mapping,0.017816692777777754
data analysis,0.017901627222222216
analytics,0.01817450055555553
word embedding,0.01848989444444446
language model,0.018636122777777764
client,0.018694641111111077
streaming media,0.018806625555555512
web server,0.01936873944444445
information processing,0.019671585555555593
DevOps,0.01998967111111108
support vector machine,0.02005076722222221
web application security,0.020346937222222222
application performance management,0.02035243111111107
web development,0.020933600555555598
functional programming,0.021237242777777776
recommender system,0.021323144444444442
computer vision,0.02177177055555557
syntax highlighting,0.022054437222222167
network monitoring,0.022356799999999982
continuous delivery,0.02264656999999995
test automation,0.022776374444444497
digital image processing,0.023272944444444416
distributed multimedia communications platform,0.0234644783333334
server,0.023540447777777807
image recognition,0.023831445000000007
transfer learning,0.02415265277777784
graph algorithm,0.02419233055555553
internet of things,0.024234990000000012
shell tool,0.024324637222222195
data mining,0.024354607222222185
authentication,0.024555689444444417
World Wide Web,0.024858291111111208
regression analysis,0.024895701666666686
machine learning,0.024914025555555608
big data,0.025551029999999975
linear regression,0.02574339222222219
facial recognition system,0.026051014999999983
Containerization,0.02605751277777779
distributed system,0.0261890844444444
cryptography,0.026500691111111113
back end,0.02665732000000004
command-line interface,0.026996043333333303
long short-term memory,0.02709686722222221
knowledge graph,0.027251956666666688
security,0.02728156722222222
distributed computing,0.027605693888888838
blockchain,0.027705474444444433
network security,0.027725511111111156
data structure,0.02777412611111113
WebSocket,0.02811933333333333
password manager,0.0282962816666667
geographic information system,0.028305886666666724
File Transfer Protocol,0.028712293888888796
static site generator,0.028902411666666683
website,0.028953498333333327
backup,0.029030021111111165
benchmark,0.029127014444444432
automated machine learning,0.029260392777777783
schema migration,0.02934703666666666
data visualization,0.02970156166666668
content management system,0.030188838333333357
embedded system,0.0315029827777778
data,0.03181283722222228
microservices,0.03216752500000003
data science,0.032735841666666654
software testing,0.03379567277777773
mobile computing,0.034430709444444485
smart contract,0.034582497777777776
augmented reality,0.03505480111111112
optical character recognition,0.03512253888888889
e-commerce,0.03554110166666666
Semantic Web,0.03596025166666672
middleware,0.03633511777777776
stream processing,0.0368642111111111
graphical user interface,0.03771062777777773
static program analysis,0.037737090000000084
software architecture,0.03895762444444442
telecommunications network,0.040274671111111104
continuous deployment,0.040848126111111105
computer benchmarking,0.04092487722222227
database,0.04218891666666663
3D modeling,0.04238618999999999
business dashboard,0.04257580222222224
continuous integration,0.042822305555555606
user interface,0.04284090444444438
static program analysis tool,0.04293928166666669
cloud computing,0.04350822333333332
documentation,0.04451788611111113
distributed database,0.04660845722222223
digital security,0.046611975555555574
computer configuration,0.04773523611111119
database management,0.05196479444444441
computer data storage,0.05218187166666671
package management system,0.0524297305555555
graph database,0.05367071277777774
operating system,0.05953927777777776
file system,0.06061765999999996
