domain,diff
distributed multimedia communications platform,1.2159444444437284e-05
algorithm,0.00012924166666661296
web server,0.00016167000000000264
application performance management,0.0008032694444444211
web browser,0.0008725605555555127
network security,0.0011090105555555674
translation,0.0019854422222222445
web scraping,0.002304345555555587
Parser combinator,0.0032200688888888995
encryption,0.004132176111111108
search,0.004201752777777762
HTTP server,0.004308342222222261
synchronization,0.004349443333333369
signal processing,0.004463967222222254
information processing,0.004682245555555631
audio signal processing,0.005032526666666676
serialization,0.0051169622222222155
penetration test,0.0051822799999999836
game engine,0.0053502694444444165
hyperparameter optimization,0.006234261666666685
benchmark,0.006291620555555599
"extract, transform, load",0.006455246666666692
kernel,0.006518230000000069
face detection,0.006536588333333343
text classification,0.0066534855555555605
cryptography,0.007013956111111108
game server,0.0071415255555555834
HTTP client,0.007906861111111052
anomaly detection,0.008400269999999987
reactive programming,0.008628358888888854
logging,0.008713362777777789
topic modeling,0.008842129999999976
question answering,0.008935317222222211
stock market,0.009300436666666662
sorting algorithm,0.010467024999999991
distributed system,0.010558066111111153
home automation,0.010653724444444457
machine translation,0.010734411666666693
web crawler,0.010995306666666732
pattern matching,0.011124958333333379
data compression,0.011232337222222222
artificial neural network,0.01164654111111113
command-line interface,0.011942956111111125
network monitoring,0.012455279444444523
email,0.01264224777777781
time series,0.012729003333333322
scheduler,0.012959843888888878
distributed computing,0.013080865555555599
stream processing,0.013563175000000038
web service,0.014864757777777793
embedded system,0.01492410444444442
web application security,0.015037494444444438
internet of things,0.015190884444444441
sentiment analysis,0.015214648888888932
password manager,0.01591612333333331
server,0.015969860555555604
security,0.016345977777777743
geographic information,0.01656630500000006
convolutional neural network,0.016632965000000027
object detection,0.016756040000000028
streaming media,0.01695797333333332
Containerization,0.01700088555555551
continuous delivery,0.017127876666666708
automation,0.017475352777777786
computer vision,0.017620705000000014
code generation,0.01787080277777775
support vector machine,0.01841646444444439
regular expression,0.018656383888888906
File Transfer Protocol,0.018674125555555532
graph algorithm,0.018754371111111084
text processing,0.019608774999999967
Kalman filter,0.020013116111111118
shell tool,0.021259835555555606
machine learning,0.021490539444444484
unit testing,0.021756518333333308
image recognition,0.021799663888888876
deep learning,0.022058833333333333
digital image processing,0.022726158333333357
telecommunications network,0.022733181666666713
mobile application development,0.022899983333333346
information extraction,0.023878860555555603
automated machine learning,0.023976904999999993
computer configuration,0.023997478888888923
deep neural network,0.02402530277777773
banking industry,0.024348686666666675
language model,0.02451150222222226
Web Components,0.024858144999999943
World Wide Web,0.024974054999999995
compiler,0.02502508500000003
analytics,0.025168599444444495
virtual machine,0.025531159444444396
long short-term memory,0.025799536111111104
middleware,0.025857602777777766
data analysis,0.02589878333333334
classification,0.026126619999999934
cloud computing,0.026155697777777764
logistic regression model,0.02626756333333341
random forest,0.026601282777777763
test automation,0.02669531111111112
data mining,0.027868079999999934
client,0.02798041666666673
web application,0.02811182499999998
microservices,0.02889655277777775
back end,0.029620059999999948
front end,0.029682024444444455
backup,0.02970969388888889
software testing,0.030253348888888865
syntax highlighting,0.03065061277777778
internet bot,0.03072903222222223
software engineering,0.031195370000000083
facial recognition system,0.03247888888888889
linear regression,0.032968160000000024
geographic information system,0.03333934444444436
continuous integration,0.03337426222222223
big data,0.03368487222222227
instant messaging,0.03396077055555563
social network,0.03459089833333334
package management system,0.034763035555555544
website,0.035183343333333394
blockchain,0.03537071944444442
operating system,0.03539254000000003
e-commerce,0.03695024666666666
static program analysis,0.03730924333333341
data binding,0.03747829500000005
graphical user interface,0.03812175722222222
static program analysis tool,0.03815567611111109
data visualization,0.03846823888888892
WebSocket,0.03848048333333326
electronic trading platform,0.03863703333333335
recommender system,0.039264005000000046
web development,0.039541017777777826
optical character recognition,0.040959342777777796
computer data storage,0.04141949611111112
bitcoin,0.04157283499999995
static site generator,0.041622102222222235
content management system,0.04264080888888888
data structure,0.04323787166666665
smart contract,0.044126761666666625
validator,0.044448192777777784
knowledge graph,0.04457056777777785
data,0.04588922611111107
data science,0.04650289000000005
user interface,0.04892580000000002
object–relational mapping,0.049121063888888844
3D modeling,0.05001582333333335
integrated development environment,0.051239276111111065
distributed database,0.05592686555555554
file system,0.05617740666666671
Semantic Web,0.05920397444444442
graph database,0.07119822055555564
database,0.07352806666666667
database management,0.07620172055555557
