domain,diff
logging,0.0002001522222222496
"extract, transform, load",0.00023656499999996639
pattern matching,0.0004065533333333371
Q-learning,0.0005363044444444409
signal processing,0.0008627783333333694
data compression,0.0011009466666666579
animation,0.0011809577777777969
WebSocket,0.001833878333333372
algorithm,0.001906671666666665
synchronization,0.0020078944444443803
information extraction,0.002580351111111101
time series,0.002691045555555577
game engine,0.002799089444444458
banking industry,0.0029856711111111156
anomaly detection,0.003041208333333323
instant messaging,0.003078327777777806
question answering,0.0036721533333333445
artificial intelligence,0.003780844444444459
text processing,0.0040982738888888925
regular expression,0.004284678333333319
cluster analysis,0.004885364444444484
scheduler,0.005243810000000015
schema migration,0.005249028333333294
parsing,0.0054440583333333625
search,0.005585710555555484
translation,0.006397380555555582
digital audio,0.006992442222222256
data analysis,0.007220397222222175
data binding,0.0073529377777777905
Parser combinator,0.0075523611111111555
audio signal processing,0.007840006111111103
interpreter,0.007893349444444392
web scraping,0.008037826666666692
face detection,0.008045576111111064
Image analysis,0.008256285555555576
geometry,0.008279725555555562
automation,0.00862616277777778
text classification,0.008835540000000003
statistics,0.008861596666666666
code generation,0.009734661111111098
text mining,0.009829847777777734
streaming media,0.009950183333333279
sentiment analysis,0.010675088333333332
virtual reality,0.01070039277777779
serialization,0.010936566666666647
artificial neural network,0.011133091111111132
classification,0.011273483333333306
Kalman filter,0.01234295333333335
benchmark,0.012514023333333318
image recognition,0.01254717833333338
geographic information,0.01256659111111108
Malware Analysis,0.01258451388888887
reinforcement learning,0.012627702777777805
digital image processing,0.012869532777777803
natural language,0.013051277777777759
information retrieval,0.013109069999999973
computer vision,0.013472107222222224
lexical analysis,0.013527919444444425
analytics,0.014297547777777864
data structure,0.014417139999999995
data visualization,0.014890466666666713
named-entity recognition,0.014918299444444338
compiler,0.01495688833333328
object–relational mapping,0.015038919444444465
deep learning,0.015136620000000017
test automation,0.015263247777777822
penetration test,0.015364001111111109
deep neural network,0.015528004444444465
information processing,0.015575546111111171
convolutional neural network,0.01574987444444445
stream processing,0.015751324444444437
backup,0.015771276666666723
sorting algorithm,0.015819718333333316
design,0.016534033333333364
email,0.016542157222222187
unit testing,0.017044061666666638
malware,0.01720949277777778
natural language processing,0.017373289444444467
object detection,0.017738898888888938
debugger,0.017876061111111147
shell tool,0.017994887222222256
machine translation,0.01853284944444447
software design pattern,0.018682552777777806
data,0.019290851666666664
Naive Bayes classifier,0.019462654444444394
encryption,0.019542216666666695
data mining,0.019796580555555554
search engine,0.019891224444444466
optical character recognition,0.019894056666666687
big data,0.019931590000000055
validator,0.020764688888888883
front end,0.021303892222222176
database,0.022556593333333375
language model,0.023022851666666677
game server,0.023657117222222218
regression analysis,0.023657354444444445
support vector machine,0.0236688794444444
word embedding,0.023793914444444453
random forest,0.02396449333333331
facial recognition system,0.024476748333333326
Web Components,0.02452330277777781
application performance management,0.024706117222222268
kernel,0.024801580000000018
command-line interface,0.025049538333333343
machine learning,0.02508188222222224
computer data storage,0.02509399722222222
geographic information system,0.02656037555555557
long short-term memory,0.026810981666666706
Containerization,0.02833461833333334
cryptography,0.028884987222222214
graphical user interface,0.029048792222222175
graph algorithm,0.029352763333333337
server,0.02973401277777782
embedded system,0.02994282611111107
documentation,0.030011028888888902
mobile application development,0.030199403888888893
linear regression,0.030298493888888833
password manager,0.030720618888888884
database management,0.030731068333333333
website,0.031281516666666676
network analysis,0.03145517611111112
software testing,0.03173226000000007
functional programming,0.03181357888888886
knowledge graph,0.03195990388888886
web application,0.03239655666666663
HTTP server,0.03290308666666664
data science,0.03293558833333332
continuous integration,0.03329481777777782
software development,0.03341824944444441
file system,0.03381914833333338
static site generator,0.034414975555555616
back end,0.03500440222222223
web server,0.03520707277777774
web development,0.03558749888888893
computer configuration,0.035765067222222224
3D modeling,0.035994573333333335
dependency injection,0.036199393333333385
web service,0.03684489222222226
static program analysis tool,0.036971517222222194
static program analysis,0.037047332777777775
World Wide Web,0.03734428444444443
web application security,0.03788933722222229
distributed system,0.03828138722222221
user interface,0.03963019944444446
blockchain,0.039847956666666684
distributed database,0.0400810044444444
e-commerce,0.04080160944444447
distributed computing,0.041613160555555556
File Transfer Protocol,0.04239216277777774
HTTP client,0.042424907777777826
client,0.04308293277777772
security,0.043356015555555544
recommender system,0.04335640833333329
router,0.04550948499999999
content management system,0.04565033833333332
graph database,0.04624812388888894
smart contract,0.04662470666666668
internet of things,0.04846410000000001
distributed multimedia communications platform,0.049685039444444495
operating system,0.04968610611111107
package management system,0.052295333888888906
middleware,0.05257790999999995
Semantic Web,0.05399524722222218
cloud computing,0.05577273166666666
microservices,0.056107072777777794
virtual machine,0.058656782222222176
digital security,0.0625210727777778
telecommunications network,0.06767616833333337
