domain,diff
rendering,0.00046730111111115136
serialization,0.0007724755555555407
audio signal processing,0.0008001677777777771
artificial intelligence,0.0010026522222222056
algorithm,0.001642058888888881
benchmark,0.0018188238888889319
game engine,0.0018222705555555607
text classification,0.001933988333333303
text editor,0.0027251127777777884
web crawler,0.002860818888888894
text processing,0.002877517222222181
time series,0.002994758888888921
cluster analysis,0.0030334038888889525
unit testing,0.00308407277777778
automation,0.003165431111111172
logging,0.003404570555555597
signal processing,0.0034480694444444238
penetration test,0.003575392777777797
kernel,0.003604191111111099
application performance management,0.004015816111111126
pattern matching,0.004156314999999966
test automation,0.004159498888888946
Malware Analysis,0.0047493194444444276
streaming media,0.0054713288888889045
game server,0.005508667777777754
network monitoring,0.0058809772222221945
hyperparameter optimization,0.006500718333333322
regular expression,0.006724331666666666
translation,0.007552464444444462
web browser engine,0.008178365555555511
search,0.008380773333333286
email,0.009086011666666644
object detection,0.01001887611111113
front end,0.010182471111111147
home automation,0.01022971277777776
malware,0.010344213888888898
artificial neural network,0.010460564444444459
Web Components,0.011033011111111157
web scraping,0.011791436111111137
sentiment analysis,0.011831557777777751
image editing,0.012184174999999992
data compression,0.012228861111111156
Containerization,0.012250773333333409
internet bot,0.012505416666666658
information extraction,0.013216924444444333
classification,0.013298229444444476
distributed computing,0.013993237222222232
convolutional neural network,0.014471214444444436
HTTP server,0.014574566666666622
synchronization,0.014647380555555534
HTTP client,0.014823014444444449
distributed system,0.015753904999999957
data binding,0.01581758722222215
anomaly detection,0.016137731666666683
dependency injection,0.0163838816666666
information processing,0.016604653888888876
deep learning,0.016829965555555604
Parser combinator,0.017178939444444485
command-line interface,0.018232803888888927
sorting algorithm,0.01845554944444444
embedded system,0.018921349444444457
WebSocket,0.019237763333333324
instant messaging,0.01951867722222228
web server,0.019581624444444445
password manager,0.01963586444444443
server,0.019729902777777697
data analysis,0.019766745555555548
language model,0.01980072388888887
web service,0.019963146111111107
support vector machine,0.02036056722222221
continuous integration,0.02091974000000002
validator,0.0218282955555556
object-oriented programming,0.022087815000000066
long short-term memory,0.02247992944444449
automated machine learning,0.022712888333333375
software testing,0.02310868888888898
machine learning,0.024000557222222246
internet of things,0.024325932222222235
linear algebra,0.024384966111111073
scheduler,0.024547730555555536
web application security,0.02489738055555557
stream processing,0.025100292777777755
graphical user interface,0.02587163555555555
graph algorithm,0.025909593888888915
security,0.02602409944444442
microservices,0.02654616388888892
content management system,0.02716456777777776
middleware,0.027176429999999974
big data,0.02739270222222223
data mining,0.02751943944444446
computer configuration,0.02776311555555558
web application,0.027998512222222216
client,0.028407208888888813
static program analysis tool,0.02924071611111112
back end,0.02924628166666665
File Transfer Protocol,0.02950025500000003
website,0.031234957222222248
World Wide Web,0.03146610722222226
blockchain,0.031889710555555534
static program analysis,0.03250521000000001
optical character recognition,0.03348947277777786
linear regression,0.03378919222222221
cloud computing,0.03388499722222216
static site generator,0.03442488333333338
logistic regression model,0.03448154277777776
object–relational mapping,0.03456535833333324
knowledge graph,0.03511612611111109
smart contract,0.035241042222222185
user interface,0.0352823438888889
geographic information system,0.03554566499999995
package management system,0.03604939944444446
computer data storage,0.03609836944444439
recommender system,0.03666028444444444
data,0.03810964166666675
data structure,0.038721713333333296
data science,0.04231381277777774
operating system,0.04301557666666672
e-commerce,0.043079387777777756
file system,0.04437294277777776
Semantic Web,0.046200953333333294
telecommunications network,0.04679574111111112
distributed database,0.050937098888888865
database,0.05680413833333331
database management,0.056830255000000024
graph database,0.06423576611111115
