domain,diff
search,0.0003089847619047459
sorting algorithm,0.00039335309523810813
stream processing,0.0004285433333334199
Parser combinator,0.0009282619047619178
question answering,0.001526436428571476
cluster analysis,0.0016085157142857187
synchronization,0.0020220785714286094
image,0.002116472142857123
reinforcement learning,0.002424858571428573
text classification,0.0024582569047618963
web crawler,0.0026018771428571452
anomaly detection,0.0026808926190475812
parsing,0.002942131428571415
game server,0.00295127238095233
text mining,0.0032553707142856936
streaming media,0.0037862861904761624
penetration test,0.00440854690476189
network monitoring,0.00470892976190479
web browser,0.005432055000000019
HTTP client,0.005693319523809581
sentiment analysis,0.006173681428571415
kernel,0.006376589285714329
time series,0.006493488333333325
application performance management,0.006535766190476189
debugger,0.006563030714285739
information retrieval,0.006583097857142783
artificial neural network,0.006769155952380923
email,0.006789565714285711
serialization,0.007006991904761839
logging,0.007153380238095197
information processing,0.007691714761904722
HTTP server,0.008062549285714316
algorithm,0.008100191666666645
web server,0.009022240238095225
signal processing,0.009283159761904747
distributed system,0.009338695714285694
web service,0.009757402619047617
statistics,0.010269206904761852
web scraping,0.010516536666666632
banking industry,0.010535731428571421
benchmark,0.010821659523809535
artificial intelligence,0.011061538809523791
image segmentation,0.011755233095238127
translation,0.011952713095238127
scheduler,0.012040086428571461
distributed multimedia communications platform,0.012057035238095315
search engine,0.012192824285714277
"extract, transform, load",0.01231634904761908
unit testing,0.012927360476190475
game engine,0.01332261404761903
neural network,0.013972647142857147
audio signal processing,0.014016905952380948
web browser engine,0.014373904523809489
real-time computing,0.014889930952380948
geographic information,0.015000957142857152
information extraction,0.015703233571428582
server,0.01623564261904764
classification,0.016240505476190437
machine translation,0.016401233333333404
encryption,0.01646880166666667
text processing,0.016482909523809514
password manager,0.01661208619047616
pattern matching,0.01665548023809532
language model,0.016723823095238177
WebSocket,0.01700066023809524
code generation,0.01715554499999994
automation,0.017651656666666682
text editor,0.017850638809523783
data analysis,0.01794271547619042
network analysis,0.017947828571428542
data compression,0.018009133809523903
digital audio,0.018259181666666624
face detection,0.01841376476190476
convolutional neural network,0.01877189047619046
hyperparameter optimization,0.01888709547619044
data mining,0.018949033571428547
regular expression,0.019049161904761885
word embedding,0.019087253095238094
client,0.01912161119047623
reactive programming,0.01938043738095241
Naive Bayes classifier,0.019794067619047645
deep neural network,0.019811505238095245
distributed computing,0.019947025714285804
computer science,0.020112503333333337
shell tool,0.02022621619047621
deep learning,0.02024673547619049
network security,0.021300691428571467
command-line interface,0.021462480000000034
Containerization,0.021478023571428584
World Wide Web,0.022320594523809578
long short-term memory,0.02245687476190486
web application security,0.022726903095238116
test automation,0.0227410561904762
big data,0.022789221428571482
backup,0.02290892
computer configuration,0.023925683333333364
content management system,0.02397285952380951
cryptography,0.02422148619047626
compiler,0.024730969761904698
design,0.0248676578571429
web application,0.025097655238095262
security,0.02539037904761904
Web Components,0.025397523333333283
analytics,0.025479174285714334
internet bot,0.025520938095238088
support vector machine,0.025581918333333287
machine learning,0.026106150952380947
software testing,0.026239613333333328
computational biology,0.026268665476190417
automated machine learning,0.02663567595238092
object detection,0.02694408738095236
Kalman filter,0.027261610952380888
dependency injection,0.027410351428571483
computer vision,0.027414720714285717
mobile application development,0.02772812238095243
embedded system,0.027760562857142818
File Transfer Protocol,0.028136976428571492
DevOps,0.028212305952380917
computer data storage,0.02837312571428574
instant messaging,0.028614754285714306
blockchain,0.029080402857142834
front end,0.029530376428571398
router,0.029789916428571428
package management system,0.02989631642857138
website,0.030110201190476193
static site generator,0.030539750952380984
syntax highlighting,0.030639355714285693
image recognition,0.030974822857142842
bitcoin,0.031104204523809548
software engineering,0.031457789285714355
digital image processing,0.03170848166666668
continuous deployment,0.03187875142857144
microservices,0.03223679404761903
virtual machine,0.032580030714285724
internet of things,0.03263483595238098
graph algorithm,0.03303349809523809
middleware,0.033037013571428575
data,0.03311428119047616
recommender system,0.03330196476190475
linear regression,0.03376684119047618
data binding,0.03387291904761902
data visualization,0.03394750571428576
back end,0.034380461904761905
web development,0.03529233738095236
knowledge graph,0.03538188642857146
data structure,0.0354835083333333
smart contract,0.03549326642857148
geographic information system,0.03554839119047623
telecommunications network,0.03575642428571427
operating system,0.03617302476190479
validator,0.03661069857142854
facial recognition system,0.03728249380952381
static program analysis,0.037330209523809554
static program analysis tool,0.037618695000000035
object–relational mapping,0.03805433738095243
continuous integration,0.03951607309523808
cloud computing,0.039589821904761846
documentation,0.039677186190476166
file system,0.041016279047619064
3D computer graphics,0.041536364523809516
virtualization,0.042649341428571436
data science,0.042835276666666644
graphical user interface,0.04309672095238093
optical character recognition,0.043758331190476174
distributed database,0.044106019047619016
digital security,0.04706911357142854
Semantic Web,0.04929954857142854
user interface,0.05097077404761907
database,0.053394727380952356
database management,0.05400612404761912
3D modeling,0.0558363942857143
graph database,0.06438202952380956
