domain,diff
Web Components,0.00026391777777784453
microservices,0.0002705530555555391
face detection,0.00028477027777776276
object detection,0.0003091002777777796
website,0.00036412694444448723
image recognition,0.0008473405555556035
security,0.0009627672222222439
logistic regression model,0.001152817777777787
encryption,0.0015876897222222852
mathematical optimization,0.00172935972222224
digital image processing,0.0017738397222222257
static program analysis,0.0019235224999999967
command-line interface,0.0019886275000000064
smart contract,0.002282591388888866
functional programming,0.0024409352777777227
dependency injection,0.002504202222222196
"extract, transform, load",0.0025271374999999985
schema migration,0.0025508222222222487
stock market,0.0026370905555555824
machine learning,0.0027973161111110867
game engine,0.0028550230555555722
digital audio,0.0033186416666666496
search engine,0.003426617777777752
graphical user interface,0.003514551944444444
blockchain,0.0035869786111111246
documentation,0.003624544999999979
facial recognition system,0.0037313749999999535
reinforcement learning,0.0041157911111111
e-commerce,0.0041627538888888704
graph database,0.004349468611111101
text editor,0.004368560833333313
random forest,0.004387623333333368
unit testing,0.004542071666666647
image classification,0.0046366658333333866
education,0.004905753055555601
Containerization,0.005039423888888839
hacking tool,0.005095220000000067
syntax highlighting,0.0052541611111111275
static site generator,0.005288081388888921
malware,0.005320016388888904
regression analysis,0.005321106666666714
algorithm,0.005335481944444442
digital security,0.00543572527777772
animation,0.00549139500000001
web application,0.005712478055555553
virtual reality,0.0057408480555556085
file system,0.005745538055555527
code generation,0.005920896111111074
video game,0.005983857499999995
continuous delivery,0.006028518611111144
recommender system,0.006180807500000024
linear algebra,0.006661573611111166
artificial intelligence,0.006801340833333364
web application security,0.007092474166666668
transfer learning,0.00736273916666666
automation,0.007499609722222161
computer benchmarking,0.007615811388888866
design,0.007677588055555462
database management,0.008142207777777771
distributed computing,0.008248261111111127
scheduler,0.008431738611111073
cloud computing,0.009076141666666648
computer programming,0.009082436666666638
penetration test,0.00926880805555555
visualization,0.009294120833333336
banking industry,0.009331054722222232
user interface,0.009336066666666698
validator,0.009383698333333246
search,0.00943627250000001
font,0.009475792222222251
kernel,0.009621346944444442
time series,0.009766474444444478
Image analysis,0.009953796944444426
robotics,0.009989558611111116
telecommunications network,0.010051636111111123
Malware Analysis,0.010186437499999923
shell tool,0.010315565555555517
optical character recognition,0.010331206666666704
authentication,0.01046375027777774
benchmark,0.010711725555555551
mathematics,0.010722714444444448
static program analysis tool,0.01078634722222227
physics,0.01082191222222223
mobile application development,0.010855546666666688
software design pattern,0.010946541666666698
simulation,0.010978266388888852
computer science,0.011057798888888887
data analysis,0.011166840277777756
translation,0.011177706944444504
knowledge graph,0.011573593333333299
cryptography,0.011607487222222213
computer configuration,0.011893359444444473
distributed system,0.01203645166666667
computational science,0.012320876666666647
electronic trading platform,0.012665071388888921
image editing,0.012781089722222194
graph algorithm,0.012874667777777765
classification,0.01305278666666665
backup,0.013215954722222228
package management system,0.013356115555555492
continuous integration,0.013470442222222295
synchronization,0.013494172222222184
password manager,0.013564922222222192
DevOps,0.013657968611111154
test automation,0.013662917499999983
algorithmic trading,0.013864612777777757
video,0.013967198055555574
reactive programming,0.01405633472222223
embedded system,0.014136330833333322
audio signal processing,0.014261472222222238
logging,0.01431334222222222
network analysis,0.014466918333333356
web browser engine,0.015137681388888796
rendering,0.015342895555555569
computer vision,0.015595968611111094
distributed database,0.01563452888888886
data visualization,0.016009315833333343
linear regression,0.01629289277777779
client,0.01639015194444443
language model,0.016551323333333284
web crawler,0.016861446111111095
content management system,0.017072493055555554
virtual machine,0.01718559333333336
data structure,0.017334943333333325
regular expression,0.017723793055555548
object–relational mapping,0.017743785277777813
game,0.017762266944444466
signal processing,0.0178179725
analytics,0.01838833138888893
Kalman filter,0.018604643888888828
plot,0.018611653888888913
artificial neural network,0.01891472055555557
image,0.019117103055555584
statistics,0.019320573333333313
cluster analysis,0.019349207222222248
home automation,0.019549982222222234
quantum computer,0.01962789861111111
database,0.019694728888888846
server,0.019857708611111136
internet of things,0.0199652080555556
compiler,0.02003953444444445
network security,0.02004184388888891
web browser,0.02015253916666665
Parser combinator,0.020558547777777797
Semantic Web,0.020855309444444442
pattern matching,0.021021609722222195
web scraping,0.02116478472222219
deep learning,0.021264412222222223
World Wide Web,0.02160214222222223
support vector machine,0.021890446666666646
routing,0.022166485277777842
geographic information system,0.022248734999999964
word embedding,0.022389117777777745
data mining,0.02268427333333331
HTTP client,0.022887164444444497
web server,0.02372455388888886
game server,0.024144383611111153
middleware,0.024180893055555597
web development,0.0244658980555556
machine translation,0.02587981611111112
big data,0.026153496944444438
virtualization,0.02618064694444447
sorting algorithm,0.026223418611111105
software testing,0.026269556111111092
deep neural network,0.026438333888888887
data science,0.026745568888888877
convolutional neural network,0.026900793888888913
image captioning,0.027272132777777736
File Transfer Protocol,0.027738264444444438
router,0.028082136388888873
distributed multimedia communications platform,0.02831032222222221
social network,0.028323637777777827
Bayesian inference,0.028360093611111192
text mining,0.0284503116666667
sentiment analysis,0.02861214250000002
natural language processing,0.02872984888888891
data,0.02884579111111113
operating system,0.02897273222222224
streaming media,0.029069937777777777
email,0.029155054722222212
software architecture,0.029220911666666627
interpreter,0.029498859166666697
front end,0.02950452361111114
application performance management,0.029626251388888886
question answering,0.029836912777777724
long short-term memory,0.03162664027777773
computer data storage,0.03169818111111111
data compression,0.032286351388888884
neural machine translation,0.032332959999999994
debugging,0.03235631250000001
natural language,0.032403752777777795
information extraction,0.03280903444444447
HTTP server,0.03332370444444441
web service,0.03377204638888889
text classification,0.03380876333333338
information retrieval,0.03484564277777777
named-entity recognition,0.03507889527777777
chatbot,0.0350796933333333
back end,0.035446899722222286
integrated development environment,0.03634907361111109
text processing,0.036810485000000004
3D modeling,0.0374857663888889
network monitoring,0.03781580194444445
software development,0.03948292361111111
parsing,0.04089608277777776
internet bot,0.04246108527777773
stream processing,0.045060367500000004
information processing,0.0467216466666667
IRC bot,0.05211132499999996
data binding,0.05225896027777785
serialization,0.055052088611111105
WebSocket,0.06059107611111117
instant messaging,0.06947770861111113
