domain,diff
unit testing,0.00036333555555551067
backup,0.0015637113888889165
logging,0.00169087444444449
search,0.0018347430555555877
penetration test,0.002360472499999988
website,0.0036040158333333072
benchmark,0.005177736111111136
regular expression,0.005661460833333326
static program analysis,0.005751979166666699
package management system,0.006304146666666621
Web Components,0.0066133794444444005
security,0.008585309444444439
web application security,0.008880727500000019
computer data storage,0.009136783333333343
database,0.010119351666666637
web application,0.011131096388888928
encryption,0.011310503055555587
graphical user interface,0.013935715833333362
software testing,0.014141357222222206
compiler,0.014691611111111169
data structure,0.015152371666666692
linear algebra,0.015412165833333324
email,0.01647859861111109
content management system,0.017899295277777755
file system,0.018535180833333303
client,0.019453161388888862
data,0.020382336111111038
test automation,0.020552563055555473
algorithm,0.02199852027777774
blockchain,0.023429765277777737
microservices,0.023792755277777716
analytics,0.02451958694444442
graph algorithm,0.02501925277777775
sorting algorithm,0.025348965277777774
command-line interface,0.02749934361111106
evolutionary algorithm,0.027976847777777786
support vector machine,0.028488972777777788
streaming media,0.03007774833333332
server,0.030695586944444464
serialization,0.030966269722222245
World Wide Web,0.03129232000000007
big data,0.03135506138888888
user interface,0.03236141555555547
artificial intelligence,0.03325427972222225
automation,0.03376046527777782
data compression,0.033821312500000006
geographic information system,0.03507516888888887
smart contract,0.03645254749999993
object detection,0.037001495277777824
mathematical optimization,0.03721313472222218
back end,0.03931244083333335
web server,0.04150885500000001
pattern matching,0.04274166861111109
web browser engine,0.0431784152777778
web service,0.0434857380555555
genetic algorithm,0.04464915611111106
Parser combinator,0.04578565333333329
HTTP client,0.046824557222222174
embedded system,0.04704468861111108
language model,0.04717165555555561
text classification,0.047471876111111116
object–relational mapping,0.04776900472222226
text processing,0.051029089444444425
machine translation,0.05417517000000002
information extraction,0.05708151444444445
data binding,0.05757251638888891
stream processing,0.057782650277777764
natural language processing,0.0585215272222222
middleware,0.059538000833333354
neural machine translation,0.06145240833333335
Semantic Web,0.06234349444444445
HTTP server,0.06534905277777772
information processing,0.06788865333333338
File Transfer Protocol,0.07286146222222217
internet of things,0.07524362027777778
telecommunications network,0.07580817555555552
instant messaging,0.10039111305555556
