domain,diff
pattern matching,6.627517857143994e-05
e-commerce,9.616285714286743e-05
interpreter,0.00011109678571427639
business dashboard,0.00016508205357146366
File Transfer Protocol,0.00019873160714289906
graph database,0.000297137410714271
Containerization,0.00036186455357145597
network monitoring,0.0003940934821428932
World Wide Web,0.0007830178571428537
front end,0.0008407865178571283
Parser combinator,0.0011246490178571378
optical character recognition,0.001317999107142892
distributed computing,0.001333103571428601
password manager,0.0015797965178571127
cryptography,0.0021388814285714375
server,0.0026070397321428795
network analysis,0.0026266960714285414
cryptocurrency,0.0027295491964285656
digital security,0.002775047678571424
text processing,0.0029059861607143023
facial recognition system,0.0030280913392856934
face detection,0.003445291160714292
web server,0.0034896116964285573
web scraping,0.0037087044642857003
middleware,0.004349671785714271
content management system,0.004538330178571415
big data,0.004629782946428573
convolutional neural network,0.004816769642857155
analytics,0.004889538928571441
geographic information system,0.0050033468750000365
data structure,0.005449538035714296
back end,0.005520010357142835
word embedding,0.005616101875000029
statistics,0.005662600714285648
geometry,0.005709572857142853
distributed system,0.005712186517857126
question answering,0.00589925383928569
database management,0.006019993303571447
microservices,0.0065224529464285586
long short-term memory,0.006553455535714292
penetration test,0.0066839773214286136
data,0.006836018392857135
search,0.006956078035714325
cluster analysis,0.007187490357142834
telecommunications network,0.007411524017857135
smart contract,0.007647084017857242
classification,0.0077143825000000055
support vector machine,0.00807403267857143
stream processing,0.00824897285714285
data science,0.008283914464285697
encryption,0.009518878303571454
cloud computing,0.009531665982142834
dependency injection,0.009603899642857128
blockchain,0.009650056696428572
email,0.009942053660714295
recommender system,0.010138757142857141
data mining,0.010321290267857164
internet of things,0.01071559124999999
unit testing,0.010864674821428527
client,0.011089656964285766
game server,0.011092130624999974
HTTP server,0.011163778303571459
linear algebra,0.011196559732142869
web browser,0.011296947500000015
deep learning,0.011375675803571461
information processing,0.011395855803571442
banking industry,0.011444243035714313
education,0.01199455848214287
web application,0.01227075660714283
deep neural network,0.01233425187499998
software design pattern,0.012577713214285718
validator,0.012765095892857153
database,0.012776893125000022
website,0.012821749464285714
algorithmic trading,0.012997433839285727
scheduler,0.013086100892857111
continuous delivery,0.013137470892857134
artificial neural network,0.01317628812499999
user interface,0.013345829910714313
instant messaging,0.01350030000000002
information retrieval,0.014042336785714288
WebSocket,0.014112983035714288
anomaly detection,0.014181864107142866
social network,0.014207090625000002
HTTP client,0.014739492946428595
application performance management,0.014893113392857094
data analysis,0.01512443544642858
text mining,0.016009657589285686
home automation,0.01606581901785714
web crawler,0.0164253175892857
natural language,0.01676053633928573
sorting algorithm,0.016776244285714254
data binding,0.01687112080357142
electronic trading platform,0.0169246188392857
continuous integration,0.016988038303571373
stock market,0.01704572053571432
time series,0.017412802232142893
synchronization,0.017591098303571417
regular expression,0.01859230776785714
network security,0.019236151160714282
object detection,0.019572245178571396
computer data storage,0.020009247142857067
information extraction,0.020255803660714278
logistic regression model,0.020613251339285765
text classification,0.021296128125000008
natural language processing,0.021884946964285723
reactive programming,0.021956425446428562
distributed database,0.022071655089285713
artificial intelligence,0.022137599553571446
language model,0.022439168392857173
web browser engine,0.023396012410714317
static program analysis,0.023468899285714273
security,0.023562088660714353
static site generator,0.023708442857142853
Web Components,0.02373606544642856
software architecture,0.02378007410714289
translation,0.025350579642857113
machine learning,0.02643966633928571
image editing,0.026575691339285723
logging,0.026808931875000025
web application security,0.027048394017857108
graphical user interface,0.027370337767857134
image segmentation,0.027948898482142853
data compression,0.028018869285714287
streaming media,0.02834945133928571
serialization,0.028794300892857116
audio signal processing,0.029256202678571402
automation,0.030057715357142856
regression analysis,0.030710893125
image recognition,0.03089052187500002
signal processing,0.030934259196428587
linear regression,0.03114777544642852
benchmark,0.03145669955357139
object–relational mapping,0.031562545357142785
backup,0.031589741517857095
schema migration,0.03240880321428574
"extract, transform, load",0.03278893544642861
Kalman filter,0.03289391866071428
web development,0.03408905267857143
debugger,0.03450215401785711
computer configuration,0.035051620267857214
plot,0.03571314392857142
computer vision,0.03689560589285715
web service,0.037402415446428555
mobile application development,0.03782672294642864
algorithm,0.03824612205357142
static program analysis tool,0.03897553321428571
test automation,0.039413754642857124
package management system,0.041682777410714245
Semantic Web,0.04202233821428569
text editor,0.04271762250000005
syntax highlighting,0.04431949008928571
authentication,0.04455423339285716
compiler,0.04742185098214288
embedded system,0.04914365874999996
file system,0.05012765491071433
shell tool,0.051299111249999974
code generation,0.05304994517857137
game engine,0.0545073916964286
software testing,0.05624993285714289
operating system,0.061733485982142844
command-line interface,0.06224790071428574
3D modeling,0.0640109558928571
software development,0.06471161758928565
computer programming,0.0726039752678572
