domain,diff
scheduler,1.820619047621097e-05
encryption,0.00013538892857142826
data compression,0.00027985321428569687
regular expression,0.0015383796428571628
web browser engine,0.0015565326190476458
user interface,0.0016561551190476531
benchmark,0.0019234060714286016
language model,0.001955755476190535
machine learning,0.0020206565476190708
automation,0.00208412380952383
computer science,0.0032876839285714
object detection,0.003610031071428571
signal processing,0.0037783855952380763
artificial neural network,0.003961904999999988
audio signal processing,0.004070356071428555
education,0.004254902857142889
router,0.00437444559523803
static program analysis tool,0.004409512380952385
unit testing,0.004594273095238077
computer data storage,0.004765808690476159
test automation,0.005339801309523717
data mining,0.005608335357142807
artificial intelligence,0.0056509597619047724
security,0.006688286785714315
sorting algorithm,0.00687663238095243
database management,0.00702936773809526
web crawler,0.008358409880952405
recommender system,0.008435149642857076
streaming media,0.008444505714285733
game server,0.009509041666666718
digital image processing,0.01000915642857142
logging,0.01035832166666667
data analysis,0.010397233095238073
email,0.010539577619047641
web application security,0.01086692047619045
search,0.010912680952380904
deep learning,0.011582262738095261
authentication,0.011635267976190466
Image analysis,0.011715419047619108
linear regression,0.011961425238095236
graphical user interface,0.013435446309523758
translation,0.013706414642857101
website,0.014257989047618935
web application,0.014420497857142778
World Wide Web,0.014456696309523787
penetration test,0.014497976071428637
static program analysis,0.014651694880952415
embedded system,0.016087622499999954
client,0.016133971547618975
digital security,0.01664673392857144
robotics,0.016944368214285715
front end,0.017296059642857187
"extract, transform, load",0.01744907273809526
data science,0.017561850119047623
data structure,0.017770086547619024
web server,0.01846226142857138
time series,0.018695122976190554
database,0.01876838916666662
HTTP client,0.01882308940476185
support vector machine,0.01891518023809524
big data,0.018933051428571435
algorithm,0.019177917261904764
augmented reality,0.01930474666666665
topic modeling,0.019366959166666642
password manager,0.019561159642857123
application performance management,0.01976365869047625
microservices,0.020105853095238102
geographic information system,0.020179615000000012
pattern matching,0.020469969404761895
continuous delivery,0.020643517857142912
dependency injection,0.02117600047619045
network security,0.02135436511904762
long short-term memory,0.022366611547619042
server,0.022416301190476162
package management system,0.023218653452380944
instant messaging,0.023273788333333323
middleware,0.023745905119047672
content management system,0.023826160595238066
smart contract,0.024672200476190453
simulation,0.02503402047619044
web development,0.026827831428571453
telecommunications network,0.02687491380952378
back end,0.026965922023809485
Parser combinator,0.02735395380952374
software testing,0.027505682857142832
computer configuration,0.027667995476190504
analytics,0.027937091904761874
network analysis,0.027995853095238027
synchronization,0.028404146904761923
cloud computing,0.02965794452380957
HTTP server,0.030223349761904772
File Transfer Protocol,0.030429037023809558
data,0.030495507142857148
Web Components,0.03110843690476195
file system,0.03180144761904763
continuous integration,0.0323373510714286
game engine,0.033531032738095184
data binding,0.03449869892857141
distributed system,0.03628406119047625
text classification,0.03715340916666662
text processing,0.037332022619047556
network monitoring,0.03786872130952382
named-entity recognition,0.038021367499999986
command-line interface,0.039847777380952354
web service,0.04034227107142854
natural language processing,0.040440335714285736
WebSocket,0.04059218678571433
distributed computing,0.04067734440476198
anomaly detection,0.041017857023809556
serialization,0.04430185047619048
shell tool,0.04468221333333333
information processing,0.04537292309523813
object–relational mapping,0.05060241369047622
operating system,0.05172045702380959
stream processing,0.06066842202380951
Semantic Web,0.06454836071428563
