domain,diff
data analysis,0.00023540746031744386
application performance management,0.00030108674603174235
mathematics,0.0003516067460317407
word embedding,0.0004549261111111147
computer data storage,0.0005218850793651253
data mining,0.0008108326984126724
unit testing,0.0010163002380951802
artificial neural network,0.001385933888888885
linear algebra,0.0015270761904762065
continuous delivery,0.0018669704761904993
big data,0.0019625014285714337
optical character recognition,0.002005090476190463
graph database,0.002122209285714244
smart contract,0.0023613038095237626
deep learning,0.0024574985714285458
scheduler,0.0025381088095238202
data science,0.002663695396825372
web application,0.0026873284126983643
email,0.003137683492063531
synchronization,0.0032621403174603048
time series,0.0034898761904761655
password manager,0.0035753984126984384
translation,0.0036779399206349483
sorting algorithm,0.00415845373015869
stock market,0.004318137063492072
support vector machine,0.004319158571428561
website,0.004709269603174637
penetration test,0.0049392230158730455
content management system,0.005075648650793685
web crawler,0.005100575158730136
web browser,0.005437651666666765
middleware,0.00545818817460314
data visualization,0.005743895555555573
internet bot,0.00591148436507935
validator,0.005949129365079409
Parser combinator,0.006014761031746058
data structure,0.006165827936507995
network analysis,0.006280244206349289
e-commerce,0.006452221190476226
Containerization,0.006469563095238051
blockchain,0.0067816113492063235
web browser engine,0.006869204285714359
dependency injection,0.007195127698412684
database management,0.00725791079365079
internet of things,0.007280338888888904
cryptography,0.007342280317460342
language model,0.007772532698412715
web scraping,0.008153895396825428
graphical user interface,0.008252606587301592
geographic information system,0.008408417777777788
analytics,0.008734739682539683
user interface,0.008861011825396836
cloud computing,0.008939395079365142
digital security,0.00897567698412699
documentation,0.009080739444444486
pattern matching,0.009500258015873009
debugger,0.009562339920634905
distributed computing,0.009734121349206398
automation,0.009837976190476216
microservices,0.009921545238095186
Kalman filter,0.010173290396825324
benchmark,0.01037173642857142
distributed system,0.01089613952380955
artificial intelligence,0.01145859753968248
object detection,0.01205278253968256
education,0.012212236190476233
anomaly detection,0.013024387301587337
regular expression,0.013233094365079329
recommender system,0.013270020476190442
search engine,0.013393009523809535
sentiment analysis,0.013603916984127024
distributed multimedia communications platform,0.013697327301587292
linear regression,0.013710734126984064
interpreter,0.01376930039682539
encryption,0.01378438253968256
static program analysis,0.014119633730158676
signal processing,0.014675136904761937
search,0.014729704285714268
computer configuration,0.015103087698412732
client,0.015303733174603151
game server,0.015314531666666686
continuous integration,0.015432298095238078
Web Components,0.015564174682539622
back end,0.015655877857142952
logging,0.01583103222222229
File Transfer Protocol,0.01598444785714298
security,0.016311998174603215
computer science,0.016443563650793663
regression analysis,0.016513153888888882
data compression,0.016607748174603226
streaming media,0.016678150158730087
plot,0.01675453365079363
audio signal processing,0.017115186428571433
World Wide Web,0.017125070476190496
machine learning,0.017481751825396824
network monitoring,0.019452531587301564
web application security,0.0201552576984127
data,0.020697541587301582
command-line interface,0.020766036825396794
test automation,0.020895673809523785
backup,0.021495457698412712
banking industry,0.022367321507936494
database,0.022888397222222245
text editor,0.02402006722222222
web development,0.024206821984126936
graph algorithm,0.025116800634920555
static site generator,0.025388925079365077
instant messaging,0.02543112999999997
information retrieval,0.026430740952380932
telecommunications network,0.026619520476190428
text processing,0.02677336317460316
web server,0.02712958309523822
question answering,0.02749496793650799
algorithm,0.027854114761904802
network security,0.028027144285714234
syntax highlighting,0.03020272515873018
stream processing,0.03020977619047624
authentication,0.030531747142857196
server,0.030746508968253927
shell tool,0.031771588888888924
static program analysis tool,0.032080976825396845
information processing,0.03214365309523809
text classification,0.033396098333333346
object–relational mapping,0.03382932507936509
distributed database,0.034233479603174605
serialization,0.035430106031745956
natural language understanding,0.03592038666666664
natural language processing,0.03629398238095238
named-entity recognition,0.036552307777777765
game engine,0.03710010523809529
embedded system,0.03710075277777772
HTTP server,0.03834579309523806
data binding,0.039062205317460325
WebSocket,0.04013842873015874
file system,0.04025758817460323
integrated development environment,0.04470223603174606
web service,0.04631869301587299
compiler,0.04698210952380952
package management system,0.04699421317460317
operating system,0.0473564206349206
software testing,0.047712430634920644
code generation,0.04973460198412705
HTTP client,0.05106011857142856
3D modeling,0.06218917380952388
software development,0.06220433404761905
