domain,diff
data structure,0.0001565665277777628
pattern matching,0.0004942444444444027
database,0.0007947272916666859
logging,0.0009053282638888938
graph database,0.0011756222916666503
Semantic Web,0.001217513472222237
authentication,0.0013942102083332464
search,0.0016165670138889032
plot,0.0018902838194444216
software design pattern,0.002567717569444461
internet bot,0.002638782152777741
geographic information,0.0028597502777778228
data,0.0030045520138888837
regular expression,0.0031525020833333417
interpreter,0.0031989272222222587
server,0.0034267931250000494
password manager,0.005055820277777789
distributed database,0.005084928958333318
Bidirectional recurrent neural networks,0.005758033124999978
geographic information system,0.005943215972222193
schema migration,0.0067782796527777744
validator,0.006926576180555588
database management,0.007522296180555582
computer configuration,0.008581754305555522
game server,0.008701828819444452
HTTP client,0.00871124548611113
unit testing,0.009196613263888875
scheduler,0.010008066944444394
parsing,0.010536878333333333
Parser combinator,0.0105431952083333
middleware,0.010556218680555562
distributed computing,0.011057952013888872
documentation,0.011424032708333365
artificial neural network,0.011809718472222258
static site generator,0.011939864791666588
distributed system,0.012090898402777772
Containerization,0.012470932847222171
random forest,0.012529579236111116
command-line interface,0.012620552569444471
linear algebra,0.013813871944444445
classification,0.013860922777777784
social network,0.013867120555555529
deep learning,0.0140588297916667
information extraction,0.014122282222222143
text classification,0.0143358340277778
stream processing,0.014367307916666627
text mining,0.014547066944444409
synchronization,0.01454954381944451
data science,0.014777990763888887
sorting algorithm,0.015071579513888905
email,0.015085637638888899
WebSocket,0.015101004027777754
object-oriented programming,0.015414783472222193
information retrieval,0.015509972361111096
cluster analysis,0.01565146798611111
question answering,0.0167878302083333
information processing,0.01690858263888889
data binding,0.016981958402777775
package management system,0.0170944004166666
hyperparameter optimization,0.017242417083333322
convolutional neural network,0.017400650763888886
topic modeling,0.017593463958333305
serialization,0.017976841111111086
HTTP server,0.018056583958333317
client,0.01831158791666665
reactive programming,0.018429302152777827
content management system,0.018470379305555562
computer data storage,0.018636239513888903
dependency injection,0.018643152986111078
natural language,0.01876742618055552
syntax highlighting,0.018801676597222122
big data,0.01898473305555551
automated machine learning,0.01912449874999997
linear regression,0.019512236944444455
integrated development environment,0.01994246680555553
distributed multimedia communications platform,0.020170418472222257
data visualization,0.020250689166666697
automation,0.02049824409722223
test automation,0.02074207069444442
natural language processing,0.02120307534722224
web service,0.021538075347222185
Kalman filter,0.0215945301388889
game engine,0.0216874910416667
front end,0.021823397569444403
object–relational mapping,0.023000180902777778
translation,0.023291594236111157
back end,0.02336019888888885
word embedding,0.02375965652777773
optical character recognition,0.02388182784722226
object detection,0.023962799930555584
router,0.024045507986111075
image captioning,0.024061652916666676
smart contract,0.024519869236111103
compiler,0.02466461645833329
statistics,0.024860188541666633
static program analysis,0.025052598263888892
shell tool,0.02521061368055555
telecommunications network,0.025229714444444412
Web Components,0.02533995513888887
language model,0.025354413194444453
backup,0.02541191861111111
support vector machine,0.025659222361111123
machine learning,0.025666880972222195
analytics,0.025743451319444444
file system,0.02606369756944449
video game development,0.026291207430555547
3D computer graphics,0.027212246666666662
computer graphics,0.02868811236111113
artificial intelligence,0.028815217083333344
time series,0.029284561666666653
banking industry,0.02944582381944441
text processing,0.029899336805555593
benchmark,0.029939954861111173
web server,0.029979717708333298
design,0.030312984166666723
algorithm,0.03043569388888892
blockchain,0.03125505062500003
recommender system,0.03132610381944448
digital image processing,0.03169417298611116
instant messaging,0.031741971041666706
digital audio,0.03277714416666666
graphical user interface,0.03289565791666671
user interface,0.03334021055555564
File Transfer Protocol,0.03382318555555547
embedded system,0.03396154888888894
penetration test,0.03407047409722219
signal processing,0.034730370416666684
streaming media,0.036505657152777815
application performance management,0.03725556583333328
web crawler,0.03850172118055556
website,0.039707527291666656
World Wide Web,0.03973642576388886
cloud computing,0.039781527986111065
software testing,0.04102437833333336
augmented reality,0.04160719534722221
microservices,0.04174418104166666
data compression,0.04428486916666666
audio signal processing,0.04508033958333335
web browser engine,0.04877631277777783
encryption,0.04963659854166669
network security,0.05223885854166671
cryptography,0.0540562494444444
operating system,0.055160820486111095
security,0.05643047180555555
software development,0.05813628305555554
web application,0.06225989194444437
web application security,0.07208561499999999
mobile computing,0.07256156333333336
digital security,0.07920920944444443
mobile application development,0.089072024375
