domain,diff
signal processing,1.1093541666673534e-05
backup,8.091486111111434e-05
HTTP server,0.0008616091666666659
linear regression,0.0008886161805555515
text processing,0.0012282531944444175
language model,0.00132426180555556
HTTP client,0.0013931751388889246
kernel,0.0015902025694444766
long short-term memory,0.0017338375694444519
big data,0.0017882975694444858
dependency injection,0.002029015486111063
streaming media,0.0025001072222222143
database,0.002647473958333313
data analysis,0.0026876862500000154
text classification,0.003282469722222209
time series,0.0038537629166666976
File Transfer Protocol,0.003925425555555473
command-line interface,0.004060754305555525
static program analysis,0.00414753486111108
validator,0.004283350555555593
data visualization,0.004344921041666672
web scraping,0.004439230694444518
information processing,0.004589210763888851
data science,0.004735122986111118
deep learning,0.0049304720833333315
server,0.00640717624999998
support vector machine,0.006413661736111076
image compression,0.006427170763888879
natural language processing,0.006478142847222229
unit testing,0.007405405138888932
plot,0.007901387430555601
static site generator,0.008314274791666632
front end,0.008636680694444454
algorithmic trading,0.009191599861111094
WebSocket,0.01052105909722223
machine learning,0.010576213472222235
algorithm,0.01078462263888888
compiler,0.011506026666666669
scheduler,0.011711221180555564
router,0.012094711736111097
back end,0.012095143888888882
optical character recognition,0.012238569652777725
embedded system,0.012392760138888903
file system,0.012817196180555546
computer vision,0.013226204722222218
web crawler,0.01491696055555558
telecommunications network,0.016089450069444455
distributed computing,0.01640005701388883
web service,0.018148465972222194
object detection,0.018247679305555542
computer data storage,0.018336075486111048
web server,0.01929127645833334
logging,0.0201373451388889
image recognition,0.020174804513888894
face detection,0.021435597222222214
package management system,0.021769373541666664
test automation,0.022382847569444447
instant messaging,0.022457537291666663
object–relational mapping,0.02351325402777779
benchmark,0.024427672986111065
pattern matching,0.024540700694444417
regular expression,0.025021474166666696
analytics,0.025033446319444458
World Wide Web,0.025166525138888896
data compression,0.025819900208333357
automation,0.026911204097222224
recommender system,0.027297758819444462
data,0.028317807361111058
content management system,0.02861390993055557
Web Components,0.028750059513888843
client,0.030674325416666648
graphical user interface,0.03122489041666665
blockchain,0.031788710624999994
encryption,0.03223666979166673
electronic trading platform,0.03281113430555552
parsing,0.033928332916666665
facial recognition system,0.034949312638888924
penetration test,0.03558727159722225
website,0.03672283354166661
data binding,0.037890812152777786
software testing,0.03796026333333327
smart contract,0.03807925798611117
user interface,0.039246789305555585
password manager,0.040351334027777824
stream processing,0.04076453833333338
data structure,0.04303613965277772
microservices,0.04310933916666668
cloud computing,0.04617130111111112
application performance management,0.05784779708333329
serialization,0.06286021611111109
web application,0.06388537194444449
mobile application development,0.08675973125
security,0.08831551118055556
web application security,0.09886069812500001
