domain,diff
plot,0.0001948561111110858
distributed database,0.000822750555555557
reactive programming,0.0011823016666667185
geographic information system,0.0013239794444444009
server,0.0019132266666666564
Kalman filter,0.0020071150000000315
Containerization,0.0023046627777777995
artificial neural network,0.002673159444444434
web service,0.002718541666666685
graph database,0.003033465555555559
search,0.003176010555555525
data structure,0.003211326111111079
Web Components,0.0032332116666667354
static site generator,0.003432188333333308
password manager,0.0035468783333333365
WebSocket,0.0038456927777777983
content management system,0.0038623861111111157
object-oriented programming,0.00389603500000002
database management,0.004029676111111102
automation,0.004554686666666696
command-line interface,0.004567807777777766
regular expression,0.005338891666666679
static program analysis,0.005399138333333331
package management system,0.005787004999999956
middleware,0.005863541666666583
web crawler,0.006029285555555486
anomaly detection,0.006118640000000064
stream processing,0.0063760288888889405
data,0.0067055666666666625
web server,0.006830271666666721
question answering,0.006839746111111156
front end,0.006943216111111039
HTTP server,0.007383390555555536
information processing,0.007467046111111153
test automation,0.007746192222222115
web scraping,0.007790971666666646
data science,0.008080542777777783
synchronization,0.008368674444444502
database,0.008714124999999961
logging,0.0089497044444444
video tracking,0.009239151111111149
text classification,0.009324625555555521
linear regression,0.009586194444444446
long short-term memory,0.009970871666666686
pattern matching,0.009975523888888893
object detection,0.0106387055555556
back end,0.011052807222222183
distributed system,0.011175357777777783
unit testing,0.011630822222222226
"extract, transform, load",0.0118643811111111
analytics,0.01193280888888884
HTTP client,0.0122653155555556
algorithmic trading,0.012529303888888899
recommender system,0.013486673333333338
convolutional neural network,0.013512490000000016
data analysis,0.013732403888888828
documentation,0.013779574444444498
router,0.013888288888888878
validator,0.014062196666666693
text editor,0.014130268333333335
computer configuration,0.014166734444444468
graphical user interface,0.014490153888888913
web browser engine,0.01475995166666666
deep learning,0.014933631666666669
statistics,0.015394498888888913
code generation,0.015506336666666787
syntax highlighting,0.015547186666666657
application performance management,0.01565261166666665
translation,0.015684404444444466
language model,0.01574512444444437
Semantic Web,0.01600315000000002
big data,0.01628062277777781
compiler,0.0163604088888889
machine learning,0.016495671666666656
authentication,0.01667514666666664
artificial intelligence,0.01754084777777773
client,0.01757117722222218
email,0.017648398333333343
text processing,0.01790392166666671
DevOps,0.018061030000000006
social network,0.018278387222222248
optical character recognition,0.01957017444444442
signal processing,0.019625375555555546
continuous integration,0.01980805722222223
integrated development environment,0.019956417222222078
shell tool,0.020176256666666614
computer data storage,0.020478628888888933
user interface,0.020493961666666616
World Wide Web,0.02051825944444452
dependency injection,0.02155704944444442
electronic trading platform,0.022149084999999957
streaming media,0.02219404555555557
embedded system,0.023025428333333348
serialization,0.02346609333333327
telecommunications network,0.024520650555555523
Parser combinator,0.024805654999999982
web browser,0.02510866555555563
data binding,0.02522049166666665
stock market,0.025320451111111114
scheduler,0.025536003333333335
website,0.02558377444444443
banking industry,0.025647229444444475
computer graphics,0.026801425555555564
smart contract,0.026814888888888944
search engine,0.026853151111111112
design,0.026945516666666697
instant messaging,0.027296493333333338
benchmark,0.028281206666666614
object–relational mapping,0.029705741111111184
software testing,0.029821407222222235
3D modeling,0.03009676388888885
web application,0.03137608277777776
augmented reality,0.033029158333333364
microservices,0.03322851333333332
File Transfer Protocol,0.03379919833333328
data compression,0.03427906222222224
penetration test,0.03432068722222226
cloud computing,0.035043447222222246
Malware Analysis,0.035107045555555605
file system,0.03579899222222219
malware,0.03714086444444448
web application security,0.03817884611111105
web development,0.0390721138888889
blockchain,0.0394777738888889
network security,0.04259534333333337
software development,0.044449721666666636
security,0.04513738888888891
encryption,0.04834071222222225
cryptocurrency,0.04953767222222222
cryptography,0.05514940166666665
mobile computing,0.06381391888888899
digital security,0.06838572722222222
