domain,diff
support vector machine,0.001992104236111125
penetration test,0.0026544696527777134
big data,0.003635753055555496
package management system,0.007219272916666686
File Transfer Protocol,0.008852935069444401
interpreter,0.009293805972222208
encryption,0.01113367270833332
command-line interface,0.012289758680555596
algorithm,0.01308040861111115
machine learning,0.013257099722222221
embedded system,0.01327730701388885
database,0.01352961458333335
data compression,0.01534435895833336
benchmark,0.015467158611111143
file system,0.016792032430555548
data,0.01781181736111115
operating system,0.018752462986111162
instant messaging,0.021299906041666594
web service,0.022112754722222294
World Wide Web,0.022522258888888896
analytics,0.022578730694444438
password manager,0.025279325972222322
data structure,0.025789807777777812
recommender system,0.02664531319444438
automation,0.028050055972222265
website,0.028422682291666723
content management system,0.03167477930555551
security,0.039447687430555545
user interface,0.04532394805555556
microservices,0.05054772979166672
