domain,diff
information extraction,0.00014792555555551146
data structure,0.00031763555555550105
validator,0.0004613277777777425
router,0.000496403888888941
sorting algorithm,0.0007983144444444201
front end,0.0009233227777778463
middleware,0.0010586944444444524
web service,0.0015780788888888342
logging,0.001876218888888892
dependency injection,0.003292403888888795
network analysis,0.004606074444444469
network monitoring,0.005015251111111091
web browser engine,0.005073370555555512
server,0.0054260277777777866
World Wide Web,0.005480176111111179
kernel,0.005552567777777739
geographic information system,0.005827510000000036
search,0.005831210000000059
WebSocket,0.006210591111111108
information processing,0.006345414444444447
data,0.006673316666666651
question answering,0.007091481111111075
back end,0.007172065555555551
Web Components,0.00725865888888888
plot,0.007607941666666701
web server,0.00761466222222229
support vector machine,0.007693379444444426
web browser,0.008351501666666594
data binding,0.00989996500000001
command-line interface,0.010946047222222144
stream processing,0.011370132777777708
Semantic Web,0.011610767777777836
computer configuration,0.012049928888888922
Kalman filter,0.012206906111111165
optical character recognition,0.012612367777777772
content management system,0.013347858333333296
website,0.013678371666666578
database,0.014568322777777781
text processing,0.014732152777777785
recommender system,0.015122512777777819
web scraping,0.015126566111111128
Parser combinator,0.01517020833333338
linear regression,0.015530761111111124
object detection,0.015548086111111137
authentication,0.015748064444444432
Containerization,0.016273346666666633
time series,0.016486015555555594
object–relational mapping,0.016659072222222238
static program analysis,0.01676242611111106
pattern matching,0.017651419444444427
web crawler,0.017767778333333317
HTTP server,0.017902364444444374
signal processing,0.018078384999999975
password manager,0.018100241666666628
analytics,0.018664851111111103
video processing,0.018897122777777775
telecommunications network,0.01940054833333324
unit testing,0.01955798777777784
reactive programming,0.019963456111111055
streaming media,0.020390617222222213
client,0.02042178222222224
email,0.02071164999999997
penetration test,0.022264874999999962
automation,0.02235232388888886
package management system,0.022368511111111128
graphical user interface,0.022553071111111045
computer data storage,0.023788747222222267
web development,0.0238484072222222
HTTP client,0.023974079444444518
web application,0.02409425777777774
web application security,0.024389143888888798
file system,0.02682343111111113
test automation,0.026827161666666627
big data,0.02686322777777783
File Transfer Protocol,0.028063347777777747
compiler,0.029082999444444424
language model,0.02953483388888889
machine learning,0.029571884444444446
regular expression,0.03112603166666672
data compression,0.03164432777777776
user interface,0.03204321833333329
banking industry,0.03335586166666668
embedded system,0.03657247722222223
instant messaging,0.03751276444444446
security,0.03824831000000001
application performance management,0.03856711111111111
benchmark,0.0399253727777778
microservices,0.04274015999999997
software testing,0.044437098333333314
blockchain,0.04470292388888886
smart contract,0.04751047111111106
operating system,0.06317060000000005
mobile computing,0.07820173166666664
