domain,diff
logging,0.00015999375000003146
software engineering,0.0014184493749999638
cryptocurrency,0.00188014625000002
telecommunications network,0.0022052449999999946
electronic trading platform,0.002253507499999974
game engine,0.0034622731249999983
package management system,0.003968315624999996
automation,0.004053866249999982
software architecture,0.005730871249999936
HTTP client,0.006553403124999968
HTTP server,0.006958776875000017
operating system,0.00754777062499995
reactive programming,0.007647769375000002
computer configuration,0.00815615312500001
security,0.008715470000000003
unit testing,0.008784975000000028
embedded system,0.009132676874999912
schema migration,0.009847270625000015
digital security,0.00990234437500001
test automation,0.010316093750000005
software testing,0.01081598750000004
e-commerce,0.011979163750000021
parsing,0.012599281875000035
distributed database,0.012921223749999988
web service,0.014262557499999995
instant messaging,0.014781443124999988
content management system,0.015392730000000021
web application security,0.01567892937500001
File Transfer Protocol,0.015856836875000058
file system,0.015999841874999976
software development,0.01766930124999999
support vector machine,0.017886135624999994
computer data storage,0.019702201249999995
benchmark,0.020599850625
education,0.022143525624999993
distributed system,0.023454845624999943
smart contract,0.02684392499999999
font,0.026993075000000005
server,0.02731832562500003
distributed computing,0.02851874999999998
distributed multimedia communications platform,0.030614461250000002
geographic information system,0.03449243750000003
debugging,0.03479917250000006
database,0.0357991275
dependency injection,0.03778622749999999
microservices,0.038076237499999915
user interface,0.03862914374999998
documentation,0.040882676875000024
graphical user interface,0.04270646625000002
web scraping,0.061878940625000045
