domain,diff
encryption,0.0008060525396824947
File Transfer Protocol,0.0012085234126983924
game server,0.0014194027777777452
object–relational mapping,0.0014268534126983812
home automation,0.0014717593650793448
data,0.0015768160317460311
dependency injection,0.001733546031746025
unit testing,0.0018945430952381215
email,0.0020314642857142406
geographic information system,0.0028619722222221755
password manager,0.002890586031746023
Parser combinator,0.002999112857142827
cryptography,0.003206325793650766
smart contract,0.0032166117460318278
distributed system,0.0035890732539682613
classification,0.004216311666666722
interpreter,0.004288692936507937
Web Components,0.0044743935714285366
scheduler,0.004505460476190437
front end,0.0049970728571427925
middleware,0.00560371293650791
static program analysis,0.006031032619047583
web server,0.006095883650793749
World Wide Web,0.006415268412698377
stream processing,0.006548879523809503
long short-term memory,0.006624188730158742
stock market,0.008320128730158693
telecommunications network,0.008659788253968292
text processing,0.008923603730158741
distributed computing,0.0090259753174603
back end,0.009242196587301688
time series,0.009417615079365088
database,0.01054694555555552
logging,0.010802641666666668
user interface,0.010938314841269836
sorting algorithm,0.01134220428571428
web application security,0.012483515476190504
signal processing,0.012852186904761892
regular expression,0.013549158253968269
cloud computing,0.014017351031746006
HTTP client,0.014229831349206412
automation,0.01469856952380949
penetration test,0.015765621349206366
artificial neural network,0.015958659444444412
audio signal processing,0.016977896984126967
server,0.01714087341269832
object detection,0.018157006984126978
data structure,0.01896379039682536
content management system,0.01939268357142865
computer data storage,0.019469979920634872
language model,0.0197639932539683
embedded system,0.020101423888888914
microservices,0.02020612523809523
big data,0.021190284682539667
computer configuration,0.021348807698412686
security,0.02182142539682541
information processing,0.02216903142857149
graphical user interface,0.0225437682539682
instant messaging,0.023225491666666626
command-line interface,0.024382779603174587
HTTP server,0.025554261428571395
benchmark,0.02558772198412701
machine learning,0.026199951269841287
test automation,0.027792755476190506
linear regression,0.029179563571428563
backup,0.02929093103174596
web application,0.029700613968253936
web service,0.03001724357142857
client,0.030658420714285706
data compression,0.030843651507936526
machine translation,0.03169248277777781
WebSocket,0.032067890396825366
website,0.03217905126984133
recommender system,0.03285892214285718
data binding,0.03531800420634926
productivity,0.03814445317460316
streaming media,0.03936668404761903
shell tool,0.040046694444444475
software testing,0.04199061730158732
operating system,0.04357723230158733
mobile application development,0.0438549163492063
package management system,0.046113191507936524
algorithm,0.04788264253968255
game engine,0.05116876412698415
web development,0.052093851984126915
file system,0.053157671507936516
compiler,0.053545820634920666
audio player software,0.0640853041269841
3D modeling,0.07538083214285715
