domain,diff
static program analysis tool,8.949006944442006e-05
information processing,0.0008495626388889121
security,0.0008673504166666901
search,0.0008781903472222241
natural language processing,0.0009373607638889503
deep learning,0.0010301015972221939
compiler,0.0011627605555555864
web service,0.0012994798611111191
text mining,0.001375378333333288
streaming media,0.0015020486805555344
continuous delivery,0.0018956497222222535
search engine,0.002471385138888893
machine learning,0.0028767676388889163
natural language,0.0031251755555555816
smart contract,0.003141008680555557
cloud computing,0.003218258125000012
File Transfer Protocol,0.0032259195833333476
microservices,0.003252321527777796
middleware,0.0033688966666666764
logging,0.0034422726388888825
algorithm,0.004158231875000029
Semantic Web,0.004272483194444454
web crawler,0.004336449027777856
server,0.004432038888888906
software testing,0.004746697361111107
object–relational mapping,0.0049661514583333455
natural language understanding,0.005454366597222232
information retrieval,0.005462784930555603
package management system,0.005490685069444501
test automation,0.0059171590277777575
game engine,0.006328801597222267
neural machine translation,0.007195989236111089
artificial neural network,0.007287570833333312
encryption,0.0072905319444444006
information extraction,0.0073812181249999775
instant messaging,0.007598792222222206
password manager,0.007638353194444419
file system,0.0077610098611110845
reinforcement learning,0.008018635208333319
data compression,0.008026459583333312
linear regression,0.0080806161805555
game server,0.008133087291666619
distributed system,0.008283203472222195
animation,0.008495882986111064
pattern matching,0.008649874027777782
unit testing,0.008717887986111117
code generation,0.009022459305555619
big data,0.009510992986111105
text classification,0.009805796666666644
web application security,0.009965985833333357
penetration test,0.010291823263888916
analytics,0.010473577638888926
serverless computing,0.010798671874999971
validator,0.010869498888888829
client,0.01092508409722226
support vector machine,0.011025792152777797
geographic information,0.01114857527777774
content management system,0.011441084583333316
Image analysis,0.011471813194444458
web browser engine,0.011649300416666675
data science,0.011688997013888924
static site generator,0.011766262916666659
text processing,0.012086369236111116
sorting algorithm,0.01224642333333334
"extract, transform, load",0.012690896458333323
machine translation,0.013086020624999972
database management,0.013144651944444474
algorithmic trading,0.01335156909722221
automation,0.013399016250000007
parsing,0.013816629861111096
object detection,0.01416691270833334
application performance management,0.014195987916666652
computer configuration,0.01504318250000003
stream processing,0.015145842013888855
database,0.015254610347222197
language model,0.01651487256944445
computer data storage,0.016520790486111103
operating system,0.01660503701388888
dependency injection,0.016801602569444463
graph algorithm,0.016851601874999927
data structure,0.017409514722222186
internet of things,0.0174351879861111
question answering,0.01747457277777778
web server,0.017693575347222157
HTTP server,0.018187678888888864
cryptocurrency,0.018460009583333298
blockchain,0.018818027152777805
HTTP client,0.018926626874999963
geographic information system,0.01911861777777779
data binding,0.01918798291666668
software development,0.019194965763888905
data analysis,0.020122825138888828
graph database,0.020954050694444448
benchmark,0.021311864861111085
plot,0.021394984583333332
continuous integration,0.02170088680555557
command-line interface,0.022007933888888942
recommender system,0.02260237486111108
WebSocket,0.022726253263888885
back end,0.023246744166666722
serialization,0.02345498659722217
computer science,0.024867646111111114
front end,0.02501543812500001
web browser,0.026617174236111096
data,0.027186713611111135
web application,0.02777243416666675
embedded system,0.028345166249999998
World Wide Web,0.029070282083333343
3D modeling,0.03326816152777781
electronic trading platform,0.03468009624999993
Parser combinator,0.034731211666666706
time series,0.034736097222222234
regular expression,0.035098246736111116
web development,0.03542867326388893
stock market,0.03604080840277779
website,0.037953935763888835
user interface,0.045485170277777764
graphical user interface,0.047383577222222195
Web Components,0.05322935763888881
