domain,diff
machine learning,0.0001590387500000623
malware,0.00017233374999997553
operating system,0.00031517375000000847
synchronization,0.0003673012499999795
router,0.0005478849999999702
deep learning,0.0006794931250000136
code generation,0.0008505637500000329
functional programming,0.0010635012499999874
Malware Analysis,0.001208723749999946
home automation,0.0013438562499999696
cryptocurrency,0.0014255106249999594
package management system,0.0016070481249999546
artificial intelligence,0.0017214975000000299
Bayesian inference,0.0019151250000000175
computer data storage,0.0019786537500000034
mathematical optimization,0.002063311250000005
unit testing,0.002081831249999999
chatbot,0.002128981874999991
artificial neural network,0.0022159006249999613
continuous integration,0.00245862625000004
shell tool,0.0026257381249999434
computer configuration,0.0026967618750000366
video game,0.0027342462500000164
software architecture,0.00273843812500002
object–relational mapping,0.002882270624999961
interpreter,0.0029553393750000045
automation,0.003136968125000028
hacking tool,0.0032979174999999694
internet of things,0.0035846837500000395
neural machine translation,0.003742656250000004
natural language processing,0.0040135162500000154
DevOps,0.004015310000000022
audio player software,0.004019654374999959
web browser engine,0.004139489375000027
deep neural network,0.004207502499999988
telecommunications network,0.00423419937499997
search engine,0.004369848749999988
bioinformatics,0.004382657499999998
blockchain,0.004445683750000012
mobile computing,0.004537858124999988
named-entity recognition,0.004731616874999983
test automation,0.004968682500000016
long short-term memory,0.005083678750000015
file system,0.0051564443749999855
Bidirectional recurrent neural networks,0.005179220625000036
social network,0.005253149999999984
client,0.00588407062499996
e-commerce,0.006238006250000011
software engineering,0.006281464375000045
convolutional neural network,0.00631657062499999
search,0.006505900625000005
algorithmic trading,0.006528191249999982
recurrent neural network,0.00686212312499998
big data,0.006885582500000015
evolutionary algorithm,0.006956676874999984
game engine,0.0072665006249999775
electronic trading platform,0.007394881874999981
routing,0.007657946249999992
schema migration,0.007675560625000022
image compression,0.007720043124999992
speech synthesis,0.007940470625000029
IRC bot,0.007970584375000034
back end,0.008390243750000026
backup,0.008551765624999985
data mining,0.008794406249999998
logging,0.008797229999999961
reactive programming,0.008934063125000002
validator,0.009099653749999992
game,0.009297274374999998
image editing,0.009323156249999992
digital security,0.009381127499999975
sentiment analysis,0.009424860625000003
content management system,0.009620399375000033
random forest,0.00968143187499998
automated machine learning,0.009925434375000014
lexical analysis,0.010095349375000034
kernel,0.010284663750000034
Semantic Web,0.010471023749999975
integrated development environment,0.010546216250000018
banking industry,0.010565971249999973
facial recognition system,0.010608405625000011
mobile application development,0.010715323124999981
WebSocket,0.01075066062500002
word embedding,0.010771084999999986
productivity,0.010842809374999984
translation,0.010867971249999997
continuous deployment,0.01097300750000002
object-oriented programming,0.011130938750000041
machine translation,0.011197690625000006
genetic algorithm,0.01125702062500003
compiler,0.011813793125000027
pattern matching,0.011982589374999963
information retrieval,0.012008402499999987
web server,0.012108913124999954
support vector machine,0.012255768750000007
neural network,0.012457623124999984
software testing,0.012563483124999997
speech recognition,0.012655983749999988
Naive Bayes classifier,0.012685839375000008
text processing,0.012783873124999956
animation,0.012966720000000015
data compression,0.013061731874999927
text mining,0.013181815624999982
information processing,0.013202639374999992
natural language,0.013391486250000029
embedded system,0.013416675625000068
static program analysis,0.013436543749999974
HTTP server,0.013805370000000039
virtual reality,0.013985004999999995
streaming media,0.014056713124999981
anomaly detection,0.014159638750000009
cluster analysis,0.01416272499999996
parsing,0.014383561875000006
signal processing,0.014550788750000015
face detection,0.014581385624999998
semi-supervised learning,0.01469179125000003
HTTP client,0.014743863125000034
email,0.014860694375000011
simulator,0.014894831875000014
network analysis,0.015062816249999972
algorithm,0.015125308750000038
logistic regression model,0.015374670624999975
bitcoin,0.015457441250000009
analytics,0.015568511250000028
camera,0.01591733875000001
video processing,0.01597215062500007
text classification,0.01608607250000002
image classification,0.016122986875000023
network monitoring,0.01636513812500004
database management,0.016589861874999973
computer benchmarking,0.016699700625000036
distributed database,0.01696672499999996
RNA sequencing,0.017026890000000044
cryptography,0.017196290624999944
image,0.017243126250000018
natural language understanding,0.017263799999999996
digital image processing,0.017271320624999975
web browser,0.017288654375000045
computational science,0.01733831562499999
audio signal processing,0.017666910000000008
static program analysis tool,0.017778734374999938
classification,0.01786799312499998
question answering,0.01796223562499999
dependency injection,0.01797924624999997
instant messaging,0.018069189999999957
penetration test,0.018144785624999993
software design pattern,0.018589175624999982
middleware,0.018790798750000004
robotics,0.019330045000000046
web crawler,0.01943196687500004
authentication,0.019506744374999996
video game development,0.019569756250000042
static site generator,0.020013119375000055
regular expression,0.020181933124999968
benchmark,0.02027725875
digital audio,0.020331016250000028
command-line interface,0.02043616749999999
object detection,0.0209232875
Containerization,0.02100571812499996
data science,0.02105004937499999
security,0.021125048125000018
internet bot,0.021279876874999937
rendering,0.02144559937500007
distributed system,0.02156911000000003
hyperparameter optimization,0.021613843125000032
reinforcement learning,0.021656868750000002
web service,0.021688983125000005
continuous delivery,0.021764140624999956
Q-learning,0.02217206937500002
computer science,0.022375433124999983
mathematical finance,0.022591948124999983
recommender system,0.0225933475
transfer learning,0.02302667624999996
plot,0.023072641250000026
language model,0.023199905625000017
distributed computing,0.023311860000000018
File Transfer Protocol,0.023350335625000024
computer vision,0.02360297625000002
distributed multimedia communications platform,0.02364077687499999
web application,0.02377792625000008
virtualization,0.023778415000000025
knowledge graph,0.023780491875000004
sorting algorithm,0.024332311874999984
video,0.024370834374999956
software development,0.024727858749999998
password manager,0.024900131249999985
linear regression,0.02491324625000002
information extraction,0.025323153124999997
stream processing,0.02542065874999999
database,0.025527766874999996
regression analysis,0.0257964725
image recognition,0.026028944374999946
smart contract,0.026899798750000037
microservices,0.026901275624999943
server,0.026928856249999966
application performance management,0.02712329999999999
"extract, transform, load",0.02720781250000004
virtual machine,0.027244590000000013
Image analysis,0.02733311687499998
education,0.027638799374999995
time series,0.02857954062500001
web application security,0.028672594375000054
World Wide Web,0.02888955999999998
cloud computing,0.029328474999999965
Parser combinator,0.02960712062500001
optical character recognition,0.029727205000000007
image segmentation,0.029821181249999967
stock market,0.029969756250000007
game server,0.03041077249999996
serialization,0.030585470624999972
design,0.03143581749999999
scheduler,0.03190649000000004
encryption,0.03254309750000006
syntax highlighting,0.032625998125000055
linear algebra,0.032765865000000005
front end,0.032962985624999996
geographic information,0.03341329312500002
data analysis,0.033783871250000014
data binding,0.034475121250000074
serverless computing,0.034630322500000005
geographic information system,0.034977081249999986
network security,0.03501767562500002
data,0.03520755250000002
data structure,0.03521269062499999
graph algorithm,0.035233630624999984
finance,0.036755088125
image captioning,0.03729510874999997
3D computer graphics,0.03738289500000003
website,0.03759604687500001
documentation,0.03803181249999993
font,0.03811484999999998
computer programming,0.038546529999999996
computer graphics,0.03966889000000001
web development,0.04096777874999996
mathematics,0.04127337249999999
augmented reality,0.04162002687500002
text editor,0.04230192812499997
graph database,0.042581343124999976
debugger,0.043288753749999964
3D modeling,0.043869702499999996
debugging,0.04580653812499999
web scraping,0.04615266937500001
user interface,0.04691505249999994
geometry,0.048598169999999996
Kalman filter,0.05049783187500001
graphical user interface,0.05219565625
visualization,0.05314961062499998
business dashboard,0.06055229499999998
Web Components,0.06134247812499999
data visualization,0.06256515625000009
graph,0.06258424874999996
