domain,diff
algorithmic trading,2.3209097222226527e-05
game engine,7.71510416666954e-05
word embedding,0.00011571618055555843
cryptocurrency,0.00035612319444447427
internet of things,0.00043229409722223
analytics,0.0006589951388888682
text classification,0.0006961549999999761
Malware Analysis,0.0009474571527777753
blockchain,0.001200703819444482
Semantic Web,0.001338376527777796
search,0.0013394268750000216
shell tool,0.0013416447222222017
Naive Bayes classifier,0.0014469848611111114
static program analysis tool,0.001461041597222268
big data,0.001623942569444481
telecommunications network,0.0016705965972222125
web server,0.0017899764583332867
continuous integration,0.001792169305555591
question answering,0.0019417744444444884
cluster analysis,0.0019536645833333754
natural language,0.001998284444444387
data mining,0.0020824074305555718
compiler,0.0021117138888888665
classification,0.0022037860416666555
random forest,0.0022512284722222
video processing,0.002312633541666609
machine translation,0.002595104513888835
synchronization,0.0026601154861111143
banking industry,0.002817952638888871
authentication,0.002943329097222197
translation,0.003054571805555517
unit testing,0.003321383541666667
network analysis,0.0033277759027777465
signal processing,0.0033930762500000156
WebSocket,0.003526251597222252
automation,0.003532369861111051
email,0.003546540555555533
productivity,0.003743424513888899
computer benchmarking,0.003763959166666636
code generation,0.003768094583333381
search engine,0.0037768276388888966
support vector machine,0.0037983465972221964
continuous deployment,0.0038683833333333084
image compression,0.003923236041666667
text mining,0.004202494444444399
malware,0.004271535347222272
mathematical optimization,0.004274162569444406
HTTP server,0.0043893272222221835
test automation,0.004462690694444493
deep neural network,0.004500694374999975
operating system,0.004511333124999933
benchmark,0.004521002638888882
natural language understanding,0.004825136736111096
cryptography,0.004969450138888887
web browser engine,0.005055018472222228
software engineering,0.005126549791666712
convolutional neural network,0.005230116111111127
DevOps,0.0054762577777778265
penetration test,0.005561581597222198
information retrieval,0.005831105624999944
computer data storage,0.005853724375000008
facial recognition system,0.005922104444444437
neural machine translation,0.006106690763888867
routing,0.006111483194444434
social network,0.006155939236111102
static program analysis,0.006181885208333349
audio signal processing,0.006199444375000002
face detection,0.006715538125000087
artificial neural network,0.006842278055555567
kernel,0.007188689513888902
embedded system,0.007216320694444389
text processing,0.007367782986111127
reactive programming,0.007431568680555611
image classification,0.007537369305555541
HTTP client,0.007624185208333356
speech synthesis,0.00799446305555554
computational science,0.008020811180555587
algorithm,0.00827422020833335
File Transfer Protocol,0.008315757083333264
artificial intelligence,0.008339747083333349
quantum computer,0.008358626805555547
mobile application development,0.008373146458333397
object–relational mapping,0.008534728680555659
web application security,0.008550368611111109
logging,0.008597467916666685
data compression,0.008848160694444385
security,0.009069337916666642
e-commerce,0.009091785486111087
evolutionary algorithm,0.009192695694444475
functional programming,0.00941808236111119
back end,0.009427949722222162
data science,0.009441140347222238
machine learning,0.009472349861111146
file system,0.009487844305555493
interpreter,0.009549747152777788
router,0.009576105416666703
client,0.009923911319444423
object detection,0.010012771041666674
information extraction,0.010132670902777807
animation,0.01030154243055556
lexical analysis,0.01056528319444447
password manager,0.010617180416666705
image editing,0.01073843229166671
object-oriented programming,0.010867014305555533
digital image processing,0.010901574652777746
game,0.011452389444444433
integrated development environment,0.011720972499999982
parsing,0.011810210972222235
electronic trading platform,0.011943562361111049
logistic regression model,0.01206444423611111
database management,0.01214205861111109
language model,0.012145288680555588
deep learning,0.012167573263888898
sorting algorithm,0.012176546666666677
package management system,0.012179194513888936
digital security,0.01231526048611109
backup,0.012372704444444438
long short-term memory,0.012475887291666654
schema migration,0.012491261111111124
computer vision,0.012496121458333342
Containerization,0.01253520166666669
content management system,0.012950333472222242
software testing,0.013052787361111123
encryption,0.0130923547222222
virtual reality,0.01316865569444442
Image analysis,0.013324082638888929
web crawler,0.01335617236111114
instant messaging,0.013420788888888924
web service,0.013675888472222286
image recognition,0.013735691874999983
sentiment analysis,0.013775484861111131
knowledge graph,0.01398892770833332
"extract, transform, load",0.014080608680555606
computer configuration,0.014087474166666641
recommender system,0.014124085416666599
internet bot,0.014323677083333264
continuous delivery,0.014402179722222241
computer science,0.014914876111111142
validator,0.015237554444444468
transfer learning,0.015503321041666657
middleware,0.015600401666666652
natural language processing,0.01561913409722221
simulation,0.01587003652777777
bitcoin,0.01618544277777778
regression analysis,0.016299222430555566
image,0.01663492826388885
network monitoring,0.01685786805555553
linear regression,0.01698179951388884
topic modeling,0.017034597708333404
mathematical finance,0.017162605277777743
software design pattern,0.018049994722222185
virtual machine,0.018088203541666598
dependency injection,0.018117262013888913
distributed database,0.01841813506944448
distributed system,0.01852285875000001
pattern matching,0.01853347458333332
data analysis,0.01860906736111112
database,0.01869648423611109
time series,0.019214465555555588
image segmentation,0.0192453622222222
automated machine learning,0.019493067847222267
named-entity recognition,0.019986671527777833
game server,0.020033467847222264
smart contract,0.02047801020833334
cloud computing,0.02084941854166672
stock market,0.020947641180555587
plot,0.021148810138888863
web browser,0.021413729236111095
network security,0.021495909791666712
digital audio,0.02151676583333334
syntax highlighting,0.021537444722222243
serialization,0.02163304937499999
distributed multimedia communications platform,0.021903371944444472
optical character recognition,0.022047729374999964
linear algebra,0.022191628541666675
server,0.022272831666666715
streaming media,0.022538500347222268
scheduler,0.02277439138888887
distributed computing,0.022890266597222153
video,0.022901393055555552
hyperparameter optimization,0.02319308694444447
Bidirectional recurrent neural networks,0.02360211541666668
command-line interface,0.024650757777777754
front end,0.02502664256944448
image captioning,0.025287700416666725
data structure,0.025419380277777737
education,0.026410799166666693
software development,0.026794477986111176
data binding,0.02689364124999999
graph algorithm,0.027428150208333335
Reverse engineering,0.027835539861111147
static site generator,0.02824535402777778
data,0.028857194722222257
geographic information system,0.028891780555555552
Q-learning,0.029018693611111118
geographic information,0.02907007805555556
finance,0.029324199097222226
regular expression,0.030040787291666676
information processing,0.030086434861111067
World Wide Web,0.030500377083333363
mathematics,0.030628687638888874
reinforcement learning,0.030837480763888897
graph database,0.030907904583333284
microservices,0.031233860972222194
design,0.03132666861111111
application performance management,0.032171656250000014
web application,0.03256276472222219
debugger,0.032936928611111055
text editor,0.03447634062499999
3D computer graphics,0.036236618472222204
Kalman filter,0.03718762791666666
augmented reality,0.03778743618055552
debugging,0.038061053124999966
computer graphics,0.03889992555555555
font,0.039456126875000025
computer programming,0.04040920583333335
visualization,0.04083196243055556
geometry,0.04168518826388884
website,0.04202551465277771
user interface,0.04338980694444444
documentation,0.0449701331944444
web scraping,0.04660339618055556
3D modeling,0.048443812083333315
data visualization,0.05011957055555555
Parser combinator,0.05023770999999999
stream processing,0.05044250423611113
web development,0.05094505381944442
graphical user interface,0.05155953055555562
graph,0.05163836409722228
Web Components,0.06944304375000004
