domain,diff
software architecture,0.00022882374999999566
continuous integration,0.0003065443750000507
logging,0.00038252375000003003
artificial intelligence,0.0005735087499999514
shell tool,0.0007858531250000134
bioinformatics,0.0009172943750000162
convolutional neural network,0.0011607306250000227
computer data storage,0.0012363137500000232
web service,0.0014972537499999827
regular expression,0.0017039049999999778
cryptocurrency,0.0017534224999999626
artificial neural network,0.0018261868749999688
machine learning,0.001841236249999989
internet bot,0.003039510000000023
email,0.003058566875000057
semi-supervised learning,0.003088228749999977
code generation,0.0032283375000000114
HTTP server,0.003311715624999989
banking industry,0.0034876768749999842
validator,0.003512589374999958
instant messaging,0.0035718999999999612
anomaly detection,0.003602321874999981
pattern matching,0.003709655000000006
internet of things,0.004180861249999973
information processing,0.0042402856250000065
telecommunications network,0.00434280875000001
web application security,0.004462079999999979
web server,0.004538234375000061
file system,0.004714775625000056
search,0.004820121875000055
object–relational mapping,0.004837172500000042
automation,0.004869563124999976
compiler,0.004908768750000014
router,0.004945775624999982
cryptography,0.005149380000000037
File Transfer Protocol,0.005887845000000003
functional programming,0.005897506249999962
security,0.005901673749999975
routing,0.0059974431250000015
data science,0.006241564375000008
Semantic Web,0.006307697499999987
blockchain,0.006595748750000047
package management system,0.006993383749999971
kernel,0.007483233749999957
data mining,0.00854385937499999
penetration test,0.008593862499999994
password manager,0.008868507499999956
computer configuration,0.009256027500000014
unit testing,0.009276531875000021
deep learning,0.009514494375000043
sentiment analysis,0.009516851249999986
big data,0.009548969374999994
classification,0.00990116999999996
DevOps,0.00994417374999998
embedded system,0.010089814375000006
digital security,0.010106618749999963
content management system,0.01043464999999999
software design pattern,0.010683293749999961
analytics,0.010738414375000005
game engine,0.010896097500000035
synchronization,0.011048306874999997
network monitoring,0.011049652499999979
natural language processing,0.011089409999999966
neural machine translation,0.011105581250000024
knowledge graph,0.011468358125000022
client,0.011509983749999952
reactive programming,0.012141611874999958
algorithmic trading,0.012391933750000028
data compression,0.013044126875000006
malware,0.013102425000000056
static program analysis,0.013529383750000012
chatbot,0.01409836187500002
object-oriented programming,0.014133158749999986
text mining,0.01413960062499997
database management,0.014292255000000004
WebSocket,0.014470321250000001
Malware Analysis,0.014729673125000009
test automation,0.014790532499999981
face detection,0.014931266874999988
benchmark,0.01497873937500005
computer benchmarking,0.015476434375000042
middleware,0.015480776249999939
streaming media,0.015545387499999952
facial recognition system,0.015559532499999973
algorithm,0.015624140624999977
software testing,0.01570043375000002
computer vision,0.01595150812500004
application performance management,0.01601319312499999
operating system,0.016346981875
back end,0.01646624187500001
static site generator,0.01663235562500004
object detection,0.01672832499999999
network analysis,0.016919707499999992
static program analysis tool,0.017123267500000094
sorting algorithm,0.017585543750000016
encryption,0.018037006874999983
stream processing,0.018037991874999992
database,0.01824773374999994
search engine,0.01879799812500002
distributed database,0.01900516625000001
text classification,0.019285723749999956
electronic trading platform,0.019732314375000004
linear regression,0.019761775000000065
recommender system,0.019846735625
scheduler,0.019888389374999982
distributed system,0.019996334374999952
image recognition,0.020415806874999998
digital image processing,0.020571718125
machine translation,0.02082911625
support vector machine,0.02124774187500006
interpreter,0.02161000250000003
Parser combinator,0.02165732624999997
smart contract,0.022056258750000002
plot,0.022125680625000005
command-line interface,0.022220353750000033
natural language,0.02227426687499995
data structure,0.02243279125
mathematical finance,0.022636734375000023
video processing,0.022713952499999995
HTTP client,0.02299434499999997
web browser engine,0.023148390625000043
translation,0.023302495000000034
Image analysis,0.02363178812499997
language model,0.024079553749999982
software development,0.02473692375
dependency injection,0.024773415625000017
signal processing,0.024797742499999997
distributed computing,0.024809518124999985
question answering,0.02496142500000001
virtual machine,0.025070134375000025
game server,0.025882243125000037
"extract, transform, load",0.026347326250000025
regression analysis,0.02673417750000001
syntax highlighting,0.027694843750000087
serialization,0.02824345125000005
microservices,0.02879790624999995
data,0.028892545624999988
web crawler,0.02903061062500001
graph algorithm,0.029610576875000016
audio signal processing,0.029619118750000006
stock market,0.029860358750000066
server,0.029873743124999963
information extraction,0.030095280625000026
graph database,0.030593321875000024
continuous delivery,0.030733291874999957
optical character recognition,0.03126387562499999
data analysis,0.03146846312499996
geographic information system,0.031500192500000024
time series,0.031718627499999985
augmented reality,0.031837286249999985
text processing,0.03242419624999998
finance,0.034427701250000026
cloud computing,0.034758340000000026
data binding,0.03557602750000005
3D modeling,0.036995806249999985
mathematics,0.037150936250000044
documentation,0.03770844437499993
font,0.039113523750000045
front end,0.04081104062500002
Containerization,0.04192708562500003
website,0.04269641499999999
web application,0.04360336749999996
computer programming,0.04555823687499999
World Wide Web,0.04601014750000004
web development,0.05139029124999997
graph,0.05465998937500005
text editor,0.054981855624999965
user interface,0.056041332499999985
data visualization,0.05656856437499996
web scraping,0.06360785437499997
graphical user interface,0.06392052250000002
Web Components,0.07186321312500005
