domain,diff
kernel,8.396089285711561e-05
internet of things,0.0006795641071428993
application performance management,0.0007046093749999982
image,0.0007960933035714435
dependency injection,0.0008889775892856888
signal processing,0.001121404910714302
web application security,0.0018718537499999854
plot,0.001961353303571417
time series,0.0020829245535714525
data science,0.0021693790178571315
front end,0.002267126250000029
penetration test,0.0022899259821428097
mathematical optimization,0.0023151666071428156
web server,0.0024980405357142854
mobile application development,0.0028423599999999882
engineering,0.0033040655357142457
telecommunications network,0.0035282501785714737
machine learning,0.00364336285714284
linear regression,0.0036794008928571487
serverless computing,0.003907932053571456
security,0.004003073392857132
support vector machine,0.004072729642857126
World Wide Web,0.004076040714285689
email,0.00410070848214289
facial recognition system,0.004142083839285715
encryption,0.004199190982142831
web service,0.0046073227678571915
search,0.004675186964285677
optical character recognition,0.004811403571428535
regression analysis,0.004843508750000031
home automation,0.004991252589285705
website,0.005028218392857164
logging,0.0050424366071428195
camera,0.005592290714285741
deep learning,0.005801188303571458
compiler,0.006074497589285743
server,0.0061987774107142846
computer data storage,0.0062489476785713705
deep neural network,0.006302103749999982
scheduler,0.006342153839285741
convolutional neural network,0.00640319455357144
image recognition,0.006650871160714333
HTTP client,0.006784334642857187
search engine,0.006976884196428584
computer vision,0.007604856964285728
back end,0.007815634196428584
HTTP server,0.007841114821428519
object-oriented programming,0.00794781250000004
Image analysis,0.008322621696428528
digital image processing,0.009061798214285682
word embedding,0.009152738571428537
graph database,0.009175869017857136
geographic information system,0.009275780178571474
operating system,0.009311883660714282
static site generator,0.009600851696428547
static program analysis tool,0.009788709017857056
graph algorithm,0.01005696428571426
image segmentation,0.010191918928571436
sentiment analysis,0.010448650714285745
WebSocket,0.010461686517857172
smart contract,0.010587029910714307
Web Components,0.010735577142857167
data visualization,0.010983368660714254
artificial neural network,0.011209439910714353
router,0.011269920089285679
unit testing,0.011441479107142938
web scraping,0.012145631249999983
data,0.012187973303571409
object detection,0.01231437973214286
data analysis,0.012513416517857145
validator,0.012704104999999966
long short-term memory,0.012795413035714298
code generation,0.013078037232142903
linear algebra,0.013308964642857107
big data,0.013316311874999986
text editor,0.013672395267857101
language model,0.013871337500000025
password manager,0.01397294544642863
embedded system,0.014017027857142844
computer configuration,0.014172915714285722
virtual machine,0.014462522500000047
face detection,0.014498554910714306
data mining,0.0149063717857143
named-entity recognition,0.014932850624999966
rendering,0.015303740625000006
Semantic Web,0.015493578928571422
web crawler,0.0154972332142857
command-line interface,0.015517346875000004
static program analysis,0.015829315357142826
recommender system,0.01600275071428567
image captioning,0.01664960285714287
information retrieval,0.016672626517857198
physics,0.01686906982142858
database,0.016898979642857193
natural language processing,0.018108842499999972
data compression,0.01815571294642848
game engine,0.018442785446428578
stream processing,0.01892626160714289
graphical user interface,0.019976355982142813
virtualization,0.0204931022321429
test automation,0.020530824017857163
sorting algorithm,0.0207950258035714
text classification,0.02094277482142859
analytics,0.02095690187499999
Q-learning,0.021344891964285684
algorithm,0.021620698839285718
artificial intelligence,0.022012179553571404
distributed computing,0.022248833571428567
microservices,0.022908807142857146
reinforcement learning,0.02414647571428577
syntax highlighting,0.024265383124999984
lexical analysis,0.02515537982142857
automation,0.02526008785714287
cloud computing,0.02561307419642861
user interface,0.026097961071428533
regular expression,0.0277025277678572
software testing,0.028428356517857106
serialization,0.02870684142857144
backup,0.02906657910714283
web development,0.029296709821428596
streaming media,0.02938045687499996
debugger,0.030625384196428546
question answering,0.030737009642857166
text processing,0.03202981678571423
instant messaging,0.03230523794642856
Bidirectional recurrent neural networks,0.03230524107142857
pattern matching,0.033055244196428524
object–relational mapping,0.034303835357142876
natural language,0.03551123375000001
client,0.03602579232142858
File Transfer Protocol,0.036159296339285746
data structure,0.03715344419642852
information processing,0.03802743035714287
software development,0.04035427348214285
interpreter,0.042238220089285766
file system,0.04363134544642855
content management system,0.04873441660714284
parsing,0.05283424142857143
data binding,0.05340670919642854
Parser combinator,0.0557553652678571
package management system,0.061044455982142865
