domain,diff
text classification,0.0004425311111111163
virtual reality,0.0008964066666666826
distributed system,0.0009179850000000656
mathematical finance,0.0009186833333333366
web application,0.0010754477777777938
telecommunications network,0.0013641938888888094
graphical user interface,0.0022118749999999188
data compression,0.0022616283333332654
web application security,0.002471593333333355
object detection,0.0026062499999999766
pattern matching,0.0026515061111111182
data,0.0027309083333333373
computer configuration,0.003263374444444439
unit testing,0.0034287844444444437
support vector machine,0.003949955000000005
automation,0.004109794444444481
hyperparameter optimization,0.004162836111111123
website,0.004326381111111111
File Transfer Protocol,0.004634227777777777
big data,0.005152522222222206
instant messaging,0.005345699444444407
user interface,0.0056963083333334
algorithm,0.005915840555555524
web service,0.0064026427777778006
regular expression,0.006739374444444446
graph database,0.006773719444444437
virtual machine,0.007423057222222251
data structure,0.007861996666666649
serialization,0.00796603277777777
scheduler,0.008122055000000017
sorting algorithm,0.008244216666666637
classification,0.0083267538888889
compiler,0.008784360000000019
code generation,0.008915558888888925
Q-learning,0.009030927777777809
language model,0.009031949444444437
database,0.009176627777777752
microservices,0.009621470555555511
back end,0.009879181666666681
dependency injection,0.01007141833333336
automated machine learning,0.010191361666666676
mobile application development,0.010801284444444448
static program analysis,0.010993501666666572
World Wide Web,0.011393609444444508
3D modeling,0.011867377777777771
stock market,0.01207994222222225
game engine,0.012196102777777829
artificial neural network,0.012322892777777733
test automation,0.012328758888888902
topic modeling,0.012477482222222197
logging,0.01321121055555552
reinforcement learning,0.01417287388888891
content management system,0.014671586666666736
machine learning,0.014715666111111164
serverless computing,0.014721396666666609
computer data storage,0.014991421666666671
video,0.015004712222222216
application performance management,0.015004773888888878
continuous integration,0.015066326111111084
Web Components,0.01787202888888889
network analysis,0.01879371499999999
penetration test,0.01991874666666671
simulation,0.020653387222222153
smart contract,0.021387992222222152
DevOps,0.02140060833333332
operating system,0.022163328333333288
stream processing,0.022172821111111046
data binding,0.022190990555555623
Containerization,0.022932676666666707
text editor,0.023437589444444518
password manager,0.024189871666666696
object–relational mapping,0.02429674888888886
client,0.024961438888888854
software testing,0.025493565555555542
command-line interface,0.025662440555555555
security,0.02731292833333332
file system,0.029714424444444498
geographic information system,0.03019220833333333
validator,0.03025175111111114
WebSocket,0.0303092783333333
web browser engine,0.0309691055555556
internet bot,0.0337254211111111
finance,0.03407700666666669
"extract, transform, load",0.034768267222222204
server,0.03529752333333336
web scraping,0.03917580277777774
routing,0.041649161666666684
router,0.042807239999999996
cloud computing,0.045234218888888955
package management system,0.04796376777777772
encryption,0.04882042277777787
game server,0.04904425333333334
web server,0.05184991166666664
HTTP client,0.05746411777777777
HTTP server,0.07400436166666663
