domain,diff
game engine,9.63265972221683e-05
artificial intelligence,0.0006907335416667104
search,0.0007273131944444677
data,0.0010435424999999943
integrated development environment,0.0011167663194444066
debugger,0.0012033794444444579
internet of things,0.0014036264583332791
internet bot,0.0016490907638888885
reactive programming,0.0018607935416666832
unit testing,0.0018904015972222299
stock market,0.0019116682638888882
network analysis,0.0019896206249999937
penetration test,0.0023927154861111133
interpreter,0.002439256597222217
data compression,0.0024619651388888553
hyperparameter optimization,0.0025296388194444575
serialization,0.0025520965972222476
virtual reality,0.002609785694444422
signal processing,0.0026453731250000168
DevOps,0.0027514679861111446
middleware,0.002880493680555596
database management,0.0030066070833333902
file system,0.003047910902777784
web browser engine,0.0032452115277777915
virtual machine,0.0033789913194444132
image segmentation,0.00339486298611108
kernel,0.0034992894444444145
topic modeling,0.0035244363194444905
linear regression,0.0035844015277777808
face detection,0.0036605729861110825
data mining,0.0038037869444444428
natural language processing,0.003824390694444485
database,0.003932949027777799
video,0.0040562396527777655
static program analysis,0.004535666041666636
data visualization,0.004737629791666698
image captioning,0.0047399859722222215
test automation,0.004976452291666711
object detection,0.005053659236111091
command-line interface,0.005079512777777739
data analysis,0.005097995277777795
natural language,0.005138939722222208
audio signal processing,0.005226980694444466
digital audio,0.005328141180555551
augmented reality,0.005332436250000017
automation,0.005477197013888879
big data,0.005548301666666644
streaming media,0.005626384166666665
analytics,0.0057018131944444606
language model,0.0057362140277777696
WebSocket,0.0058653502083332865
transfer learning,0.00589986791666669
content management system,0.006328572708333369
back end,0.006457166388888935
regression analysis,0.006747793611111108
neural network,0.0067951891666666875
classification,0.006831175833333397
synchronization,0.006978970069444479
computer data storage,0.007021439374999994
graph database,0.0072352229166667
HTTP client,0.007280565277777873
information processing,0.007355856875000011
debugging,0.007412780694444454
Image analysis,0.007429504791666708
Q-learning,0.00801384159722221
distributed computing,0.008042531597222125
text classification,0.008145443472222208
facial recognition system,0.008272419097222233
electronic trading platform,0.008322535833333367
"extract, transform, load",0.008359586249999995
regular expression,0.008359662430555526
automated machine learning,0.008437703472222224
mathematical finance,0.008527424930555583
front end,0.008590515763888862
data structure,0.00859333083333333
computer configuration,0.008623071875000055
banking industry,0.008699013124999988
network security,0.00871513180555561
dependency injection,0.00878596409722221
code generation,0.009110587847222212
router,0.00923281590277783
continuous deployment,0.009259593958333368
World Wide Web,0.009315418819444476
sentiment analysis,0.00932184458333335
distributed system,0.009384949027777756
Semantic Web,0.009543315902777766
video game development,0.009876757777777745
time series,0.009905922152777719
support vector machine,0.010010400277777776
simulation,0.01004739277777772
home automation,0.01014762083333337
information retrieval,0.010152736319444439
Parser combinator,0.01015424645833335
computer benchmarking,0.010234073055555515
machine translation,0.0104654663888889
geographic information,0.010563573472222226
backup,0.010577494305555518
File Transfer Protocol,0.010599080694444485
Naive Bayes classifier,0.01072554694444447
data science,0.010905437291666653
word embedding,0.01130954006944443
algorithm,0.011394808541666634
web scraping,0.011463886874999996
Web Components,0.011479252152777758
long short-term memory,0.011808513680555577
information extraction,0.011819773333333339
plot,0.011854830902777808
geographic information system,0.011912080555555482
deep learning,0.011940505625000014
image recognition,0.01197859013888894
routing,0.011981083541666715
scheduler,0.012008985694444474
chatbot,0.01222333701388889
data binding,0.012326006388888922
documentation,0.012408389791666696
pattern matching,0.012570223263888874
image,0.012789909236111119
artificial neural network,0.012803191458333307
software design pattern,0.012823804861111121
question answering,0.013423759652777756
machine learning,0.0135151646527778
sorting algorithm,0.013580041388888908
statistics,0.013809984166666622
translation,0.013999210069444462
digital image processing,0.014181712152777748
cluster analysis,0.014239971805555529
microservices,0.014267108819444485
object–relational mapping,0.014350195416666683
reinforcement learning,0.014395527500000005
embedded system,0.014580862638888886
business dashboard,0.014636422708333319
authentication,0.01471038138888886
logistic regression model,0.015016222083333336
syntax highlighting,0.015016649027777829
shell tool,0.015144937083333282
computer vision,0.015402889444444456
distributed multimedia communications platform,0.01587908104166666
stream processing,0.016083015763888903
finance,0.016160156944444448
Containerization,0.016192080138888898
rendering,0.01621929326388885
Kalman filter,0.016234447152777776
static program analysis tool,0.01638293187499995
benchmark,0.016459281041666662
blockchain,0.016933361666666646
network monitoring,0.01716209437500002
logging,0.017298555555555623
user interface,0.018053868680555585
telecommunications network,0.01816488618055559
static site generator,0.01819710909722222
deep neural network,0.018238226111111144
application performance management,0.01884840069444449
convolutional neural network,0.01903002784722224
real-time computing,0.01933928479166669
animation,0.01936632520833334
smart contract,0.019412946458333302
web service,0.01999913923611102
continuous integration,0.02054900888888886
web application security,0.02076353006944448
web crawler,0.021216451875000042
web server,0.021410492569444384
schema migration,0.021461138888888898
instant messaging,0.021490193958333403
anomaly detection,0.021514234999999993
web browser,0.021527551111111154
graphical user interface,0.021757963541666647
social network,0.021892737083333363
serverless computing,0.0222535340277778
website,0.022352629722222184
mobile application development,0.022524614305555607
web development,0.022808491666666708
speech synthesis,0.02319087791666663
distributed database,0.023381711041666697
recurrent neural network,0.02352071083333332
Bayesian inference,0.023524537777777826
web application,0.024623285972222186
compiler,0.024871209097222235
operating system,0.024955010763888952
text processing,0.026177709722222164
cryptocurrency,0.026276899513888896
image editing,0.02673101673611114
3D modeling,0.02693837826388884
education,0.027480200833333385
server,0.028606574583333322
security,0.028613702500000004
password manager,0.028670781736111095
optical character recognition,0.02886157000000003
design,0.029125501944444382
HTTP server,0.029618492708333305
cloud computing,0.03362699993055551
hacking tool,0.03405855361111115
search engine,0.03450678972222221
digital security,0.034583624791666656
validator,0.03566607319444445
software engineering,0.036246141666666676
software testing,0.037748011527777764
computer programming,0.03779384354166668
cryptography,0.03841403611111116
game server,0.039259404652777774
e-commerce,0.04198308881944446
client,0.0435095689583333
software development,0.044941723402777745
encryption,0.04751136347222232
audio player software,0.04939905444444448
package management system,0.05429818680555554
recommender system,0.05540190784722224
email,0.09618810847222223
