domain,diff
banking industry,0.00010892611111110173
hyperparameter optimization,0.000757847777777737
DevOps,0.0008819749999999793
network security,0.0009406961111110834
artificial intelligence,0.0009618088888889154
audio signal processing,0.0011039116666666238
big data,0.0012457577777778561
integrated development environment,0.0012619683333333631
regular expression,0.0012625861111110748
image compression,0.0013233622222221797
virtual reality,0.001498476666666665
translation,0.0017297699999999638
web crawler,0.0017685838888888694
reactive programming,0.0018027200000000076
stock market,0.0018061722222222076
code generation,0.0018070722222222613
neural machine translation,0.0018635605555555879
face detection,0.001962034999999973
pattern matching,0.002085043888888888
speech recognition,0.00215742722222223
sorting algorithm,0.0021930188888889257
web browser engine,0.002252786111111127
Parser combinator,0.002360080555555588
distributed computing,0.0024163788888888482
regression analysis,0.002421641111111067
digital audio,0.002456120000000006
classification,0.002587836111111075
mathematical finance,0.002692891666666669
signal processing,0.0027134566666666693
WebSocket,0.0028422733333333394
information retrieval,0.002932734444444418
automation,0.0029459311111110775
database management,0.0030681372222222114
data,0.0031148122222222074
algorithmic trading,0.003129488888888865
File Transfer Protocol,0.0032165277777777557
logging,0.0032218194444444404
machine translation,0.0033196927777777996
data mining,0.0035013555555555853
content management system,0.0035513788888888453
Web Components,0.0036977111111111127
World Wide Web,0.0038082594444444617
kernel,0.004022170555555621
Q-learning,0.0040657344444443855
interpreter,0.004128139444444456
static program analysis tool,0.004217993333333336
database,0.004262081111111066
image recognition,0.00432685944444447
data compression,0.004465520555555463
data structure,0.004602815555555556
linear regression,0.004753491666666637
algorithm,0.004786703333333336
image,0.00487155277777776
Image analysis,0.005017695555555535
website,0.005113633333333367
syntax highlighting,0.005354990555555522
object detection,0.005455543888888886
internet bot,0.005515689444444416
web browser,0.005574354999999975
natural language,0.005679896666666656
time series,0.005902850000000015
Semantic Web,0.0059056933333333506
long short-term memory,0.005944557777777748
home automation,0.00616016222222221
text classification,0.006493283333333377
distributed system,0.006574347777777767
reinforcement learning,0.006709698888888893
HTTP client,0.006879208333333331
computer science,0.006961044999999971
graph database,0.007047794999999996
middleware,0.007236042777777785
unit testing,0.007261511111111091
network analysis,0.007644022222222213
graph algorithm,0.007782373888888916
artificial neural network,0.00791637111111107
compiler,0.008285121666666617
serialization,0.008346661111111126
speech synthesis,0.008507719999999969
virtual machine,0.008686973888888894
serverless computing,0.008754124444444483
continuous delivery,0.00897042833333328
authentication,0.008986911111111107
analytics,0.00915488111111104
static program analysis,0.009224456111111168
web scraping,0.009258991111111142
image segmentation,0.009287645000000011
data binding,0.009304138888888952
object–relational mapping,0.009367337777777818
support vector machine,0.009553394999999965
computer vision,0.009702950555555534
backup,0.00987028333333334
data visualization,0.009949691111111103
automated machine learning,0.009969981111111137
game engine,0.010010751111111188
data analysis,0.010374077777777768
hacking tool,0.01078705499999999
file system,0.011000993888888921
graphical user interface,0.011079742777777846
deep neural network,0.011141529444444409
data science,0.011582895555555583
computational biology,0.01163506611111112
user interface,0.011789843333333383
operating system,0.012269948888888937
telecommunications network,0.012602602777777805
natural language understanding,0.01281408333333331
dependency injection,0.012950268888888922
streaming media,0.013009684444444392
web service,0.013032581111111108
synchronization,0.013093236666666702
language model,0.013280059444444436
microservices,0.013293892222222159
computer data storage,0.013300868888888873
topic modeling,0.013681170555555566
anomaly detection,0.013808699444444489
distributed multimedia communications platform,0.013874843333333386
distributed database,0.014104015000000025
business dashboard,0.014127694999999996
shell tool,0.014192629444444493
logistic regression model,0.01434038999999998
software design pattern,0.014373409444444485
application performance management,0.014705396111111102
computer benchmarking,0.015274977222222236
Containerization,0.015328470555555584
penetration test,0.01534041777777781
embedded system,0.01544177722222223
electronic trading platform,0.015580691666666674
facial recognition system,0.015631433888888935
back end,0.015725062222222308
question answering,0.01602904777777775
cluster analysis,0.01611339777777776
test automation,0.016332004999999955
real-time computing,0.01646745999999996
geographic information system,0.016733160000000025
password manager,0.01685916333333337
information processing,0.017280262777777833
machine learning,0.01744521444444444
instant messaging,0.017461935000000012
recurrent neural network,0.017468143333333352
benchmark,0.017637014999999978
convolutional neural network,0.017857454999999994
computer configuration,0.018792988888888834
front end,0.019185081666666687
chatbot,0.0193783166666667
text processing,0.019525367222222284
parsing,0.019726031666666644
finance,0.019745372777777825
continuous integration,0.020801325555555555
mobile application development,0.02126282888888889
scheduler,0.02130144500000003
security,0.02130930666666664
Bayesian inference,0.02149790611111113
web application security,0.021609893333333352
stream processing,0.02185364444444446
geographic information,0.021882835555555535
simulation,0.02265203499999996
web application,0.022878399444444475
computer programming,0.02288708777777787
statistics,0.022906733333333346
information extraction,0.022912034444444507
blockchain,0.02399774722222217
social network,0.024234317222222246
text editor,0.02506184388888888
optical character recognition,0.02721809944444442
network monitoring,0.02831141666666659
functional programming,0.029854351111111066
software testing,0.030799410555555545
cryptocurrency,0.031584179444444443
server,0.03192177833333326
package management system,0.032866003888888884
cryptography,0.03327120222222221
router,0.03390816111111117
smart contract,0.03418789555555554
"extract, transform, load",0.03456390333333331
validator,0.03552039999999998
web server,0.0356466061111112
command-line interface,0.03693926111111101
software development,0.03952181944444441
routing,0.03982080888888889
encryption,0.040966962222222236
game server,0.04253416055555562
cloud computing,0.04268464999999999
static site generator,0.04334794000000003
client,0.045079478333333256
HTTP server,0.04589539777777782
email,0.08649107611111118
