domain,diff
signal processing,1.319944444441723e-05
data science,0.00017484611111109882
internet of things,0.0002465600000000623
mobile computing,0.0002687527777777976
HTTP client,0.0005385755555555871
audio signal processing,0.000542403888888876
network security,0.0005604061111110781
image captioning,0.0006219438888889206
classification,0.0006506866666666222
sorting algorithm,0.0007581249999999984
debugging,0.0008136305555555834
support vector machine,0.0010850283333333488
image recognition,0.001201088888888896
text classification,0.001280951111111095
World Wide Web,0.0013150555555555554
Naive Bayes classifier,0.0014475672222222236
linear regression,0.0018136672222222594
microservices,0.0019006127777778103
command-line interface,0.002221643888888847
regression analysis,0.0022888877777778316
digital image processing,0.002405666111111149
game engine,0.0025347133333334104
facial recognition system,0.0027456738888889387
automated machine learning,0.0028328955555556312
search engine,0.0028599761111111066
data compression,0.0029254288888889146
image,0.0030129483333333207
natural language,0.0032692511111110933
WebSocket,0.003270381666666683
static program analysis,0.0033576149999999805
finance,0.0034646705555556045
web scraping,0.003466534444444419
internet bot,0.003642362777777769
video processing,0.0036435416666666387
machine learning,0.004019757222222253
computer vision,0.00410579333333333
virtual reality,0.004210104444444446
static program analysis tool,0.004235581666666738
language model,0.004256338888888905
integrated development environment,0.0043378499999999764
content management system,0.00436758388888886
automation,0.004513667777777841
web browser engine,0.004517562777777817
blockchain,0.004590137777777781
reactive programming,0.004679806111111157
home automation,0.0047585572222222094
web crawler,0.004782367222222167
data structure,0.004985940555555568
web service,0.005116198333333377
penetration test,0.005278655000000021
dependency injection,0.005399482222222224
file system,0.0054666155555556095
simulator,0.00556106055555558
graph database,0.005658579999999969
object detection,0.0056865027777777966
middleware,0.005818335555555554
authentication,0.005981016111111126
electronic trading platform,0.0060007772222222255
algorithm,0.0061798933333333805
Image analysis,0.006190667222222224
digital audio,0.006293618333333334
word embedding,0.0063282155555556
scheduler,0.0063460494444445015
serialization,0.006348757222222168
topic modeling,0.00649860833333335
unit testing,0.006510966666666618
backup,0.006802562222222253
software architecture,0.00685745000000007
pattern matching,0.0071227200000000546
website,0.007277475555555524
knowledge graph,0.007573411111111178
regular expression,0.0076153077777777745
random forest,0.007812812777777789
augmented reality,0.007910524444444428
Web Components,0.008046240555555528
computational biology,0.008064774444444478
mathematical finance,0.008102475555555572
image segmentation,0.00814205833333334
telecommunications network,0.008246225555555653
DevOps,0.008649705555555498
information retrieval,0.00882806499999994
user interface,0.009175717222222268
operating system,0.009216591666666663
social network,0.009376284444444383
streaming media,0.009799104444444484
business dashboard,0.00992556999999994
software design pattern,0.010097008333333352
"extract, transform, load",0.01019067111111105
documentation,0.010453632777777722
virtual machine,0.010579472777777765
machine translation,0.010674944999999963
algorithmic trading,0.0107462061111111
artificial intelligence,0.010754321111111104
smart contract,0.010863076111111092
search,0.010939826666666652
image compression,0.010942613888888925
web browser,0.011335139444444475
data mining,0.011401342222222194
stock market,0.011493931111111133
Containerization,0.011626299444444488
face detection,0.01177532444444443
front end,0.01201870999999996
data,0.01205503944444447
File Transfer Protocol,0.012091279999999982
graphical user interface,0.012222504444444449
test automation,0.012394122222222193
geographic information,0.012437683333333338
information processing,0.012485527222222265
syntax highlighting,0.012848773333333313
code generation,0.013272485555555519
shell tool,0.013598032777777769
plot,0.013646860555555529
network analysis,0.013687779444444437
object-oriented programming,0.01418364388888893
simulation,0.014285116111111051
continuous delivery,0.014470139444444474
geographic information system,0.014826553333333381
back end,0.01504719333333343
3D modeling,0.015233179444444411
logging,0.01526828611111114
password manager,0.01562577333333326
Kalman filter,0.015663972777777757
optical character recognition,0.015786666111111125
quantum computer,0.015974967777777765
cloud computing,0.016176843888888848
data binding,0.0162021444444444
information extraction,0.016342370555555513
hyperparameter optimization,0.016354257777777714
web application,0.016354325000000003
web development,0.01642856944444443
Semantic Web,0.016838150555555514
routing,0.01745441277777776
database management,0.017459049444444485
time series,0.017733860000000046
embedded system,0.01800636499999994
speech synthesis,0.018038242222222223
compiler,0.01819767111111112
statistics,0.018251935555555515
translation,0.01867662722222227
web application security,0.018983610000000067
continuous deployment,0.019112408888888932
text processing,0.019667841111111167
long short-term memory,0.019847272777777814
Q-learning,0.0199619872222222
mobile application development,0.020257801111111112
Bayesian inference,0.02067803055555556
synchronization,0.020738158888888886
instant messaging,0.020771262222222198
rendering,0.020847442222222234
data analysis,0.02088404055555554
reinforcement learning,0.020919962777777745
stream processing,0.02162591277777784
analytics,0.021690953888888836
question answering,0.02171984944444444
data visualization,0.02190430388888892
database,0.022283291111111103
design,0.022513980555555452
neural network,0.02273821222222222
static site generator,0.022778557222222218
router,0.02302488999999991
education,0.023069426666666698
distributed multimedia communications platform,0.02318716833333337
distributed computing,0.023219043333333356
convolutional neural network,0.023697353888888883
image editing,0.023908701666666643
big data,0.02410686333333334
security,0.024296148888888813
computer configuration,0.02537505444444446
artificial neural network,0.025714663333333304
banking industry,0.026244404444444425
e-commerce,0.026826553333333364
application performance management,0.026942734999999995
recurrent neural network,0.027637020555555503
distributed system,0.02765196777777784
benchmark,0.027698030555555586
computer benchmarking,0.028046218333333345
client,0.02873901777777771
computer data storage,0.02965361444444442
object–relational mapping,0.030162601666666705
network monitoring,0.030607646666666682
continuous integration,0.030975067777777754
deep neural network,0.031056112777777728
software engineering,0.031292235
validator,0.03159030111111111
digital security,0.03160240444444448
cluster analysis,0.032837836111111046
software testing,0.033177572222222285
computer programming,0.03352604555555558
cryptography,0.035093601666666724
serverless computing,0.036230675555555536
HTTP server,0.03638771499999993
text editor,0.036817665555555545
recommender system,0.03797374333333334
schema migration,0.038030514444444496
web server,0.03874682944444441
software development,0.03939843999999998
package management system,0.04335225277777782
encryption,0.04531380388888884
distributed database,0.046871715555555526
game server,0.0482741433333333
server,0.04983530555555554
email,0.0831060444444445
