domain,diff
linear algebra,3.6578888888888494e-05
hyperparameter optimization,0.00010335388888887964
sorting algorithm,0.00010544388888886203
middleware,0.0004891122222221989
debugging,0.0004901427777777856
"extract, transform, load",0.0005422516666666322
interpreter,0.0008286372222222893
instant messaging,0.0012578805555555905
face detection,0.0013340805555555613
linear regression,0.0015100633333333113
router,0.0015625577777777788
graph database,0.0018656933333333348
digital audio,0.0018963805555555768
audio signal processing,0.0020726016666666736
object detection,0.002073476111111139
microservices,0.002142721666666625
web scraping,0.002162993888888881
web service,0.0022786733333333142
HTTP client,0.002292081666666723
dependency injection,0.0023895888888889605
continuous deployment,0.0024863422222222153
neural machine translation,0.002505607222222206
information retrieval,0.0026161127777777626
blockchain,0.0026393899999999637
classification,0.002849096111111088
streaming media,0.002854412222222269
chatbot,0.002905017777777741
smart contract,0.0030370044444444355
internet bot,0.0030770299999999806
topic modeling,0.0032030383333333245
unit testing,0.0032171394444444334
artificial intelligence,0.003243159444444449
knowledge graph,0.0032568577777777608
simulation,0.0033448766666666074
language model,0.003368366666666678
serialization,0.003601816111111128
DevOps,0.0037983027777777068
data science,0.003799493888888922
Web Components,0.003995891111111066
computer data storage,0.004114515000000041
data structure,0.004114571666666678
text classification,0.004259929444444477
automation,0.004276363888888857
static site generator,0.004316651666666643
test automation,0.004637642777777756
static program analysis,0.00508501888888882
support vector machine,0.005158571666666667
automated machine learning,0.005240604444444463
reactive programming,0.005366933333333296
geographic information system,0.005525629444444402
pattern matching,0.005914697222222237
game engine,0.00601215444444439
deep learning,0.006487015555555531
network analysis,0.006549684444444426
machine translation,0.006619102777777747
regular expression,0.006901726666666691
signal processing,0.0072657811111110915
algorithm,0.007300019444444472
computational biology,0.007447933888888925
static program analysis tool,0.007631442222222173
computational science,0.00816816388888883
object-oriented programming,0.008307818888888902
kernel,0.00834293333333333
scheduler,0.008364011111111125
network monitoring,0.008760531111111136
Naive Bayes classifier,0.008796723888888885
translation,0.008871989999999969
machine learning,0.00888093277777785
content management system,0.009092136111111093
mobile application development,0.009106318888888881
data,0.009300871111111053
integrated development environment,0.009412882222222224
reinforcement learning,0.009500659999999994
distributed computing,0.009576559444444466
front end,0.009755395555555602
web browser engine,0.009758467222222317
embedded system,0.009946626666666708
distributed system,0.010158193888888944
back end,0.010190386666666662
data mining,0.010365638333333344
augmented reality,0.010548558888888865
finance,0.010728521111111083
search,0.01080606444444443
digital image processing,0.010864323888888888
web server,0.010907076111111025
business dashboard,0.010934645555555622
random forest,0.01108774611111113
backup,0.011152312222222238
code generation,0.011498286666666635
World Wide Web,0.011519474999999946
text processing,0.011740938888888913
data compression,0.012044688333333359
authentication,0.012117891666666714
Q-learning,0.012136384999999972
plot,0.012178097222222212
WebSocket,0.012674675000000024
long short-term memory,0.012804102222222197
e-commerce,0.013064464444444424
distributed multimedia communications platform,0.013124757777777829
convolutional neural network,0.013182610000000011
facial recognition system,0.013185467222222191
neural network,0.013223508888888846
data visualization,0.013484189444444405
information extraction,0.01352911499999998
artificial neural network,0.013555058888888888
database management,0.01357938777777773
deep neural network,0.013713961666666663
cryptocurrency,0.013952147222222211
computer vision,0.01402366611111111
website,0.014354988888888864
File Transfer Protocol,0.014631504999999989
computer configuration,0.014705072777777772
application performance management,0.01521378777777771
word embedding,0.015523857222222243
graph algorithm,0.015526201111111165
penetration test,0.01580363388888892
web crawler,0.016309397222222216
information processing,0.016661064444444512
documentation,0.016865853333333347
image recognition,0.016911094444444497
search engine,0.017623921111111107
question answering,0.018435073333333357
mathematical finance,0.018684320555555578
statistics,0.018801991111111083
web development,0.01888167666666668
telecommunications network,0.018900180555555562
database,0.01907254333333336
web application,0.019148763333333263
logging,0.01949424166666669
Semantic Web,0.01989922166666666
speech synthesis,0.020549115000000034
education,0.02055822666666665
big data,0.020751457777777815
electronic trading platform,0.020893492777777828
data analysis,0.021116833888888936
command-line interface,0.02140435555555556
user interface,0.021496041666666688
continuous integration,0.022304113333333347
HTTP server,0.022640572222222127
web browser,0.022748410000000024
Kalman filter,0.022903167222222215
compiler,0.022940303888888902
algorithmic trading,0.023116721666666645
benchmark,0.02349411333333329
Bidirectional recurrent neural networks,0.023993972222222243
data binding,0.02406384166666664
stock market,0.024320846111111127
network security,0.024528042777777787
design,0.024922878888888805
analytics,0.025273667777777786
game server,0.025515920000000053
server,0.02554101722222224
stream processing,0.02600830166666676
validator,0.026205267222222273
object–relational mapping,0.026655387777777845
cluster analysis,0.027439886666666607
graphical user interface,0.027459261111111133
time series,0.027491642222222196
web application security,0.02833767222222225
3D modeling,0.02839551277777777
optical character recognition,0.029394686666666697
schema migration,0.03017251000000004
client,0.030698490000000023
security,0.03207435888888882
software testing,0.032355455555555496
password manager,0.03258457333333328
computer programming,0.03263782944444443
synchronization,0.03306727777777782
Containerization,0.03313909777777774
shell tool,0.033315131666666636
file system,0.033381462222222213
software development,0.033653184444444456
text editor,0.03552169444444442
distributed database,0.03577018777777774
recommender system,0.03648671555555558
cryptography,0.03727194944444451
virtual machine,0.037388738333333255
cloud computing,0.037523631666666724
banking industry,0.037988192222222245
digital security,0.04326617444444436
hacking tool,0.0433026005555556
operating system,0.04382163722222224
package management system,0.050446156666666686
encryption,0.05243026555555563
email,0.07061214500000002
