domain,diff
digital security,9.643392857142108e-05
web server,0.0001284489285714452
language model,0.00013418839285717077
functional programming,0.00022132794642859555
Kalman filter,0.0003107025892856996
data visualization,0.0003391993750000155
cloud computing,0.00037145223214291034
signal processing,0.0005375370535714019
static program analysis,0.0005786857142857094
audio signal processing,0.0006010091964286368
data compression,0.001044511160714301
database management,0.0010754354464285742
web crawler,0.0012493986607143293
software design pattern,0.0015086482142857571
graph algorithm,0.002374727232142826
genetic algorithm,0.0024066993749999877
recommender system,0.002475182857142849
serverless computing,0.0030336839285713957
internet bot,0.0032063983928571627
facial recognition system,0.003245258214285729
computer data storage,0.0032928347321428686
front end,0.0034941771428571577
face detection,0.003529086339285753
genomics,0.003624617946428571
World Wide Web,0.0036300590178571512
machine learning,0.0037376794642857425
RNA sequencing,0.0037506575892857497
distributed computing,0.00378472794642859
password manager,0.0038038316071428713
image captioning,0.004023299107142803
back end,0.004147998482142812
artificial neural network,0.004267230625000007
penetration test,0.00435426080357143
machine translation,0.004506883749999996
evolutionary algorithm,0.00452556267857146
graph,0.004826708750000019
deep learning,0.005071089821428537
benchmark,0.005148113571428581
distributed system,0.00547479785714286
game server,0.0054777887500000455
documentation,0.005664167499999984
email,0.005683653660714244
reinforcement learning,0.005987059196428585
unit testing,0.0062027366964285124
logistic regression model,0.006376057589285694
router,0.006415033303571432
algorithm,0.006447251428571443
middleware,0.006759886339285703
web browser,0.006904193125000041
regression analysis,0.006942639374999976
education,0.007602609732142829
Web Components,0.007618015446428539
computational biology,0.007966069196428532
neural machine translation,0.008074185446428572
Naive Bayes classifier,0.008209454821428569
deep neural network,0.008257927499999984
sequencing,0.008289262857142904
content management system,0.008474465446428575
server,0.008520418482142855
synchronization,0.008805006071428534
convolutional neural network,0.00880585598214284
e-commerce,0.008819760357142936
mathematics,0.009136895892857155
big data,0.00920403892857144
game,0.010143769642857153
network monitoring,0.010655042767857142
word embedding,0.010667223125000042
microservices,0.01095634044642857
application performance management,0.011102099017857192
linear regression,0.011144383571428551
web scraping,0.011511520535714304
object detection,0.011529788303571431
translation,0.011722840267857082
search engine,0.01181510285714285
smart contract,0.011821076517857132
mathematical optimization,0.011896292053571428
linear algebra,0.012416305892857138
geographic information system,0.012589691874999975
data analysis,0.012598254553571442
time series,0.012623670892857125
Q-learning,0.01296576446428574
computer science,0.01303955205357149
hyperparameter optimization,0.0132968496428571
internet of things,0.013641716249999991
continuous delivery,0.014371744642857148
social network,0.014518633749999954
dependency injection,0.014535438482142865
user interface,0.014539521160714275
random forest,0.014719744553571446
analytics,0.01473060232142856
image segmentation,0.014957679732142876
artificial intelligence,0.015111657678571422
web application,0.015124359107142826
data science,0.015143382410714279
interpreter,0.015189752410714297
scheduler,0.015654630892857152
optical character recognition,0.016103374642857132
telecommunications network,0.01623423526785711
data mining,0.016246777232142823
digital image processing,0.016266655803571478
web application security,0.01639940089285713
security,0.016520148035714305
computational science,0.016574454464285765
image,0.016621232946428532
distributed multimedia communications platform,0.01684073160714289
web browser engine,0.016849070535714272
Image analysis,0.01688044383928572
client,0.017252079464285697
support vector machine,0.017370292321428588
classification,0.01745175375000002
streaming media,0.017534656339285748
bitcoin,0.017976512410714268
graph database,0.01799094116071437
digital audio,0.01800609312500001
static program analysis tool,0.018263037589285713
website,0.018336941339285706
search,0.01839527553571435
image recognition,0.018986484374999946
image compression,0.019017389107142874
network analysis,0.01905083955357134
blockchain,0.019169329196428525
video processing,0.01941723464285719
database,0.019668581249999983
plot,0.020254637053571473
continuous integration,0.020745652678571397
logging,0.020942220000000067
HTTP client,0.02101203169642854
HTTP server,0.02120761080357142
statistics,0.02121441821428574
data,0.02121501151785704
cluster analysis,0.021287812857142874
rendering,0.022016473392857117
test automation,0.022111859642857168
Containerization,0.022277550178571498
virtual reality,0.022594241339285726
"extract, transform, load",0.0226526160714286
camera,0.02284859374999998
automation,0.02293342723214284
Bayesian inference,0.022947335982142852
regular expression,0.023099092767857127
File Transfer Protocol,0.02328693160714279
kernel,0.023388169553571425
long short-term memory,0.023572921339285652
network security,0.02364108116071431
authentication,0.023819604017857127
banking industry,0.023906001160714313
anomaly detection,0.023944602857142838
Parser combinator,0.0247147071428572
lexical analysis,0.02499286812500004
sorting algorithm,0.0256637050892857
data structure,0.026715739464285654
schema migration,0.02676199321428574
debugging,0.027531683035714294
speech synthesis,0.027822068750000012
validator,0.02838366589285718
embedded system,0.02842392875000005
design,0.028638571874999963
backup,0.02905478776785711
instant messaging,0.029273725000000028
computer vision,0.029334117142857136
encryption,0.029407248928571494
software engineering,0.03017568874999993
serialization,0.03091091026785714
syntax highlighting,0.030978151964285716
cryptography,0.03181183955357142
knowledge graph,0.03184529133928568
graphical user interface,0.0319159152678572
video,0.03205887000000002
web service,0.03252509544642862
data binding,0.03275203392857143
natural language,0.032957873839285695
text processing,0.03312345491071428
pattern matching,0.03435627107142858
robotics,0.03444061758928571
computer configuration,0.03461122214285717
text editor,0.034796477500000006
image editing,0.03673643133928567
static site generator,0.037065965357142794
distributed database,0.0376966525892857
software testing,0.03829038785714284
information processing,0.03892478580357148
mobile application development,0.03898222294642856
natural language processing,0.03920476196428571
parsing,0.039219020625000045
file system,0.03931895428571425
information extraction,0.03940887116071429
WebSocket,0.03987700803571431
question answering,0.040500921339285706
object–relational mapping,0.04063646973214283
Semantic Web,0.04079439508928573
information retrieval,0.041020297410714335
text mining,0.04104697196428572
natural language understanding,0.04196455499999999
continuous deployment,0.04419718071428566
stream processing,0.044397124107142916
web development,0.04662128705357141
text classification,0.04690976250000001
shell tool,0.046926150624999996
compiler,0.04701176348214289
game engine,0.04723121857142859
virtual machine,0.04742933410714284
code generation,0.0498816470535714
computer programming,0.05270512839285707
command-line interface,0.052886172589285685
computer graphics,0.055040796428571404
integrated development environment,0.05508950151785713
package management system,0.05566781803571433
animation,0.05687283964285719
software development,0.06043893758928573
3D computer graphics,0.06143321321428574
operating system,0.06530600723214286
