domain,diff
data,2.7880000000035654e-05
unit testing,3.818611111108816e-05
home automation,0.00012221777777782217
integrated development environment,0.00015552277777775014
audio signal processing,0.00015566333333336124
network security,0.0002924094444445302
Image analysis,0.00045215777777771193
information retrieval,0.0006339533333332703
virtual reality,0.0006832394444444556
text mining,0.00087170722222224
pattern matching,0.0009252822222222679
regression analysis,0.0011094972222222832
regular expression,0.001128608333333364
search,0.001141881666666622
Parser combinator,0.0012477761111110985
web scraping,0.0015125383333333409
HTTP client,0.0016102327777778314
data compression,0.0016572877777778217
World Wide Web,0.0017314905555556037
WebSocket,0.0017479783333333443
sentiment analysis,0.0019544116666666556
web browser engine,0.001993427222222177
support vector machine,0.0020066966666666686
automated machine learning,0.0020317888888888302
image segmentation,0.0022201794444444145
graph database,0.0022614011111110888
static program analysis,0.0022875950000000034
text classification,0.0024259477777777705
chatbot,0.0024641649999999904
face detection,0.0025250827777777984
signal processing,0.0026701700000000272
video processing,0.0026962188888888794
penetration test,0.002702038333333351
authentication,0.0028750727777778207
object detection,0.003006365000000011
blockchain,0.003102267222222177
sorting algorithm,0.003113325
hyperparameter optimization,0.003465702222222228
data mining,0.0035420266666666422
Naive Bayes classifier,0.003641056666666642
internet of things,0.003694432777777701
static program analysis tool,0.003767272777777775
Web Components,0.0038810577777777244
streaming media,0.003947112777777789
classification,0.004331363888888884
reactive programming,0.004402290555555577
command-line interface,0.004510549444444456
content management system,0.004537464444444472
language model,0.004545738888888956
middleware,0.004613211111111182
image,0.004692416666666671
lexical analysis,0.004986850000000015
web service,0.0049952449999999815
game engine,0.00506470500000003
virtual machine,0.005104912222222313
logistic regression model,0.005231593888888886
dependency injection,0.005304301666666622
algorithm,0.005323662777777738
linear algebra,0.00546363777777778
data structure,0.005579144444444434
syntax highlighting,0.005712632777777782
documentation,0.0059244038888889294
electronic trading platform,0.005975516111111079
computational biology,0.006017065000000044
linear regression,0.0061205644444444485
backup,0.006207234444444487
facial recognition system,0.006225003333333312
DevOps,0.006277879444444412
automation,0.006444501111111056
image captioning,0.0065603016666667124
natural language,0.006664943888888858
artificial intelligence,0.006705085555555573
file system,0.006729080000000054
machine translation,0.006735467777777782
graph algorithm,0.006808874444444418
business dashboard,0.0070916533333333365
serialization,0.007094445555555606
mathematical finance,0.0071557416666666596
debugging,0.007207488888888863
machine learning,0.007518504999999981
geographic information system,0.007583589999999946
image recognition,0.007651959444444439
augmented reality,0.007830109444444483
plot,0.007843111666666625
information processing,0.007898229999999978
digital audio,0.007924355555555596
finance,0.008129253333333364
database management,0.008398926111111094
web crawler,0.008469564999999984
digital image processing,0.008583722777777747
website,0.008938200555555498
video game development,0.008954305555555625
social network,0.008996481666666584
"extract, transform, load",0.009262235000000008
File Transfer Protocol,0.009600352777777765
microservices,0.009607460000000012
code generation,0.00960781444444439
evolutionary algorithm,0.009622403888888909
stock market,0.009794683888888878
time series,0.00990705277777773
long short-term memory,0.009951718888888905
data science,0.010041166666666712
word embedding,0.010245288333333352
web browser,0.01032400111111112
neural network,0.010415688888888885
web application security,0.010943340000000024
computer configuration,0.010971340555555514
shell tool,0.010982002777777833
big data,0.011142569999999963
convolutional neural network,0.01114441499999999
embedded system,0.011216379444444424
software architecture,0.011364260555555561
computer vision,0.011407732777777763
front end,0.011719022777777782
database,0.012072761111111052
scheduler,0.012075718333333318
deep learning,0.012372577222222236
logging,0.0123996061111111
computer data storage,0.012402278888888896
video,0.012478851111111133
web application,0.012665103888888862
smart contract,0.012884418333333314
internet bot,0.013137899444444434
data visualization,0.013202848333333322
translation,0.013461517777777765
debugger,0.01357981333333333
network analysis,0.013610257222222283
data binding,0.013867190000000001
analytics,0.01398835000000001
instant messaging,0.014066656111111076
web development,0.014273657777777726
routing,0.014388670000000076
distributed computing,0.014400110000000022
engineering,0.014457341666666679
user interface,0.014616545555555638
continuous delivery,0.014770609444444416
object-oriented programming,0.014780871111111121
Kalman filter,0.015041077222222227
data analysis,0.01516976388888891
stream processing,0.015192716111111115
graphical user interface,0.015194602777777788
simulation,0.015388498888888824
reinforcement learning,0.015405916111111112
password manager,0.015521925000000047
computer benchmarking,0.015589394999999978
telecommunications network,0.015863737777777803
artificial neural network,0.016366041111111174
genetic algorithm,0.01645905833333336
router,0.016473639444444493
back end,0.016539076111111106
search engine,0.016600602777777834
cryptocurrency,0.017329860555555576
speech synthesis,0.017373561666666648
distributed multimedia communications platform,0.017421411666666636
mobile application development,0.01783745722222227
distributed system,0.018076491666666694
operating system,0.018961134444444416
continuous deployment,0.01904853833333342
deep neural network,0.019227451666666673
3D modeling,0.019671475555555595
Bidirectional recurrent neural networks,0.019702869444444465
benchmark,0.020024001666666652
synchronization,0.02027387333333336
security,0.020464621111111136
statistics,0.02048642777777776
test automation,0.020894376666666714
Containerization,0.0209343216666667
object–relational mapping,0.020953017777777805
education,0.02110328277777776
banking industry,0.021927094444444434
compiler,0.02269594666666669
serverless computing,0.02275853222222224
cluster analysis,0.023122004444444427
text processing,0.02329296722222224
optical character recognition,0.023820793888888886
static site generator,0.02468031000000001
design,0.024785943888888884
continuous integration,0.02482472999999999
digital security,0.025199696666666632
application performance management,0.025415332222222198
network monitoring,0.02575433722222223
e-commerce,0.02702980277777775
cloud computing,0.02727617111111108
validator,0.028359054444444476
schema migration,0.02847955833333332
question answering,0.029577146666666665
software testing,0.029627754444444487
client,0.02986464388888882
software engineering,0.03089262999999992
cryptography,0.03225065388888887
distributed database,0.03354923333333329
web server,0.03356321777777771
HTTP server,0.03454678388888888
software development,0.038370407777777726
server,0.03837837277777778
encryption,0.04096954777777778
package management system,0.043560573888888954
recommender system,0.0481250688888889
game server,0.04814039888888888
email,0.08487803611111114
