domain,diff
game engine,0.00033334590277778187
image editing,0.0005946079861110509
computer science,0.000945006180555541
pattern matching,0.0009485223611111204
speech recognition,0.0009955018055555764
mathematics,0.0010372160416666776
neural machine translation,0.0010644305555555789
mathematical finance,0.0011081499305555242
natural language processing,0.0011120924305555446
static program analysis,0.0014411920833333758
artificial neural network,0.0015705404166666825
big data,0.0016201458333333085
object detection,0.0016269820138888613
named-entity recognition,0.0016961078472222668
regular expression,0.001843594444444402
static program analysis tool,0.0019647918749999826
bitcoin,0.0019725789583333597
distributed database,0.0020384083333333525
continuous deployment,0.0022517241666666354
data,0.0024517524999999596
genetic algorithm,0.002514199374999998
content management system,0.0025455370833332713
algorithmic trading,0.002628923541666661
sorting algorithm,0.002704495763888898
data structure,0.0027868970833332674
automation,0.0028618226388888446
World Wide Web,0.002936205555555571
website,0.0029448653472221586
transfer learning,0.0031963541666666095
object–relational mapping,0.0032335577083333344
data analysis,0.003367687777777767
robotics,0.003567060555555557
authentication,0.0035704357638888795
instant messaging,0.003570834583333349
shell tool,0.0036858989583333224
Naive Bayes classifier,0.0036958300694444057
reactive programming,0.0037331229166666924
Parser combinator,0.00381480145833335
geographic information system,0.0038951686805555052
analytics,0.003907599305555565
multiplayer game,0.0040457871527777856
interpreter,0.004090139027777745
stock market,0.0041462317361111445
banking industry,0.004173578124999994
image recognition,0.004207846111111163
digital image processing,0.004379023472222188
graphical user interface,0.004383337083333327
signal processing,0.004429641875000001
image classification,0.004472077430555554
user interface,0.00462281131944442
computer configuration,0.0046342824999999754
database,0.0048241334722222695
support vector machine,0.004850810902777808
bioinformatics,0.004909913125000026
password manager,0.004939706111111164
Semantic Web,0.005186562847222187
file system,0.005300452847222303
face detection,0.005660245138888881
time series,0.005664207152777823
cluster analysis,0.0057269299305555965
hacking tool,0.005792184236111109
word embedding,0.005940825069444433
natural language,0.0059774734722222445
translation,0.006012001319444488
network monitoring,0.00602966000000002
deep learning,0.006146855000000007
distributed system,0.006160443472222277
3D computer graphics,0.006306399861111117
evolutionary algorithm,0.0063172502777777695
penetration test,0.006383500763888883
text editor,0.0066228196527777505
kernel,0.0066544918055555236
information retrieval,0.0066866194444444305
computer graphics,0.006802645138888869
facial recognition system,0.006900713472222236
optical character recognition,0.007068158749999998
text classification,0.007077988472222185
backup,0.007478073819444431
middleware,0.0075144974305555445
computer vision,0.007558698819444404
video game,0.0075767127777778
network analysis,0.007643193125000031
machine translation,0.0077986463888889135
Image analysis,0.00785259708333333
documentation,0.008161386041666718
physics,0.008182750277777762
video tracking,0.008349506944444418
font,0.008423951874999974
distributed computing,0.008472117777777843
animation,0.008512972291666698
audio signal processing,0.008641562430555527
camera,0.00880942368055554
video game development,0.00890254902777779
continuous integration,0.009050057638888886
text processing,0.0090733647222222
test automation,0.009208932916666662
router,0.009225063402777706
artificial intelligence,0.009253277083333317
data science,0.009387841041666622
back end,0.009425428888888865
image segmentation,0.009451527986111152
application performance management,0.009574804444444474
lexical analysis,0.009797521597222192
serverless computing,0.010194115902777745
music,0.010198802083333347
Reverse engineering,0.010477697638888867
speech synthesis,0.010551412291666645
question answering,0.010603246527777777
data visualization,0.01062245979166665
regression analysis,0.010753889236111092
natural language understanding,0.010758685347222241
electronic trading platform,0.010905677708333339
serialization,0.011138856597222191
debugging,0.011158144930555558
visualization,0.011271423611111137
plot,0.01137662027777775
Bayesian inference,0.011557257777777774
information extraction,0.011759747708333351
deep neural network,0.012007552361111118
information processing,0.012104943125000017
sentiment analysis,0.01243461395833334
geometry,0.012695726041666633
linear regression,0.012881197152777774
internet bot,0.013173686388888883
long short-term memory,0.013250718680555579
classification,0.013350957708333333
unit testing,0.013358946597222254
code generation,0.013425663472222266
data compression,0.014049834861111055
statistics,0.014069907916666652
File Transfer Protocol,0.014163376805555572
web application,0.014179187222222223
web development,0.014543721666666676
web browser engine,0.014744588472222236
computational science,0.014861381736111096
logging,0.014872450555555583
language model,0.015329300277777791
algorithm,0.01533928729166667
web service,0.015473719861111124
operating system,0.01562868701388892
data mining,0.015635500069444447
game,0.0157389374305556
web browser,0.016251463263888877
digital audio,0.01677537319444447
network security,0.017157681805555575
Kalman filter,0.017391471527777785
video processing,0.017531287638888865
HTTP client,0.017581067847222187
scheduler,0.017608669444444447
dependency injection,0.01798914097222226
web application security,0.01812527881944445
benchmark,0.018209929791666662
compiler,0.018362995972222185
front end,0.018854437013888864
software design pattern,0.018961827361111155
Bidirectional recurrent neural networks,0.01897559722222225
virtual machine,0.01909087381944441
graph algorithm,0.01956658673611117
image,0.019705187013888903
graph database,0.02019453479166669
engineering,0.020300669444444447
mobile application development,0.020723429930555592
design,0.020950896319444356
embedded system,0.02098676388888887
convolutional neural network,0.021185773472222197
finance,0.02136895569444444
Malware Analysis,0.02157717256944444
computer programming,0.021668118541666698
internet of things,0.02175548583333331
computer data storage,0.022061500625000008
real-time computing,0.022250876041666673
distributed multimedia communications platform,0.022601284166666652
audio player software,0.022624955069444425
machine learning,0.02316770902777779
functional programming,0.023178162361111088
image compression,0.02338249708333337
command-line interface,0.024238660347222163
object-oriented programming,0.024246349305555553
static site generator,0.024347200972222205
debugger,0.024488392569444406
DevOps,0.024575826111111115
image captioning,0.024966250972222215
education,0.0251877645833333
WebSocket,0.025256422916666604
web scraping,0.026036296874999976
blockchain,0.02642632791666663
3D modeling,0.02645485701388886
"extract, transform, load",0.026601891875000006
video,0.027707669027777798
digital security,0.028024835416666644
streaming media,0.028760002083333347
virtualization,0.02970053173611112
microservices,0.029733429444444404
stream processing,0.029940976388888874
Containerization,0.030042374513888914
security,0.030080646875000006
smart contract,0.031024624583333327
telecommunications network,0.031074656180555577
server,0.031136892083333312
cryptography,0.03130416861111107
malware,0.03157444708333337
data binding,0.031833732013888894
social network,0.03274416395833332
rendering,0.03368168576388891
cryptocurrency,0.0359580763888889
e-commerce,0.036149040694444384
web server,0.036643925069444416
encryption,0.03761156222222228
software testing,0.03903441027777774
validator,0.0412539213194445
game server,0.04362052965277782
client,0.04428631083333329
HTTP server,0.047811406458333316
package management system,0.048667181805555515
software development,0.049220352777777726
cloud computing,0.052456194305555565
recommender system,0.057764671597222206
email,0.07864525784722223
