domain,diff
regular expression,0.00013230333333325017
network security,0.0002160511111111152
distributed database,0.00023442333333334453
web service,0.0005557977777777001
application performance management,0.0005694327777777675
static program analysis tool,0.0007850677777778148
software design pattern,0.0008153655555555861
information processing,0.0008611727777777523
long short-term memory,0.0008974611111110808
evolutionary algorithm,0.001005260555555526
deep neural network,0.001180475000000042
test automation,0.0011948427777777604
Parser combinator,0.0012251461111111306
back end,0.0013323866666666295
mathematical finance,0.001366734444444434
algorithmic trading,0.0014440955555555524
translation,0.0015062172222222447
natural language processing,0.0015174150000000497
video,0.001580116111111085
time series,0.0016984133333333429
artificial neural network,0.0017882961111110873
Web Components,0.00192779500000001
speech recognition,0.0019986383333333857
search,0.002111373888888879
debugging,0.0023951527777777704
data analysis,0.0024349916666666638
dependency injection,0.0024832772222222466
physics,0.002497860555555592
unit testing,0.002984623333333297
statistics,0.002990088333333335
pattern matching,0.003241791666666688
web application security,0.00324198833333339
signal processing,0.0038027327777777897
computer benchmarking,0.0038387922222222204
internet of things,0.003962959999999988
middleware,0.004049771666666646
analytics,0.004068511666666691
game engine,0.004207994444444502
web scraping,0.004230522777777773
network analysis,0.004252251666666679
File Transfer Protocol,0.004383758888888922
distributed computing,0.0044032422222222145
static site generator,0.004772911111111111
web browser engine,0.004978028333333384
genetic algorithm,0.0049891900000000045
web browser,0.0050737394444444195
static program analysis,0.005288032777777757
kernel,0.005427240555555518
web crawler,0.0059482183333333105
lexical analysis,0.005979519999999988
streaming media,0.00620939833333331
serverless computing,0.006463643333333352
text classification,0.006776625000000008
smart contract,0.006889017222222182
front end,0.006891334444444452
plot,0.007007380000000035
continuous integration,0.007093367777777748
reinforcement learning,0.007239263333333301
mobile application development,0.007367320555555529
banking industry,0.0074766266666666525
synchronization,0.0075298750000001025
internet bot,0.007653145000000028
continuous deployment,0.00781569222222217
instant messaging,0.007967580555555576
information extraction,0.007978733888888923
face detection,0.008149295555555547
distributed system,0.008266980555555581
benchmark,0.008433177222222255
authentication,0.008502893333333317
debugger,0.008637940555555529
Q-learning,0.008662806111111115
syntax highlighting,0.00872261555555559
shell tool,0.008784072222222217
data visualization,0.009033742777777826
question answering,0.00912639277777777
sentiment analysis,0.009176001111111137
stock market,0.009195169999999975
convolutional neural network,0.009280106666666676
Naive Bayes classifier,0.009439280000000022
electronic trading platform,0.009490673888888884
graph database,0.00967236833333332
linear regression,0.009677444999999979
"extract, transform, load",0.009848991666666695
language model,0.00993744222222226
geographic information system,0.010013889444444424
geographic information,0.0102127761111111
distributed multimedia communications platform,0.01024814555555556
penetration test,0.01026792944444449
regression analysis,0.010304443333333357
reactive programming,0.01040070777777774
support vector machine,0.010495753888888876
interpreter,0.010541852777777805
command-line interface,0.010883192222222171
object detection,0.010910236111111138
audio signal processing,0.011097780555555548
machine translation,0.01110902611111117
microservices,0.01117402888888891
classification,0.011477881666666745
font,0.011510420000000021
image captioning,0.01159112999999995
graph algorithm,0.011664412222222253
network monitoring,0.011725153888888895
data,0.011822777222222192
recurrent neural network,0.011926711111111127
automation,0.01208778888888895
integrated development environment,0.012113726111111084
code generation,0.01211375555555555
data compression,0.012442908333333363
Semantic Web,0.012599256111111151
World Wide Web,0.012718699999999916
database,0.012793959999999993
Bayesian inference,0.013091390555555554
digital audio,0.01320874611111103
algorithm,0.013514414999999974
image,0.01360697444444442
serialization,0.013609958888888829
object–relational mapping,0.013623096666666723
anomaly detection,0.013788028888888887
computer configuration,0.013845452777777822
blockchain,0.013876172222222177
data mining,0.014050153888888889
home automation,0.014059234444444402
facial recognition system,0.014108511666666712
rendering,0.014168657222222214
telecommunications network,0.014250211666666734
Image analysis,0.01440275166666663
video game development,0.014947114444444493
sorting algorithm,0.015176948333333273
virtual reality,0.015406740555555548
computer science,0.015756482777777747
computational science,0.01597182777777778
text mining,0.016428912777777777
password manager,0.01651036611111112
big data,0.016521807222222185
digital image processing,0.016885698333333365
information retrieval,0.017073042222222223
cryptography,0.017154303333333287
router,0.01735677888888887
Kalman filter,0.017558068888888917
backup,0.01779327666666672
machine learning,0.01784222222222223
data science,0.01788492777777778
data binding,0.018111665000000082
DevOps,0.018183057777777734
security,0.0183731127777777
logging,0.018455611666666677
word embedding,0.018457886666666673
compiler,0.018470753888888913
Malware Analysis,0.018482114444444447
user interface,0.018583988333333412
graphical user interface,0.01861573444444442
computer vision,0.01864830111111107
data structure,0.018759806111111166
image recognition,0.018802784444444498
embedded system,0.018806007777777772
web application,0.018841603888888836
random forest,0.01926452777777779
server,0.019760134444444466
web development,0.019808448888888858
documentation,0.020030881666666694
scheduler,0.020114225555555587
stream processing,0.020338275000000072
web server,0.02161869611111117
digital security,0.021853726111111083
website,0.022147018888888814
validator,0.023674153333333336
speech synthesis,0.023898940000000007
camera,0.024142775000000033
social network,0.02519138666666665
computer data storage,0.025254677222222216
encryption,0.025313426666666694
text processing,0.025366145000000062
parsing,0.025454543888888903
logistic regression model,0.025565641666666694
optical character recognition,0.027153200555555534
software testing,0.02744092555555555
WebSocket,0.028740774999999996
finance,0.028974203333333337
search engine,0.029827810555555584
business dashboard,0.02999795666666666
content management system,0.030341539444444482
3D modeling,0.030829032777777737
HTTP client,0.031860326666666605
virtual machine,0.03265127166666662
database management,0.03294829555555559
text editor,0.03363479888888893
Containerization,0.03377410222222216
image editing,0.03411768333333334
game server,0.034431219444444494
computer programming,0.034698834444444576
file system,0.03487086833333325
virtualization,0.035451162777777795
operating system,0.03654287277777776
software development,0.037670551111111145
client,0.03956875333333332
malware,0.03996606222222224
e-commerce,0.045089363888888956
cloud computing,0.04528519833333339
HTTP server,0.04603421888888892
recommender system,0.0568907577777778
package management system,0.06152912999999996
email,0.08530922833333335
