domain,diff
data structure,8.623722222220187e-05
sorting algorithm,0.00012209388888886896
front end,0.0004804333333333355
static program analysis,0.0004975183333333355
game engine,0.0005730344444444535
data compression,0.0012312999999999075
reactive programming,0.0013838388888888498
debugging,0.0015195138888888793
debugger,0.0018349483333333083
web browser engine,0.0018596927777778383
mathematics,0.0019004355555555519
linear regression,0.002108210000000027
bitcoin,0.002400887777777777
graph database,0.002479175555555546
operating system,0.0025280433333333963
documentation,0.002537796666666592
package management system,0.0026335438888889784
text classification,0.0026550150000000106
dependency injection,0.002695972222222287
machine translation,0.0030770066666666596
serialization,0.0030960388888888746
machine learning,0.003420682777777795
automation,0.0035946011111110954
search,0.0036499450000000155
algorithm,0.0037404805555555642
smart contract,0.003758790000000012
Web Components,0.003924989999999934
network analysis,0.00466431777777776
object-oriented programming,0.004665049444444458
microservices,0.004687282777777857
password manager,0.004779427222222243
Containerization,0.004844411111111113
backup,0.005178640555555558
streaming media,0.005502053333333312
computer science,0.0055862788888888515
neural machine translation,0.005698459444444498
test automation,0.00593557833333333
natural language processing,0.006117007777777739
static program analysis tool,0.0063669755555555985
back end,0.006400571111111086
cloud computing,0.0064986838888888565
blockchain,0.0065691155555555325
command-line interface,0.006797541666666684
language model,0.006902997777777781
pattern matching,0.007208108888888842
support vector machine,0.007638056666666698
word embedding,0.008108265555555605
user interface,0.008172984999999966
File Transfer Protocol,0.008898972222222246
interpreter,0.009095759444444407
unit testing,0.009361749444444456
data,0.0095655183333333
object detection,0.00982445055555553
instant messaging,0.010323446111111023
telecommunications network,0.01037156388888888
Parser combinator,0.010815586666666682
mobile application development,0.010901263333333383
syntax highlighting,0.011303044999999984
education,0.011349061111111142
statistics,0.01139692777777776
data science,0.011470947777777823
WebSocket,0.011557166666666646
compiler,0.011677444999999953
file system,0.011824301111111046
stream processing,0.011967864444444448
artificial intelligence,0.012216919444444446
graphical user interface,0.012280214444444493
World Wide Web,0.012817813333333317
translation,0.012819423333333357
scheduler,0.013671284444444431
information processing,0.01432168611111112
time series,0.014372002777777781
artificial neural network,0.014613916111111153
finance,0.01548059444444444
data analysis,0.015681250000000008
web service,0.015901979999999982
integrated development environment,0.015992428333333364
plot,0.016267098333333313
web browser,0.016831666111111088
e-commerce,0.017673961111111136
penetration test,0.01777196055555552
data binding,0.017795073888888957
logging,0.018194630000000017
website,0.01828208555555555
database,0.018299050555555585
shell tool,0.01887870222222232
rendering,0.02003086277777774
geographic information system,0.020254777222222187
speech synthesis,0.02086733166666671
text processing,0.021188867222222213
optical character recognition,0.021294605000000022
content management system,0.021425725555555553
data visualization,0.0214975105555556
mobile computing,0.02156945333333332
HTTP client,0.02160170277777776
long short-term memory,0.021624395555555537
benchmark,0.02164362444444448
regular expression,0.022136049444444472
HTTP server,0.0222859722222222
analytics,0.02267947111111107
mathematical finance,0.02269498888888888
digital security,0.02642704222222217
security,0.026588867222222257
web application security,0.027084240555555583
web development,0.027294559444444477
web application,0.02789378055555561
deep learning,0.028114333333333352
software testing,0.028141986111111128
big data,0.02838797611111099
web server,0.029364921666666682
computer data storage,0.029556222222222206
convolutional neural network,0.030446596111111113
software development,0.03187890388888892
distributed computing,0.0347548044444444
recommender system,0.03494375833333335
validator,0.03566149777777783
database management,0.035685198333333334
client,0.0395690116666666
computer configuration,0.039885221666666665
distributed system,0.04048049333333337
distributed multimedia communications platform,0.04152873944444441
application performance management,0.04166474777777779
server,0.04231895833333338
game server,0.0423740777777778
continuous integration,0.04436002000000003
embedded system,0.046756938888888905
encryption,0.048137280555555606
distributed database,0.04950032666666673
virtual machine,0.06149813444444446
email,0.09377466222222222
