domain,diff
algorithm,0.00043186249999999093
graph algorithm,0.001972768125000024
web development,0.0020627937500000693
operating system,0.003269358124999955
machine learning,0.003780494374999943
penetration test,0.0038192975000000406
microservices,0.004022338124999969
security,0.006560007499999965
linear regression,0.007030358125000025
unit testing,0.008069563750000064
validator,0.008630001250000019
telecommunications network,0.008688630000000003
database,0.010971850000000005
smart contract,0.010997538124999984
encryption,0.011370136249999996
file system,0.012365998125000055
website,0.014772723124999942
client,0.014906582499999987
game engine,0.016454551875
object-oriented programming,0.01883261312500001
language model,0.01922438124999995
synchronization,0.020134884374999995
data structure,0.020208717499999973
instant messaging,0.02115417
embedded system,0.02147520312499998
image,0.02148235375000007
internet of things,0.021941970625
web application,0.023281858749999995
static program analysis tool,0.02483857374999998
test automation,0.026019388749999983
big data,0.026472319374999997
object–relational mapping,0.02746939687499997
kernel,0.027764351874999982
object detection,0.02787236312500005
package management system,0.029634022499999968
documentation,0.030787125625000022
regular expression,0.030948988750000017
automation,0.03156800249999997
logging,0.03158485
pattern matching,0.032033758125000034
software testing,0.03229984749999998
command-line interface,0.03313160625
data,0.034640925000000045
World Wide Web,0.03489840062499999
server,0.03497526874999998
File Transfer Protocol,0.035415996874999967
web browser,0.03898806875000002
web service,0.03949846750000002
HTTP client,0.039568798749999995
image editing,0.040266123125
web crawler,0.040952528125
bioinformatics,0.041430365000000025
email,0.04212090125000001
Semantic Web,0.042471316249999974
analytics,0.042790686874999984
computer data storage,0.04290136687500001
web server,0.04308817250000002
front end,0.04388593249999995
data compression,0.044950746875
text classification,0.051459429375000004
back end,0.051922110624999934
HTTP server,0.05346730562500002
user interface,0.0541182925
graphical user interface,0.054930876875000034
data binding,0.05608991187500001
serialization,0.05949805062499999
content management system,0.06053627937500006
text editor,0.06093651312500009
Parser combinator,0.06861782437499997
parsing,0.076171984375
text processing,0.08239470000000004
stream processing,0.09064083000000003
