domain,diff
regular expression,0.000737162500000027
search engine,0.0009578843749999677
language model,0.0012655737499999986
command-line interface,0.0013313199999999692
front end,0.0016872012499999922
World Wide Web,0.0018962862500000455
web browser,0.002183355624999994
penetration test,0.0021916318749999886
test automation,0.0024719643749999687
search,0.0024990462499999977
static site generator,0.002506531249999999
object–relational mapping,0.002517011250000034
computer vision,0.003382141875000022
computer configuration,0.004159346875000025
image recognition,0.004175879999999965
virtual machine,0.004267739999999964
file system,0.004804133749999995
shell tool,0.005150775000000052
linear regression,0.005308360625000008
compiler,0.005887555000000044
data binding,0.005944821249999982
optical character recognition,0.006188691875000013
data,0.007007034375000054
Semantic Web,0.007039865624999975
digital image processing,0.0071289143749999895
graph algorithm,0.0073049962499999455
"extract, transform, load",0.007733226875000054
face detection,0.008149606875000048
game engine,0.008331161874999993
web service,0.008542224375000074
operating system,0.008697680000000041
instant messaging,0.009566394999999978
File Transfer Protocol,0.01025069125
backup,0.01032383249999999
graphical user interface,0.010961830625000002
machine learning,0.011174259374999995
translation,0.012264915000000015
logging,0.012579563750000022
user interface,0.012676461249999993
database,0.012905023749999966
computer science,0.013417978749999948
facial recognition system,0.013630354375000014
interpreter,0.01372902624999997
text classification,0.014042411875000022
support vector machine,0.014974925
validator,0.014987370624999996
content management system,0.015145707499999994
static program analysis tool,0.015731661875000025
mobile application development,0.01608276437500003
data structure,0.016212358124999965
geographic information system,0.016302203749999966
encryption,0.01709494312500001
smart contract,0.017418582499999946
telecommunications network,0.01810130375000002
recommender system,0.01899349062499997
algorithm,0.019116105624999963
security,0.01944247624999998
object detection,0.01960841937500002
automation,0.019828637500000024
microservices,0.020563175625000013
natural language processing,0.021220733750000054
distributed database,0.021640494374999986
web application security,0.02175930000000001
serialization,0.02189390937500002
unit testing,0.022136798124999968
artificial intelligence,0.02300471312500002
information extraction,0.02305569937499996
middleware,0.02355760687499997
web browser engine,0.02357747125000001
web scraping,0.02362897
website,0.024034152500000017
continuous integration,0.02444887000000001
pattern matching,0.02454638749999999
static program analysis,0.025333439999999985
text processing,0.025636709374999983
back end,0.027842203750000016
image compression,0.02787209624999995
web application,0.027904408124999974
distributed system,0.02904776687500002
application performance management,0.029213103750000025
internet of things,0.02927451874999995
distributed computing,0.03038460249999997
analytics,0.030510839375000015
computer data storage,0.031212316249999983
sorting algorithm,0.03239740687500001
signal processing,0.032799564375000034
audio signal processing,0.03345086750000001
plot,0.033587505624999986
internet bot,0.035808538750000035
big data,0.03586065062500002
web server,0.03766405250000002
Web Components,0.037823145625000026
data compression,0.03903215437499996
synchronization,0.039719318124999986
dependency injection,0.039907059375000054
deep neural network,0.04031194125000001
streaming media,0.041101988749999985
time series,0.04125785312500002
scheduler,0.04134812062500004
embedded system,0.04165926750000001
web crawler,0.041714303750000015
benchmark,0.042125746249999985
Parser combinator,0.04237297999999995
software testing,0.04261127874999998
server,0.043580981875000036
long short-term memory,0.04431269312499997
client,0.04522159374999998
information processing,0.04632115437499998
HTTP server,0.049007045
package management system,0.060819778125
email,0.07995955687500003
stream processing,0.08446092124999999
