domain,diff
facial recognition system,0.000671489513888901
electronic trading platform,0.0009220492361110555
static site generator,0.0009414322916666551
text editor,0.0012770539583333296
web application security,0.0013461366666666363
shell tool,0.0015612145833333035
graphical user interface,0.001591953958333281
social network,0.0023567959027777363
file system,0.0023709971527777207
logistic regression model,0.0027438626388889
graph database,0.002876769999999973
cloud computing,0.0029706002083333405
user interface,0.0032773836111111287
command-line interface,0.003733577083333328
graph algorithm,0.0037651407638888967
font,0.003826304861111074
database,0.00413615486111113
syntax highlighting,0.004426600555555604
game engine,0.004958320208333339
backup,0.005096302499999955
validator,0.005429705277777697
image editing,0.005489220624999985
content management system,0.005712282708333405
computer science,0.0058885895138888755
search engine,0.006579813750000052
encryption,0.006678020833333298
evolutionary algorithm,0.006783672916666678
web application,0.006833711666666631
continuous integration,0.007031791388888903
schema migration,0.007240057083333334
speech synthesis,0.007396293333333387
algorithm,0.0077125695833333285
security,0.008049269166666678
augmented reality,0.008096940555555515
digital audio,0.008145403402777807
password manager,0.00820765618055555
image,0.008309074861111071
distributed system,0.00851722020833337
Malware Analysis,0.008543263333333273
computer graphics,0.008616442083333342
search,0.00868952222222219
code generation,0.008726112777777795
File Transfer Protocol,0.009088658263888938
computational science,0.009155665000000035
test automation,0.009241306666666699
website,0.009680359513888848
penetration test,0.009693912500000068
cryptography,0.00976037944444444
microservices,0.010444437569444465
distributed computing,0.010534217986111094
translation,0.011274302361111072
distributed database,0.011490998680555559
mathematical optimization,0.01178330423611107
reactive programming,0.011839221458333327
Web Components,0.01186009736111121
business dashboard,0.01195013687499999
game,0.012342335277777727
World Wide Web,0.012457601736111101
machine learning,0.012918619374999996
static program analysis tool,0.012968428750000038
genetic algorithm,0.013026081041666637
compiler,0.013387838055555545
unit testing,0.01339724763888886
malware,0.013500437500000018
image recognition,0.013565189444444486
scheduler,0.014009946249999988
word embedding,0.014112560694444443
web browser,0.014162500972222214
kernel,0.014600472847222212
automation,0.015310512916666685
blockchain,0.015341057430555582
digital image processing,0.015458733541666658
banking industry,0.01565351777777782
video,0.015928046458333345
reinforcement learning,0.016098168263888907
middleware,0.016175142986111113
logging,0.01627525055555551
classification,0.016644378888888867
digital security,0.016693789999999986
telecommunications network,0.016883010555555494
language model,0.016927502638888925
front end,0.017301421666666705
computer configuration,0.017551729097222246
continuous deployment,0.01827538569444445
Naive Bayes classifier,0.018277159930555564
linear regression,0.018319509236111114
random forest,0.018346539027777803
linear algebra,0.01869710270833333
smart contract,0.018992078402777834
computer programming,0.01915083201388887
face detection,0.01919762743055553
Image analysis,0.01931687381944444
artificial intelligence,0.02058548263888893
3D computer graphics,0.020715959305555587
network analysis,0.020986517708333374
virtual machine,0.02158430506944442
distributed multimedia communications platform,0.021636792222222173
object–relational mapping,0.02164683465277778
synchronization,0.0219404125694444
data structure,0.022380936805555612
computer data storage,0.02240916812499999
recommender system,0.022450248263888833
education,0.022528397847222187
sorting algorithm,0.022530130694444456
optical character recognition,0.022649871458333304
dependency injection,0.022760985902777864
image classification,0.022907481666666646
embedded system,0.022943978958333305
operating system,0.024060408819444434
web browser engine,0.02431912145833337
game server,0.024821591736111148
virtualization,0.025161496666666616
static program analysis,0.025292211319444424
machine translation,0.025629197708333384
application performance management,0.02565115361111106
neural machine translation,0.025816494444444477
benchmark,0.025911879513888902
deep learning,0.026029443749999964
finance,0.026115545763888887
Semantic Web,0.02682236194444443
image compression,0.02714390659722221
data science,0.02802229451388888
image segmentation,0.02808115458333338
streaming media,0.028183171180555522
design,0.028282690000000082
HTTP client,0.028333305694444394
instant messaging,0.02846086833333339
data mining,0.029086458611111088
data visualization,0.02924217256944439
data binding,0.029752265208333267
object detection,0.02987990048611111
artificial neural network,0.030406398333333362
integrated development environment,0.03045143444444448
back end,0.03127372965277775
client,0.031489231111111016
support vector machine,0.03173252590277775
image captioning,0.03201179763888887
"extract, transform, load",0.03293188159722216
web server,0.032947429444444454
web crawler,0.03301726062500002
sentiment analysis,0.03302080569444438
web service,0.033504225277777716
information retrieval,0.03368955263888887
natural language,0.03370007624999999
lexical analysis,0.033843242222222236
interpreter,0.03423570423611108
WebSocket,0.03479881909722224
speech recognition,0.03502016152777779
regular expression,0.03512940708333334
web development,0.03515634527777778
software architecture,0.03543433493055553
plot,0.03579685937500002
text mining,0.03580502291666671
big data,0.036197641458333346
server,0.0365482452777777
data,0.03703738319444444
audio signal processing,0.03841490041666665
software testing,0.039234631527777813
time series,0.039304096249999976
data analysis,0.03975395354166669
question answering,0.039899171041666626
signal processing,0.0399974711111111
network monitoring,0.040018595000000046
natural language understanding,0.040215850833333344
geographic information system,0.040276437013888944
serialization,0.04158261812499997
natural language processing,0.04190527736111113
long short-term memory,0.04209858041666664
data compression,0.04324420812500002
cluster analysis,0.043251432499999964
pattern matching,0.044642685347222155
text classification,0.04489521104166669
named-entity recognition,0.045089942569444486
web scraping,0.045381249513888916
analytics,0.0460271979861111
convolutional neural network,0.046168362569444454
Parser combinator,0.04650488923611118
Kalman filter,0.04779730437499999
geographic information,0.049249328541666665
anomaly detection,0.04945559895833335
HTTP server,0.05014555340277785
text processing,0.05255842527777771
email,0.053581760416666624
package management system,0.05455214583333329
recurrent neural network,0.055186538749999986
information processing,0.05626387319444434
software development,0.05760511027777768
information extraction,0.06162724763888891
parsing,0.06993514840277779
stream processing,0.08756570611111114
