domain,diff
embedded system,0.00011702937500002175
machine learning,0.0005847991964285926
database,0.001335194464285705
computer configuration,0.0014594945535714443
Parser combinator,0.0034357361607143255
automation,0.004012952321428509
microservices,0.004058902410714271
algorithm,0.005019220535714297
data structure,0.006794987678571396
cloud computing,0.008131790267857125
data binding,0.01059750901785711
object detection,0.01111066366071431
website,0.011232163482142843
sorting algorithm,0.012737237678571378
web application security,0.01345211928571427
test automation,0.01356029000000003
object–relational mapping,0.016512036160714283
user interface,0.016832621785714263
data analysis,0.017165431160714284
web service,0.018111926071428613
regular expression,0.018138100178571454
web application,0.020389644285714242
content management system,0.020479899375
big data,0.020791213125000013
game engine,0.0215753338392857
web server,0.02658012357142861
telecommunications network,0.027076416428571393
package management system,0.030941311071428557
file system,0.031141312767857143
information retrieval,0.032689963749999995
instant messaging,0.032809516428571384
data,0.03467804160714283
server,0.0350196067857142
information extraction,0.03599790803571423
HTTP server,0.03760958348214288
information processing,0.04004824446428573
computer data storage,0.0433715845535714
File Transfer Protocol,0.04531155937500003
data compression,0.047301817410714264
