domain,diff
security,0.0004450606250000211
distributed computing,0.00046290937499998686
backup,0.00046646624999999164
File Transfer Protocol,0.0008598425000000964
HTTP client,0.0008855312500000156
shell tool,0.0008934856249999679
content management system,0.0009643475000000179
streaming media,0.0013013662499999357
web application security,0.0020992149999999876
compiler,0.0029032956249999686
command-line interface,0.003005837499999997
static site generator,0.004432211249999984
validator,0.005349993750000059
text editor,0.00536708812500003
computer configuration,0.005541307499999981
website,0.005654296250000024
continuous integration,0.0056549887499999785
distributed system,0.005886170624999992
graphical user interface,0.00592123812499995
reactive programming,0.006273315624999998
embedded system,0.006559825000000019
cloud computing,0.0066929537499999525
animation,0.006741396250000031
synchronization,0.007167101874999998
web application,0.007337046250000034
search engine,0.007417963750000034
productivity,0.007727848124999964
computer science,0.008209415624999966
image,0.008227506249999988
automation,0.008247500625000015
user interface,0.00844902812499998
file system,0.008756196250000015
web service,0.00920072874999997
web server,0.00982492749999997
video tracking,0.009898934375000001
telecommunications network,0.009918332499999988
web browser engine,0.01000592062499997
World Wide Web,0.010277054999999924
search,0.01035046249999999
game server,0.010909043125000045
logging,0.011200648749999986
web browser,0.011489079374999989
front end,0.011888671250000038
test automation,0.013079900624999918
translation,0.013259419375000026
blockchain,0.014331263124999966
recommender system,0.014969105000000038
unit testing,0.016217160624999977
machine learning,0.016310160624999986
facial recognition system,0.01670196562500001
graph algorithm,0.016870485624999987
instant messaging,0.016897462499999932
static program analysis tool,0.017136923750000033
genetic algorithm,0.017245518124999998
reinforcement learning,0.01742394
back end,0.017633326249999998
operating system,0.01800838250000003
distributed database,0.01904290499999997
database management,0.01956442124999999
microservices,0.020568183749999996
neural machine translation,0.021425580625000024
server,0.02177641687500001
stock market,0.02194562312499998
penetration test,0.022448731875000016
image compression,0.022675297499999997
artificial intelligence,0.022797188749999975
smart contract,0.02319282187499999
static program analysis,0.02380835187499991
HTTP server,0.02408020500000002
logistic regression model,0.02417196125000004
Web Components,0.024248050625000017
machine translation,0.024990998749999993
linear regression,0.02501853249999994
support vector machine,0.02502030375
syntax highlighting,0.025025651250000003
neural network,0.026048150625000016
word embedding,0.026337683124999983
language model,0.026593455624999984
Naive Bayes classifier,0.026838807499999978
audio signal processing,0.02758105999999999
algorithm,0.028469988750000036
regression analysis,0.029353660624999972
Semantic Web,0.02991190374999997
serialization,0.030151401249999987
database,0.030714956250000036
object–relational mapping,0.03122365000000002
object detection,0.03152252250000001
graph database,0.032433507499999986
artificial neural network,0.032780146875
client,0.033095130625000024
signal processing,0.033124960625000005
software testing,0.03389822687500002
web crawler,0.034589510000000045
random forest,0.03556611500000001
computer data storage,0.03578943624999997
data binding,0.03624878499999995
benchmark,0.037834361250000004
time series,0.038475389375
optical character recognition,0.039015736250000016
regular expression,0.039775773125000025
convolutional neural network,0.04164664625
sorting algorithm,0.04192422062500001
data structure,0.04214864562500001
big data,0.042848214999999995
Parser combinator,0.04366285
sentiment analysis,0.04584245937500003
natural language,0.04613686750000004
long short-term memory,0.046747093749999996
pattern matching,0.04778012125000003
data compression,0.04928274562500001
geographic information system,0.04948575562499999
information retrieval,0.04951552687499999
data,0.05008364124999998
data mining,0.050456754375000024
data visualization,0.05261358062500002
lexical analysis,0.05334298562499998
web scraping,0.053586318750000056
text classification,0.055351495625
named-entity recognition,0.05600927
natural language processing,0.05652057687499995
information processing,0.05764697625000004
text mining,0.05772537375
question answering,0.05795510749999999
package management system,0.060613451874999946
cluster analysis,0.06062894249999992
text processing,0.060678865000000054
stream processing,0.06168877375000004
data analysis,0.06421837999999999
analytics,0.070049374375
parsing,0.07149693187499997
statistics,0.07796402875000003
information extraction,0.0856294775
