domain,diff
World Wide Web,0.0004423581249999864
command-line interface,0.0005076670833332741
file system,0.001284846458333322
continuous integration,0.0014500633333333623
penetration test,0.0014958033333332954
test automation,0.003284580833333356
computer vision,0.0035203410416666803
scheduler,0.004380492916666701
automation,0.004498159583333355
object–relational mapping,0.005704264375000018
image recognition,0.006208572500000037
shell tool,0.006565125416666651
distributed computing,0.006884427708333363
machine learning,0.006990952708333359
facial recognition system,0.007240659791666715
distributed system,0.008245031874999975
game engine,0.009423277708333372
data binding,0.01022204020833331
static site generator,0.01050350812499995
graphical user interface,0.01094981562499997
reinforcement learning,0.011232116875000031
microservices,0.01197379104166671
web service,0.012439209166666715
database,0.013002715416666616
static program analysis,0.01315745020833331
instant messaging,0.013381861666666689
face detection,0.013447081041666697
encryption,0.014143956666666652
benchmark,0.014543702291666655
reactive programming,0.014638516458333362
web application security,0.01514236916666667
server,0.016043355833333328
linear regression,0.01706620145833332
File Transfer Protocol,0.017459311874999994
operating system,0.018667577708333383
security,0.018862181666666672
smart contract,0.018986324791666676
object detection,0.018988929375000047
analytics,0.019403380208333293
logging,0.019529244999999973
back end,0.01971696770833334
web application,0.020591419166666652
telecommunications network,0.021915442499999993
data structure,0.022361108749999997
web server,0.0223899708333333
website,0.022424037291666615
HTTP client,0.022526891250000014
data,0.02289691958333337
mobile application development,0.023539781041666652
embedded system,0.023696422291666686
big data,0.023836810625000038
computer data storage,0.024547118125000045
computer configuration,0.025236219375000007
algorithm,0.0255117004166667
support vector machine,0.026835793958333354
content management system,0.026899770624999958
digital image processing,0.02845501520833335
question answering,0.029963798541666697
natural language processing,0.030554247916666638
sorting algorithm,0.030587488749999975
recommender system,0.031637498541666614
Web Components,0.03173726958333334
regular expression,0.03282114875000003
deep learning,0.0328606129166667
long short-term memory,0.03784655958333333
Parser combinator,0.039252883125
client,0.041886971666666634
streaming media,0.04239400395833329
animation,0.0445287054166667
HTTP server,0.04504184229166669
software testing,0.04579452791666663
text processing,0.0458479225
deep neural network,0.04619556
serialization,0.046753420624999986
audio signal processing,0.06468484375
signal processing,0.06526708833333333
data compression,0.0752815389583334
package management system,0.08057496916666668
stream processing,0.09954327083333331
