domain,diff
unit testing,0.0009515792063492512
content management system,0.0010565507936508567
data compression,0.0016548937301587574
penetration test,0.002568586349206342
object detection,0.0028666642063492065
language model,0.0032969676984127005
database management,0.0041445280158730335
streaming media,0.004446661269841223
data analysis,0.006163090317460346
data visualization,0.00623376611111115
automation,0.006483359523809573
computer data storage,0.006645779523809514
microservices,0.007298383650793661
security,0.0074968287301588055
embedded system,0.00799238499999999
analytics,0.008342965238095273
test automation,0.010425641587301582
continuous integration,0.0104452091269841
support vector machine,0.01054606412698414
user interface,0.010663024841269853
web application security,0.01192344769841272
recommender system,0.012939744365079331
web application,0.013565264523809462
big data,0.013813553650793647
World Wide Web,0.014503534920634803
linear regression,0.014511731904761876
back end,0.015135209523809534
sentiment analysis,0.01546988198412702
blockchain,0.015742946349206366
regular expression,0.01661879158730159
artificial intelligence,0.016806274761904744
game server,0.017424309444444508
logging,0.017988224444444423
computational science,0.018222132380952327
smart contract,0.018303148809523828
database,0.01933297277777779
website,0.020347919047618956
"extract, transform, load",0.021164559126984117
client,0.022542227936507953
distributed computing,0.022956016349206326
text processing,0.02306186095238094
information extraction,0.024584229841269817
web server,0.024998330873015895
graphical user interface,0.025382519365079403
server,0.02681364452380952
data structure,0.026989012936507878
geographic information system,0.02766633722222228
data,0.02850657325396827
graph database,0.028858572063492127
file system,0.02928460261904764
pattern matching,0.03052159190476189
instant messaging,0.0326083788888889
HTTP client,0.033229324682539724
software testing,0.035484886190476184
geographic information,0.03603440730158727
File Transfer Protocol,0.03697416952380955
command-line interface,0.03731966460317465
information processing,0.0374932347619048
web service,0.04059567523809529
game engine,0.04094869246031746
package management system,0.04104147928571422
telecommunications network,0.04148738214285708
HTTP server,0.04232736809523813
data binding,0.048443389761904765
stream processing,0.0520908045238096
Semantic Web,0.05388850682539684
object–relational mapping,0.05696872230158731
