domain,diff
database,0.0004246987500000077
computer configuration,0.001679528124999996
web service,0.0034920174999999443
schema migration,0.0038530212500000327
web application security,0.00498360500000003
server,0.005612577500000021
HTTP client,0.005768853749999997
command-line interface,0.007204851249999922
Web Components,0.009218441250000042
web application,0.011671545000000061
graphical user interface,0.011672269375000044
file system,0.01180365562500002
web server,0.012969189999999992
website,0.014403029374999987
File Transfer Protocol,0.01754199937500006
content management system,0.022294799375000007
smart contract,0.02296494062499993
HTTP server,0.024802080625
back end,0.025164641875000004
regular expression,0.026694043750000007
benchmark,0.02846000062500001
static program analysis,0.030100346875000017
World Wide Web,0.03155402562499998
instant messaging,0.032366974999999965
reactive programming,0.032881728125000065
test automation,0.033147130000000025
data structure,0.03939067124999998
sorting algorithm,0.046556141250000016
embedded system,0.049292050625
algorithm,0.04994660124999997
big data,0.05050809312499996
linear regression,0.05728713812499997
package management system,0.05862451750000003
reinforcement learning,0.070566474375
analytics,0.08546720187499998
stream processing,0.09107457499999999
question answering,0.09330704437499998
penetration test,0.09591939249999998
information processing,0.10183819875000005
object detection,0.13534270937499998
