domain,diff
security,0.00017596999999996976
content management system,0.0001814731249999979
distributed computing,0.00020704937499996245
graphical user interface,0.0018817177083333414
telecommunications network,0.003059642500000015
File Transfer Protocol,0.003659818958333283
user interface,0.004186620833333321
website,0.005828304791666683
command-line interface,0.006007544583333357
web application,0.006507534166666662
HTTP client,0.0077987345833333555
file system,0.009578291458333332
data binding,0.009979988541666651
microservices,0.011408108541666684
streaming media,0.013270496458333308
search,0.013675842499999952
front end,0.014602168333333276
encryption,0.014839102499999979
web service,0.015012063333333298
test automation,0.015728299999999973
router,0.01588744270833331
automation,0.016110610416666643
World Wide Web,0.01817101312499997
operating system,0.018495046041666685
graph algorithm,0.019627471458333323
kernel,0.020057051458333336
logging,0.02080107916666671
database,0.021612582916666734
web server,0.02240445750000003
back end,0.02484981687500004
unit testing,0.025980371250000023
software testing,0.02823215374999999
smart contract,0.028315330625000024
computer science,0.030003667291666702
HTTP server,0.030236697291666725
serialization,0.03068847145833331
penetration test,0.03137667583333334
server,0.031780629999999976
client,0.03197643416666668
static program analysis tool,0.03406102291666668
compiler,0.0355009458333333
embedded system,0.03752055479166669
geographic information system,0.03771020645833331
data,0.04170673291666671
instant messaging,0.04208407166666672
algorithm,0.04302830541666669
static program analysis,0.043039533541666675
translation,0.0443538945833333
regular expression,0.0445294529166666
linear regression,0.04574286395833335
data structure,0.04624378791666667
computer data storage,0.047751638124999995
sorting algorithm,0.05406720875000004
big data,0.05426381229166666
machine learning,0.05440902604166664
benchmark,0.05455027895833331
web crawler,0.055713781458333334
package management system,0.056034668333333315
web scraping,0.05664796812500003
support vector machine,0.06165222229166664
data analysis,0.06477102937500001
information processing,0.06502257791666669
object detection,0.06847066604166668
artificial neural network,0.07027826583333335
speech synthesis,0.07121719416666675
cluster analysis,0.07405917999999997
time series,0.07472824291666663
pattern matching,0.07641615145833336
optical character recognition,0.08094153229166676
Parser combinator,0.08672689395833333
question answering,0.09024581687500002
text classification,0.09465519937499997
data compression,0.09512751062500008
machine translation,0.09517643520833335
natural language,0.09543463708333336
stream processing,0.09648658000000002
neural machine translation,0.09772078999999995
information extraction,0.09953729541666662
text processing,0.1031407766666666
language model,0.10336791208333324
natural language processing,0.11115224374999993
long short-term memory,0.11380062041666672
