domain,diff
security,9.289875000001446e-05
web application security,0.00033348937499999565
middleware,0.00034218874999997206
password manager,0.0004722037500000109
Reverse engineering,0.0005909643749999471
cloud computing,0.0011584631249999255
game engine,0.0016817006250000321
distributed system,0.001991044374999973
Web Components,0.002476075625000018
validator,0.0028322137500000344
reactive programming,0.00286803187500001
distributed computing,0.002905553749999956
search engine,0.0030864281250000125
digital security,0.0031643337500000257
code generation,0.003309701250000019
documentation,0.0034225387499999815
database management,0.0034960381249999894
web application,0.004177590000000009
speech synthesis,0.0042218031250000065
3D computer graphics,0.004692538124999979
static program analysis tool,0.00478567062499996
website,0.004950832500000002
static site generator,0.004973399999999906
backup,0.005013539999999983
file system,0.005188312500000014
computer graphics,0.0058250075000000345
blockchain,0.005893817500000009
graph algorithm,0.006208724374999974
computer science,0.006715346875
mobile application development,0.007419755000000056
camera,0.007559906249999998
shell tool,0.00806166250000001
test automation,0.008063717499999956
e-commerce,0.008399058750000049
telecommunications network,0.008606855000000024
continuous integration,0.00879847625000002
HTTP client,0.009061945624999984
logging,0.009203758125000017
File Transfer Protocol,0.009324858749999942
search,0.009392621874999979
application performance management,0.00946508562499998
content management system,0.009868927499999958
game,0.010124854374999992
electronic trading platform,0.01020211562499998
logistic regression model,0.010585573124999997
graphical user interface,0.01124824000000002
encryption,0.011354589375000002
penetration test,0.01151916125000002
authentication,0.01160686562499999
kernel,0.012041920625000008
computer programming,0.012251965000000031
Malware Analysis,0.012329424374999953
music,0.012691136250000012
schema migration,0.012758896250000012
malware,0.012842097499999983
distributed database,0.01332257874999998
image editing,0.013506666249999966
compiler,0.013639114374999983
computer configuration,0.01363962062500007
graph database,0.013673328749999991
video,0.01379220187500002
command-line interface,0.013861425000000066
World Wide Web,0.013909613749999994
text editor,0.014012638749999973
smart contract,0.014108243124999975
syntax highlighting,0.014143864999999978
machine learning,0.014168848124999994
font,0.01425752124999996
user interface,0.014319907500000006
microservices,0.014394995625000073
streaming media,0.014648160625000017
design,0.0149387775
WebSocket,0.015216023749999974
serverless computing,0.015611461874999982
translation,0.015919340625
network analysis,0.01638114250000003
web browser,0.01647958999999999
education,0.016560625000000023
reinforcement learning,0.01667592937499998
automation,0.016690380624999945
business dashboard,0.016704328750000025
transfer learning,0.01685916374999999
computer vision,0.016874420624999997
distributed multimedia communications platform,0.016988617499999997
static program analysis,0.017188612500000033
server,0.01738902249999999
database,0.01775030999999999
regression analysis,0.017823840625000004
web server,0.018285424999999994
unit testing,0.018856669374999996
image,0.01886784249999998
operating system,0.018870850000000022
language model,0.01915187124999998
algorithm,0.019430943749999985
web browser engine,0.019745214374999986
front end,0.020001233750000014
software design pattern,0.020016133750000026
synchronization,0.020103717500000007
web service,0.020203118749999943
internet of things,0.020203603125000025
random forest,0.020315456249999947
back end,0.020883373750000045
instant messaging,0.021045138124999918
digital audio,0.021277648124999993
word embedding,0.021827462499999978
recommender system,0.023113277499999973
3D modeling,0.02317611437500003
cryptography,0.023773298750000005
Naive Bayes classifier,0.023911171250000002
benchmark,0.02425448500000002
banking industry,0.02475505499999997
artificial intelligence,0.025098658749999947
Semantic Web,0.02579622687500005
mathematics,0.025897337500000006
facial recognition system,0.02634259562500002
audio player software,0.02652624749999996
embedded system,0.026576561875000043
linear regression,0.027028095624999998
web crawler,0.028415401250000027
machine translation,0.028666545624999984
neural machine translation,0.02949327437499999
dependency injection,0.029818096250000037
web development,0.030006381874999988
interpreter,0.030449063749999977
quantum computer,0.03095758999999998
classification,0.031113186875000004
HTTP server,0.031141819999999987
sorting algorithm,0.03161601125000002
neural network,0.031665449375000015
Parser combinator,0.03168385000000001
sentiment analysis,0.03205376874999999
object–relational mapping,0.032219296875000025
support vector machine,0.033038230625000026
Image analysis,0.033208896250000036
lexical analysis,0.033527203125000016
client,0.03358430312500005
image classification,0.03365615875
linear algebra,0.03375142749999996
plot,0.033851296250000024
data science,0.03396280500000001
image recognition,0.034618772500000006
computer data storage,0.035597099374999996
data mining,0.03571616250000001
speech recognition,0.03571876562500001
natural language,0.035856903125000006
geometry,0.035937673125000014
information retrieval,0.03605639187499998
face detection,0.036512272500000054
big data,0.03670067624999998
audio signal processing,0.03702823375000003
deep learning,0.03741690750000004
artificial neural network,0.037501862499999955
digital image processing,0.037603223124999946
data visualization,0.039015794374999996
question answering,0.03916837312499996
"extract, transform, load",0.03991552375000007
regular expression,0.040151259375
analytics,0.04015207937500001
data structure,0.04042529375000001
signal processing,0.04111213437500005
time series,0.04154218937499998
text mining,0.041992723750000016
data analysis,0.04201799937500003
data,0.042155035625000004
software testing,0.04224883562499995
object detection,0.04329724374999999
serialization,0.043397189375000006
natural language understanding,0.04340868250000002
natural language processing,0.043698262499999974
video processing,0.04392121562500001
deep neural network,0.04415509250000002
statistics,0.04418815937500001
pattern matching,0.04449817750000007
Kalman filter,0.04597787687499999
long short-term memory,0.046540534375
geographic information system,0.046740083749999994
Bidirectional recurrent neural networks,0.04765672750000005
image compression,0.04772303374999998
image segmentation,0.048631603749999974
web scraping,0.04878281999999998
named-entity recognition,0.049635435624999974
text classification,0.04994336875000002
cluster analysis,0.05019342249999997
image captioning,0.050798823124999976
data binding,0.05224749999999995
anomaly detection,0.052805552499999964
information processing,0.05295014749999996
software development,0.05369736875000003
optical character recognition,0.053838859374999964
email,0.05491042375000002
geographic information,0.05539814125000003
convolutional neural network,0.05603919812499997
package management system,0.05886608687500006
data compression,0.06201682750000001
text processing,0.06253389437499995
parsing,0.06894630125000001
information extraction,0.07049015250000004
stream processing,0.07186098687500003
