domain,diff
linear regression,2.344375000018495e-06
security,2.1596250000005535e-05
machine learning,0.0006366825000000409
logging,0.0006785687500000248
optical character recognition,0.0007853324999999856
computer configuration,0.0018267181249999875
static program analysis,0.002359139375000041
password manager,0.0029701537500000097
algorithm,0.0031349175000000007
regression analysis,0.0031683000000000128
automation,0.0038541625000000357
graph database,0.0039008993749999887
web application,0.004778970625000045
smart contract,0.004877416874999929
search,0.0055691912499999385
user interface,0.006382956875000068
language model,0.006665875624999984
content management system,0.00751236937500005
translation,0.007909909374999996
web browser,0.008129372499999982
microservices,0.008133203124999988
object detection,0.008433929374999982
digital security,0.008677570625000075
scheduler,0.008691318124999986
file system,0.008707986875000018
encryption,0.008733396874999994
web application security,0.009174208750000024
continuous integration,0.009226267499999996
command-line interface,0.00934969937500002
embedded system,0.009554954375000008
support vector machine,0.010236702500000028
virtual machine,0.010864896875000002
authentication,0.010893135625000022
regular expression,0.010976349375000027
penetration test,0.010979149375000025
World Wide Web,0.01122617875000001
sorting algorithm,0.012305994999999986
signal processing,0.012483381250000009
graphical user interface,0.012608032500000033
website,0.012834120000000004
test automation,0.01394531562500001
virtualization,0.014420546249999971
database,0.014591476875000065
shell tool,0.014791808125000083
client,0.015110978125000063
telecommunications network,0.015169442500000019
cryptography,0.015588617500000013
artificial neural network,0.01655815625000004
database management,0.016958553125000025
operating system,0.01739320687500004
data structure,0.017872764375000016
distributed computing,0.018123635000000027
distributed system,0.018158091249999952
streaming media,0.018412753125000014
benchmark,0.018606093749999997
cloud computing,0.019429029375000018
File Transfer Protocol,0.01950670124999998
Kalman filter,0.019935286875000013
recommender system,0.021436272500000075
data binding,0.021648600000000018
pattern matching,0.02187821687500005
data visualization,0.02192468624999999
instant messaging,0.02257791874999998
object–relational mapping,0.02263326375000005
data mining,0.023203977499999973
convolutional neural network,0.02524103749999998
Web Components,0.025277460625000026
data,0.025673899374999976
back end,0.027754995624999945
Semantic Web,0.028213714375000004
web service,0.028363931250000057
data analysis,0.029023450624999975
information retrieval,0.02994020875000003
application performance management,0.030567399375000054
data compression,0.03193896749999997
WebSocket,0.03237590000000001
big data,0.032595021249999995
web scraping,0.03303703500000002
server,0.03373343062499995
serialization,0.034116723749999966
geographic information system,0.035078803124999974
web server,0.035265303750000004
distributed database,0.035947815625000046
information processing,0.037892992499999945
HTTP client,0.04033858124999995
information extraction,0.04102300125000005
analytics,0.042257507499999986
computer data storage,0.043273419374999955
software testing,0.04432374187500002
stream processing,0.04484601562500001
HTTP server,0.047888825000000024
package management system,0.048217568125000054
email,0.048863336250000056
