domain,diff
smart contract,0.0008120664583333714
database,0.003275734583333356
content management system,0.00724133229166668
command-line interface,0.009487962916666703
World Wide Web,0.00969671145833323
file system,0.010522320208333324
cloud computing,0.011635546875000014
File Transfer Protocol,0.012488981875000027
automation,0.012816074583333281
user interface,0.013212121666666632
website,0.013544358125000044
digital security,0.015092595000000042
algorithm,0.017108952083333295
telecommunications network,0.021467879166666703
security,0.021908955000000008
linear regression,0.021930379791666677
microservices,0.022994768124999954
game engine,0.024296915208333325
computer data storage,0.02538904479166662
streaming media,0.027623526458333325
syntax highlighting,0.02846151666666666
web server,0.02881385166666664
machine learning,0.02923973270833327
object detection,0.029400181041666668
embedded system,0.0303988772916666
support vector machine,0.03161033562500004
instant messaging,0.03246906916666675
server,0.033753064166666624
data,0.034704845416666685
object–relational mapping,0.03637382354166668
regular expression,0.03667958124999998
client,0.0370716066666667
big data,0.03731980729166667
back end,0.038200001041666654
software testing,0.03916940958333334
analytics,0.03978501854166672
data analysis,0.040253470208333364
Kalman filter,0.040895346875000016
data structure,0.04140986375
web service,0.041982825
pattern matching,0.046411598958333355
sorting algorithm,0.047052669583333345
HTTP client,0.04781475874999999
data binding,0.05307308604166658
information processing,0.05698627124999997
data compression,0.05829949979166671
text processing,0.060991803333333344
HTTP server,0.06372010562500002
package management system,0.06865235583333335
stream processing,0.0909585583333333
serialization,0.09338423479166663
