domain,diff
user interface,0.00011048812499997451
encryption,0.00015934062499997625
content management system,0.0005559125000000331
security,0.0006616262500000192
linear regression,0.00071630999999997
algorithm,0.0008728524999999654
test automation,0.0013293312500000098
machine learning,0.0018892487500000166
image,0.0018980200000000003
web application,0.002344756250000024
data structure,0.003987759375000038
Image analysis,0.004087401875000007
digital image processing,0.00434048749999999
object–relational mapping,0.0055270831249999985
password manager,0.006162651875000008
file system,0.007306887500000081
graphical user interface,0.007787559999999971
database,0.007898876875000016
penetration test,0.008249939375000015
logistic regression model,0.008252202499999972
language model,0.008985748749999939
smart contract,0.00930295437499995
computer configuration,0.009865054374999987
website,0.011014361249999993
web application security,0.011175746874999976
data binding,0.011760399374999952
command-line interface,0.011872256874999931
cloud computing,0.011884596250000018
automation,0.012275686250000029
reactive programming,0.012596726874999964
text editor,0.012914240000000021
sorting algorithm,0.013040503124999964
operating system,0.013888790625000008
graph database,0.013921879374999974
continuous integration,0.014167838749999995
translation,0.014457011249999985
regular expression,0.01481960624999995
logging,0.015127662499999972
front end,0.01526048499999999
image classification,0.015751035624999965
scheduler,0.01584206625000001
image segmentation,0.016593050000000026
data mining,0.01698293875000001
World Wide Web,0.01819621812499994
object detection,0.0184001325
microservices,0.01870470750000003
support vector machine,0.019186154374999986
web browser,0.019257477499999953
Web Components,0.01957696312500007
distributed computing,0.01971996187499997
backup,0.019941949999999986
static program analysis,0.02014228687499997
data,0.02096850687500007
telecommunications network,0.021661954999999955
information retrieval,0.02244855000000004
computer data storage,0.022625703125000007
data analysis,0.022990550625000022
distributed system,0.023182604374999943
web browser engine,0.023451975625000038
File Transfer Protocol,0.023616291250000088
text mining,0.02478436437499998
big data,0.024922286875000005
client,0.025219638749999995
image captioning,0.025268608750000032
image compression,0.02581003687499997
pattern matching,0.026120644999999998
benchmark,0.027346799375000008
Parser combinator,0.027566008125000013
machine translation,0.027635371875000037
audio signal processing,0.02817057312499996
application performance management,0.029086746250000017
analytics,0.030501600000000018
web crawler,0.03099135062499997
recommender system,0.03182431124999993
neural machine translation,0.032554424375
geographic information system,0.03289830499999996
signal processing,0.03374548749999998
streaming media,0.03411308437500005
embedded system,0.03442149187499996
internet of things,0.03511012124999996
serialization,0.035832353124999994
time series,0.03683434875000002
text classification,0.037484616875000015
data compression,0.03873642687499998
software testing,0.03908359687500004
text processing,0.03932507624999998
instant messaging,0.04026558562499999
back end,0.040662047499999965
web scraping,0.043212764999999986
information extraction,0.04538981812499998
web service,0.04555314562499996
information processing,0.04575077187500004
game server,0.046352636874999964
WebSocket,0.052043828125000025
package management system,0.05406248375
email,0.054885314374999966
server,0.05683899687500005
HTTP client,0.059941228124999996
web server,0.06490242687500003
stream processing,0.07989129499999995
HTTP server,0.08858594187500007
