domain,diff
static program analysis tool,0.00013485803571428034
big data,0.0011040318749999667
graphical user interface,0.0012811136607142615
website,0.002105752946428563
test automation,0.005238812857142894
user interface,0.00524633464285712
database,0.005419529107142829
security,0.0055003467857142885
data structure,0.005501559464285682
computer data storage,0.006697084553571431
code generation,0.00708493785714287
client,0.007540772142857144
validator,0.00793130892857144
linear regression,0.008260840982142803
content management system,0.008650936339285764
text editor,0.008731249375000028
automation,0.008932673392857082
operating system,0.009015665089285696
data,0.009112876607142828
static program analysis,0.009748854017857134
backup,0.011099246071428565
algorithm,0.012086244107142818
file system,0.013444991517857108
command-line interface,0.013832460178571426
data analysis,0.014765202589285736
microservices,0.015397322589285695
object detection,0.016064642232142906
telecommunications network,0.01619421214285713
database management,0.017026132946428546
benchmark,0.017172070625000008
compiler,0.018609174642857162
smart contract,0.019054692767857123
Semantic Web,0.02046276964285712
data binding,0.020641011875000004
text mining,0.020647919107142865
penetration test,0.020712314642857138
World Wide Web,0.021083508482142882
File Transfer Protocol,0.022611731517857114
signal processing,0.025865547857142845
recommender system,0.027277713660714242
web browser engine,0.02921677955357138
3D modeling,0.029280933660714298
sentiment analysis,0.029479178392857103
optical character recognition,0.02980716526785715
web service,0.030318587499999994
instant messaging,0.03153572357142853
text classification,0.031854249375000004
artificial neural network,0.031879395000000005
regular expression,0.03284791089285713
unit testing,0.03692765517857144
convolutional neural network,0.03925785098214288
server,0.04085922535714284
serialization,0.042464038839285734
software testing,0.04248754232142851
web crawler,0.043416771339285704
speech synthesis,0.04374411642857143
data compression,0.04380001598214284
language model,0.04647208089285715
web server,0.04662032142857139
HTTP client,0.047048920535714245
stream processing,0.04847421571428576
text processing,0.05025231107142858
natural language processing,0.05302526553571424
HTTP server,0.059507632767857144
natural language,0.06122519267857143
package management system,0.061780782499999964
web scraping,0.06219390991071427
neural machine translation,0.0934969835714285
interpreter,0.09795398312499995
machine translation,0.10245765580357147
translation,0.11156372839285716
