domain,diff
Web Components,0.004451128392857107
smart contract,0.004501142767857125
microservices,0.00501173883928574
knowledge graph,0.005070494553571447
penetration test,0.005127110357142861
front end,0.0056757371428571846
user interface,0.006369381785714279
artificial intelligence,0.006830945178571413
command-line interface,0.007437624821428623
optical character recognition,0.0076915652678571644
telecommunications network,0.00815212857142858
web application security,0.008194199999999985
distributed computing,0.010007347589285787
test automation,0.01054933642857142
web application,0.010576364999999976
game engine,0.01095162383928569
validator,0.012239722499999994
HTTP client,0.013799744821428539
object detection,0.013996483660714237
database,0.014383512321428593
reactive programming,0.014537361160714246
World Wide Web,0.014824700624999992
streaming media,0.01503107491071426
file system,0.01690323919642861
website,0.01692137991071435
security,0.01712888321428571
encryption,0.018146078928571452
linear regression,0.01819703598214284
machine learning,0.01883058294642856
sentiment analysis,0.019642783392857105
Parser combinator,0.022232900267857125
package management system,0.024545183214285726
pattern matching,0.02506352812500004
language model,0.02512680589285715
content management system,0.02555285151785719
web server,0.02592671214285716
instant messaging,0.026405991428571474
data analysis,0.02746412616071428
regular expression,0.027900488750000008
analytics,0.02880671901785714
server,0.031265381071428594
back end,0.03183475758928575
File Transfer Protocol,0.032909077232142925
HTTP server,0.03383198348214289
embedded system,0.03454427633928575
web service,0.035019615357142875
big data,0.035382709553571395
application performance management,0.037667835357142854
stream processing,0.03872125142857141
data structure,0.03946942267857137
geographic information system,0.04142785383928571
object–relational mapping,0.04382861187499998
information processing,0.044512868035714276
software testing,0.04619328375000001
data,0.048771602321428575
information extraction,0.04913513803571429
computer data storage,0.05044541169642858
serialization,0.05627474098214286
data compression,0.05877115669642857
data binding,0.059587766160714206
