domain,diff
telecommunications network,0.00022675150793652343
digital audio,0.00024327468253970697
object detection,0.0013003902380952503
stock market,0.001326232857142895
compiler,0.0014782076190476001
static program analysis,0.0017454319047619515
file system,0.0018647754761904334
streaming media,0.002203237936507896
linear regression,0.002445855396825458
language model,0.002593911190476167
deep neural network,0.0033860912698412404
algorithm,0.003572343888888857
digital image processing,0.00360944777777783
web scraping,0.0036684041269841594
linear algebra,0.0038156275396825645
support vector machine,0.003929462619047586
word embedding,0.004324152222222211
video tracking,0.00472185293650787
recurrent neural network,0.0048093978571428775
Image analysis,0.005284829999999935
data compression,0.005346786904761869
text processing,0.005397359761904752
data binding,0.005512764841269835
automation,0.005619320158730207
text classification,0.005841060079365107
image classification,0.005951326825396869
audio signal processing,0.0062281411904762385
plot,0.006488144603174623
computer data storage,0.007006796746031718
File Transfer Protocol,0.0072379202380952745
machine learning,0.007730035396825402
computer science,0.00850822968253967
information processing,0.008586337301587366
game engine,0.009330770238095337
geographic information,0.009494998809523869
graph algorithm,0.009506756825396812
electronic trading platform,0.010189329682539744
sorting algorithm,0.010201607142857172
test automation,0.010401381587301584
web development,0.011140104047619004
back end,0.011435616984127012
signal processing,0.012376057619047698
graphical user interface,0.012377189206349198
algorithmic trading,0.013662928412698422
pattern matching,0.013720547857142829
data structure,0.01411482650793644
optical character recognition,0.014157602222222204
unit testing,0.014854422619047652
3D computer graphics,0.015087408650793666
computational science,0.015154478333333332
long short-term memory,0.015659825634920632
smart contract,0.0172181369047619
image,0.017301774444444445
digital security,0.017683217301587312
mathematical optimization,0.017939886825396878
instant messaging,0.01803794468253961
dependency injection,0.018192877698412685
serialization,0.019553131428571402
server,0.019954863492063463
geographic information system,0.019977775873015968
object–relational mapping,0.021873308888888887
graph,0.022427821507936485
image editing,0.02334983341269839
distributed system,0.023966497301587314
database,0.024220856031746008
3D modeling,0.024362190873015888
distributed computing,0.024994738968253966
time series,0.025106051587301587
security,0.025317379603174595
image segmentation,0.025685004523809563
data analysis,0.025865745158730136
data,0.02592454857142862
design,0.02595998642857139
microservices,0.03165394841269842
analytics,0.03254648984126984
data visualization,0.03285649357142861
regular expression,0.03351947666666669
penetration test,0.033711251666666664
debugging,0.034524706746031725
data science,0.03578964722222222
stream processing,0.039052834047619056
big data,0.046621217142857135
geometry,0.06029419523809526
