domain,diff
recommender system,0.0007522397222222144
computer data storage,0.0008314379861110166
backup,0.0012607785416666462
distributed system,0.002053002430555617
graph,0.002246491527777783
electronic trading platform,0.002814701111111123
stock market,0.0032500343749999605
streaming media,0.003488937152777788
World Wide Web,0.0035740497916666725
computational science,0.003771888541666657
distributed computing,0.003836745763888927
documentation,0.004010830694444467
smart contract,0.0048582589583333335
internet of things,0.005334661111111111
telecommunications network,0.005379529652777798
web development,0.005522722083333292
web application,0.005540164513888862
web application security,0.006335897638888921
linear regression,0.006339657013888889
file system,0.006563000416666687
graph database,0.006564451597222243
HTTP server,0.00662616750000003
object–relational mapping,0.006955282361111037
signal processing,0.006980309166666698
static program analysis,0.007043814166666662
data analysis,0.007623115069444464
linear algebra,0.0077028695138889325
regression analysis,0.0077824181250000235
encryption,0.007865973680555527
web server,0.007999046875000027
digital security,0.008093343194444436
File Transfer Protocol,0.00858313166666666
content management system,0.008818456041666645
data visualization,0.008937912500000034
client,0.00898485326388887
data structure,0.009020091527777774
microservices,0.00909791805555557
serialization,0.009635219374999976
Web Components,0.009725989305555599
stream processing,0.00974887208333336
cryptocurrency,0.009815105624999931
automation,0.009854778055555569
geographic information,0.009891461666666657
support vector machine,0.010139813541666653
software development,0.010259396180555491
front end,0.010279654444444397
database,0.010395980763888868
static program analysis tool,0.010844545208333334
database management,0.010870433333333346
search engine,0.011048483680555526
data binding,0.011238526805555649
security,0.011250965763888926
package management system,0.011287344861111076
natural language processing,0.011481976180555603
text classification,0.01175252340277777
Kalman filter,0.012299815486111088
server,0.012322025902777728
digital audio,0.012729162986111126
web service,0.01287215534722222
back end,0.013050891180555552
cluster analysis,0.013083636736111126
algorithmic trading,0.013142675694444439
instant messaging,0.013638614861111148
animation,0.01378870152777778
website,0.013854654999999966
compiler,0.013969230208333322
image,0.014365493819444408
scheduler,0.014582256597222204
audio signal processing,0.01469904979166664
augmented reality,0.015057440624999974
plot,0.015130757013888885
machine learning,0.015463963263888908
text processing,0.015505526666666658
long short-term memory,0.015559135347222197
analytics,0.0159012836805556
deep learning,0.016041445763888856
named-entity recognition,0.016206417222222214
time series,0.016256320069444413
data,0.016369908124999943
game engine,0.016451815416666626
transfer learning,0.016489388541666677
information extraction,0.016625594374999997
benchmark,0.017120365763888895
embedded system,0.017184645208333404
data mining,0.01725381305555554
geographic information system,0.01739435819444446
computer science,0.017542260486111155
kernel,0.017726670833333374
"extract, transform, load",0.01778779013888887
data science,0.017963260972222284
test automation,0.018105044930555564
big data,0.018638333749999958
search,0.0186971173611111
translation,0.019136592361111093
random forest,0.01921085277777773
deep neural network,0.019405946319444478
information processing,0.019543414930555558
game,0.019982058333333302
object-oriented programming,0.020262033819444525
language model,0.020411796041666624
dependency injection,0.020567331180555593
digital image processing,0.02062423902777777
command-line interface,0.02066824736111114
data compression,0.02104484520833333
graphical user interface,0.02160289152777778
continuous integration,0.021838925694444428
operating system,0.02190090958333335
3D computer graphics,0.021950495347222182
rendering,0.021995174722222233
object detection,0.022005824166666632
validator,0.022061091180555603
logistic regression model,0.02228638604166669
Image analysis,0.02241965625000003
text editor,0.022721081388888842
information retrieval,0.023324297222222262
malware,0.02336972062499998
user interface,0.02368931277777775
convolutional neural network,0.02390097486111112
image classification,0.024225843611111103
debugging,0.02430641763888891
computer configuration,0.024913448333333282
artificial intelligence,0.02534295402777778
unit testing,0.02539385145833334
logging,0.025417508194444438
classification,0.026444834861111183
graph algorithm,0.026680395763888864
computer graphics,0.02679357506944438
software testing,0.027645814791666667
Malware Analysis,0.02771107069444445
3D modeling,0.027963068194444468
word embedding,0.028388575347222278
mathematical optimization,0.028653423611111117
sorting algorithm,0.02868158312500002
algorithm,0.02923868513888886
image editing,0.029461794930555563
reinforcement learning,0.029607282500000054
design,0.030513423124999994
question answering,0.030951236527777787
Bidirectional recurrent neural networks,0.031275028888888834
Parser combinator,0.03136487902777779
regular expression,0.031633075416666656
optical character recognition,0.03230667472222226
artificial neural network,0.03264932013888883
syntax highlighting,0.03331022034722225
geometry,0.0355332885416666
image captioning,0.0363970023611111
penetration test,0.04199246979166671
pattern matching,0.04343027562499996
image segmentation,0.04995461604166668
