domain,diff
penetration test,8.60219841269938e-05
back end,0.00017378825396824338
cloud computing,0.0007385160317459338
HTTP server,0.000926239682539659
HTTP client,0.0010229697619047184
server,0.0010467971428571587
blockchain,0.0012786191269840985
interpreter,0.0017768184920635144
web crawler,0.0020585984920635236
face detection,0.002509462380952371
content management system,0.00301762309523812
unit testing,0.0032600107936507916
computer data storage,0.003413211746031708
distributed computing,0.003676136904761901
smart contract,0.0039120361904762535
Parser combinator,0.00407606880952377
middleware,0.004244271269841282
user interface,0.004296733174603162
distributed system,0.004411746031745989
front end,0.004441911587301617
dependency injection,0.004502393412698424
deep neural network,0.004610594999999967
time series,0.004660494365079371
Naive Bayes classifier,0.004695319126984121
sorting algorithm,0.004774784047619052
WebSocket,0.00510698984126981
image captioning,0.005137624920634909
email,0.006028662063492035
database management,0.00622547357142858
genomics,0.0062337063492063916
application performance management,0.0063834432539682795
File Transfer Protocol,0.006483968253968214
internet bot,0.006488287301587292
World Wide Web,0.006640440476190501
data analysis,0.007167053650793648
scheduler,0.007201354365079349
Bidirectional recurrent neural networks,0.0072339218253968385
recommender system,0.007247366031746
data science,0.007335835396825391
password manager,0.00769115007936505
Q-learning,0.007748473730158717
facial recognition system,0.008157750714285678
data visualization,0.008279252777777774
encryption,0.008432271984126938
education,0.008523824523809537
support vector machine,0.008582161349206363
web scraping,0.008621259285714278
stream processing,0.008913611746031752
language model,0.008986583253968228
object detection,0.009111378650793645
router,0.009377697460317441
machine learning,0.00964866571428577
data compression,0.009869257619047611
image segmentation,0.010062435079365106
validator,0.010093933253968235
static program analysis,0.010523076507936546
big data,0.011796553650793656
benchmark,0.011823819761904802
business dashboard,0.012345693015872988
analytics,0.012351279126984138
geometry,0.012518861587301616
telecommunications network,0.012565000476190469
game server,0.012587372222222282
data mining,0.012654091190476197
web server,0.012711248015873006
Web Components,0.012895396904761991
web application security,0.013638178809523754
genetic algorithm,0.013771487777777758
website,0.013808144047619042
search engine,0.014637250079365088
search,0.014731936507936472
linear regression,0.014819068571428562
reinforcement learning,0.015126466904761882
continuous integration,0.015132553650793634
regular expression,0.015520919920634896
logging,0.015579253888888867
Kalman filter,0.015877485396825347
signal processing,0.015913799682539698
pattern matching,0.016394656349206338
graph database,0.01672790206349209
image recognition,0.017128988333333317
algorithm,0.01731706976190478
web application,0.01736681563492065
data structure,0.018213727936507967
digital image processing,0.018355576984127014
instant messaging,0.018432135555555562
geographic information system,0.01999039611111114
client,0.0200718118253968
graphical user interface,0.020207686587301654
security,0.020355938730158646
plot,0.020439627539682537
question answering,0.02077120960317458
microservices,0.021501249126984118
text processing,0.02192185039682537
automation,0.02239856396825393
computer configuration,0.02273286992063492
web browser engine,0.023779298730158688
computer vision,0.024031334365079343
static site generator,0.024613471746031734
backup,0.024628347142857165
cluster analysis,0.024633063968253988
database,0.026069097777777772
translation,0.026105095476190443
test automation,0.026235784920634858
serialization,0.026387291031745974
information processing,0.026751205317460336
mathematical optimization,0.02676623420634927
web service,0.02705615412698406
data,0.02724597769841275
schema migration,0.028324867380952412
information retrieval,0.029172003730158713
text editor,0.0296917938888889
natural language processing,0.033135539603174585
object–relational mapping,0.033500196746031746
data binding,0.03495562698412705
streaming media,0.03501306682539679
information extraction,0.035952240952380976
mobile application development,0.03664170079365078
file system,0.03897110761904765
Semantic Web,0.039905947380952406
web development,0.04019695309523802
authentication,0.041781695476190484
embedded system,0.04192487499999992
text classification,0.04354470333333335
integrated development environment,0.045892751587301606
code generation,0.04664702253968256
compiler,0.04669372063492069
software testing,0.047957123412698394
package management system,0.04959534261904758
game engine,0.05063496690476185
operating system,0.05517791396825397
command-line interface,0.05881784293650788
3D modeling,0.05913455658730157
