domain,diff
recommender system,0.0009378590277777932
distributed multimedia communications platform,0.0013843359027778113
web server,0.0018503187499999962
middleware,0.002267872013888894
analytics,0.002475643680555528
data analysis,0.0028262655555555405
data structure,0.004274922152777805
web service,0.004433776527777794
automation,0.005423419930555562
streaming media,0.005743139097222211
synchronization,0.006551606111111163
digital audio,0.006664887361111149
graph algorithm,0.006985223263888868
serialization,0.007513880624999941
object–relational mapping,0.007613820138888894
data compression,0.007781153333333346
smart contract,0.00783384416666666
data science,0.008101607222222251
information processing,0.008797685555555546
HTTP client,0.00925671729166666
package management system,0.011016824236111139
back end,0.011071866180555529
computational science,0.01110889604166665
digital image processing,0.011188877152777776
World Wide Web,0.011783392291666667
time series,0.012110302569444453
data,0.012411288750000027
data visualization,0.012882046250000001
static program analysis tool,0.01383478958333334
digital security,0.015035173819444442
data mining,0.015445421180555557
object detection,0.016025272291666642
natural language processing,0.01670763055555563
static program analysis,0.0168209966666667
search,0.017264675486111075
database,0.017929045138888877
website,0.018068744375
file system,0.01823113583333333
test automation,0.01856141868055558
text processing,0.018588516666666666
data binding,0.018620196944444445
server,0.01937301527777771
computer data storage,0.02003026701388888
linear algebra,0.02007241263888887
geographic information,0.020391759791666686
computer science,0.020474556111111125
distributed computing,0.020782126111111104
design,0.020843598750000053
dependency injection,0.021831656805555544
big data,0.02232269375000001
3D modeling,0.0231542125694445
convolutional neural network,0.02449029611111106
software testing,0.025279122291666678
algorithm,0.026228678888888857
stream processing,0.02711414020833336
linear regression,0.027165045763888895
text classification,0.027352750902777806
optical character recognition,0.0278480653472222
graphical user interface,0.028796600902777775
user interface,0.028819070902777716
geographic information system,0.029508161944444444
graph database,0.02960932347222217
artificial intelligence,0.030010895902777862
compiler,0.030172537083333367
command-line interface,0.0318949873611111
instant messaging,0.032799651736111074
word embedding,0.03671820222222222
language model,0.038019332291666624
mathematical optimization,0.04012542673611108
regular expression,0.04196188041666665
artificial neural network,0.04225427763888889
pattern matching,0.042690678750000044
Parser combinator,0.04904450840277774
distributed database,0.04926872597222223
geometry,0.0530807522916667
