domain,diff
distributed computing,0.0010912511111111356
static program analysis,0.0012389811111110927
HTTP server,0.001688663888888886
distributed system,0.0031351983333333666
HTTP client,0.003625525555555592
data visualization,0.0037043938888888794
static program analysis tool,0.003996015000000019
web application,0.004303821111111078
data analysis,0.004957448333333447
data structure,0.0054006544444445415
sentiment analysis,0.005607124444444445
computational science,0.005780783888888863
text mining,0.006060718888888872
microservices,0.006125313333333243
Web Components,0.006174218888888916
computer data storage,0.00651052277777775
compiler,0.006964122222222202
cluster analysis,0.008047870555555559
client,0.008202286111111123
text processing,0.008296453888888944
server,0.008387001666666699
World Wide Web,0.009015518333333389
recommender system,0.009197411666666627
backup,0.00950544111111118
web server,0.010041775555555577
smart contract,0.010114472222222198
text classification,0.010414866666666661
data,0.010991551666666766
graph algorithm,0.011041019999999957
geometry,0.01154521611111109
telecommunications network,0.011714198333333314
benchmark,0.011880082777777773
linear algebra,0.011903501111111103
data binding,0.011943806666666779
automation,0.014162796666666616
test automation,0.014282286666666671
web service,0.01462317222222223
instant messaging,0.014753291111111067
time series,0.014834125000000004
information processing,0.015208416666666669
web development,0.015776504444444422
object–relational mapping,0.016144215555555563
stream processing,0.016359416111111136
streaming media,0.01656362999999994
web application security,0.016715845000000035
middleware,0.01677384999999998
big data,0.017255294444444513
text editor,0.017342754444444497
debugging,0.01771163055555558
support vector machine,0.017772754444444483
file system,0.01815035222222222
content management system,0.018244282777777787
question answering,0.019131418888888835
back end,0.019532369999999993
security,0.019809465000000054
database,0.019841520555555603
signal processing,0.01996586111111115
language model,0.02012729666666671
analytics,0.020211857222222213
embedded system,0.020966705555555465
serialization,0.02105756222222216
linear regression,0.021135787222222202
sorting algorithm,0.02137815388888889
website,0.02173604666666662
plot,0.022769304999999962
File Transfer Protocol,0.023059528888888875
dependency injection,0.023137618888888878
software testing,0.023590913888888898
Semantic Web,0.023866148333333392
digital security,0.024213619444444445
game engine,0.024218283333333257
logging,0.024714963888888913
algorithm,0.026246399999999948
web browser engine,0.027080662222222218
font,0.027838639444444452
package management system,0.027956644444444456
digital audio,0.028103877777777786
artificial intelligence,0.028377952222222197
graphical user interface,0.028833460555555523
regular expression,0.028877349999999996
pattern matching,0.028966437777777854
user interface,0.029259582777777793
random forest,0.029368219444444454
word embedding,0.02964373722222227
data compression,0.029734168888888857
machine learning,0.031055763888888893
command-line interface,0.031431727222222205
geographic information,0.03186288388888886
design,0.031977368333333284
kernel,0.03203271888888884
logistic regression model,0.03206912055555561
reinforcement learning,0.0323756927777778
mathematical optimization,0.032455130555555545
computer configuration,0.037228165555555526
deep neural network,0.03787799833333333
geographic information system,0.038011180555555524
malware,0.03887908500000001
Malware Analysis,0.03948082777777781
classification,0.03956812111111113
operating system,0.03991206611111109
penetration test,0.040949552222222185
object detection,0.04583118555555554
image,0.04801947499999992
computer graphics,0.051036259999999944
digital image processing,0.057829718888888826
Image analysis,0.05818582000000008
image captioning,0.06753153888888888
image classification,0.06779653555555556
image recognition,0.06820665499999998
image segmentation,0.06951466555555555
image editing,0.07453891888888889
image compression,0.07982345555555548
