domain,diff
information processing,0.0001256914583332991
"extract, transform, load",0.00016508562499994994
client,0.00033856763888884256
video,0.0004710220833333556
static site generator,0.0007633811805555779
benchmark,0.0008239349305555477
facial recognition system,0.001182213749999994
object-oriented programming,0.0014492579861111188
email,0.0016118159027778134
authentication,0.0017050591666666337
natural language,0.0019232559722222042
front end,0.0020083566666666552
text editor,0.002020039513888905
language model,0.002232546180555517
font,0.0024002822222221887
website,0.0024570322916666054
instant messaging,0.0024896354861110304
geographic information system,0.0027153057638888978
big data,0.002788768958333354
digital security,0.0031886079861110916
microservices,0.0034057774999999846
Kalman filter,0.0038042955555555036
data binding,0.003994628194444461
data,0.0041151820138889406
web application security,0.00412786666666673
HTTP client,0.004444557083333384
smart contract,0.004845505208333323
digital image processing,0.0048723656944444915
code generation,0.004887055208333324
computational science,0.004973232847222231
web browser engine,0.005140511944444426
test automation,0.005179338611111195
time series,0.00528261312500003
evolutionary algorithm,0.005484465069444444
distributed computing,0.005731200972222239
logging,0.005795694305555543
computer data storage,0.005996356666666702
static program analysis tool,0.006179951805555528
internet of things,0.006181015069444434
algorithm,0.006450218472222213
signal processing,0.006495396041666601
sorting algorithm,0.006495720833333302
functional programming,0.007325771805555659
reinforcement learning,0.00747757722222217
graph algorithm,0.007637822430555552
security,0.007693862083333336
World Wide Web,0.007790741250000011
digital audio,0.007830416944444446
software testing,0.007937205694444449
Containerization,0.007951501874999989
logistic regression model,0.007956588402777798
design,0.007994741666666638
web scraping,0.008000968125000008
telecommunications network,0.008098146388888866
recommender system,0.008172577152777777
kernel,0.008276005694444422
data structure,0.008292297916666636
penetration test,0.008306986805555555
genomics,0.008449544652777752
data compression,0.008513085486111183
data analysis,0.009121922777777736
analytics,0.009395425833333304
blockchain,0.009465307638888892
natural language processing,0.009764840833333233
artificial intelligence,0.00977197826388898
server,0.009869469513888951
web service,0.010293751666666656
file system,0.010334424444444434
data mining,0.010711168958333295
File Transfer Protocol,0.011011107083333332
Semantic Web,0.011032567222222178
static program analysis,0.011330974305555519
syntax highlighting,0.011419412708333299
HTTP server,0.011662999583333361
game engine,0.011766651111111082
artificial neural network,0.011803470902777724
backup,0.011899871388888927
Web Components,0.012352802499999982
audio signal processing,0.012571811527777782
dependency injection,0.012764370972222105
deep neural network,0.012809654375000035
3D modeling,0.013102926736111048
streaming media,0.013490908958333325
deep learning,0.013652596666666711
back end,0.013691749027777755
search,0.013784411388888917
image classification,0.013877153680555532
graphical user interface,0.014061597013888871
cloud computing,0.014560850763888938
machine learning,0.014973678680555547
unit testing,0.015866963472222245
database,0.01692887076388877
documentation,0.01752953284722225
text processing,0.018045789236111054
stream processing,0.019011084236111142
plot,0.02061386506944443
web server,0.02091521930555551
user interface,0.020999862291666727
command-line interface,0.02127824284722224
named-entity recognition,0.02162366868055554
linear regression,0.02180381243055557
web application,0.022081858263888837
cluster analysis,0.022131854444444432
text classification,0.022501588263888872
distributed system,0.022653943472222215
semi-supervised learning,0.02281445493055545
mobile application development,0.022876430000000003
middleware,0.022882813958333303
automation,0.022899851874999932
random forest,0.023289447847222255
text mining,0.023480900555555573
serialization,0.02373665979166667
graph,0.02395509722222225
object detection,0.02522872104166668
graph database,0.0253365428472222
word embedding,0.026021021180555493
web development,0.02628475159722221
support vector machine,0.026793903611111114
parsing,0.027755198402777792
validator,0.028006178402777804
optical character recognition,0.028335799097222225
information retrieval,0.028413245972222223
application performance management,0.028587202013888924
information extraction,0.02869489395833341
content management system,0.030823094583333266
sentiment analysis,0.03170609513888889
object–relational mapping,0.0323267261805556
regular expression,0.032690226319444404
pattern matching,0.03319500340277781
computer configuration,0.033333530694444446
embedded system,0.03360636347222212
question answering,0.033635217152777785
Parser combinator,0.04233055104166661
package management system,0.06460354500000004
