domain,diff
sentiment analysis,0.0005815788888888784
regular expression,0.0006016268055555885
language model,0.0009890268055554596
front end,0.0010180758333332984
smart contract,0.002048287916666669
web service,0.002317902083333323
web application security,0.0028373529166666744
Web Components,0.002889111250000076
time series,0.0030148149999999763
game engine,0.0032034361111110687
question answering,0.0032057277777778337
cluster analysis,0.0032358106944443965
Semantic Web,0.0033067702777777597
instant messaging,0.0035285863888888658
data compression,0.004585274861111099
artificial neural network,0.004751034722222214
back end,0.005641594027777752
telecommunications network,0.005668122638888884
artificial intelligence,0.005701601111111065
object–relational mapping,0.005772984305555562
benchmark,0.0059026431944444735
web server,0.0062538993055555325
reinforcement learning,0.006831383472222258
data structure,0.007440762083333385
pattern matching,0.007540616527777766
web crawler,0.007993262916666716
text processing,0.008101436388888827
HTTP server,0.008136892916666638
text editor,0.009170173888888855
linear regression,0.009695063194444464
File Transfer Protocol,0.010093919583333277
support vector machine,0.010098693888888927
file system,0.010464740694444419
test automation,0.010628761111111107
optical character recognition,0.011321610277777783
penetration test,0.011533513194444456
server,0.012321519861111074
named-entity recognition,0.01287226569444444
website,0.012879310416666734
HTTP client,0.013302929166666672
sorting algorithm,0.013616380416666712
validator,0.013791680277777746
data analysis,0.014040604722222128
data,0.014246293611111127
recommender system,0.014309590972222175
cloud computing,0.014309952638888901
syntax highlighting,0.01444147708333332
content management system,0.01527586208333337
natural language processing,0.016249181666666557
unit testing,0.01658392597222222
command-line interface,0.01675731847222217
text classification,0.01697622486111111
user interface,0.01727707291666669
machine learning,0.01831314444444443
web application,0.01982998513888884
data mining,0.019862095416666697
World Wide Web,0.019868715000000037
algorithm,0.02010182097222224
static site generator,0.020219391944444443
information processing,0.020359106666666682
big data,0.020375222083333283
software testing,0.020564376944444462
Containerization,0.02281491750000003
Kalman filter,0.022815519444444432
stream processing,0.023924769861111084
microservices,0.02431961750000003
automation,0.026243742499999945
database,0.039790595138888885
package management system,0.045051797499999935
Parser combinator,0.04654554041666664
