domain,diff
machine learning,0.00036375000000005153
natural language processing,0.0007307516666666403
big data,0.0015422938888888793
automation,0.0021465166666666535
web service,0.0027355816666666533
file system,0.003963003333333326
embedded system,0.005590396111111062
web server,0.006164034444444466
recommender system,0.00736706333333334
backup,0.008091443888888938
File Transfer Protocol,0.008195302777777747
static site generator,0.008654694444444389
object detection,0.008714827777777823
language model,0.008869399444444315
cloud computing,0.009812267777777717
user interface,0.010421235000000084
test automation,0.011312982222222212
website,0.011719751666666778
software testing,0.012931732777777816
support vector machine,0.014571425555555573
database,0.015322892222222273
linear regression,0.01577355055555557
server,0.0164630461111111
World Wide Web,0.022685693888889025
Web Components,0.027549732777777752
static program analysis,0.031151642222222165
content management system,0.037856993333333255
unit testing,0.04472299499999999
package management system,0.046076862777777894
