domain,diff
text processing,3.4114444444455216e-05
geographic information,9.767666666671282e-05
syntax highlighting,0.00012689444444441422
instant messaging,0.0002536683333333456
data visualization,0.0004844166666666816
software design pattern,0.0005855066666666797
benchmark,0.0005963155555555322
graph database,0.0008106022222221232
front end,0.0014306744444443908
stream processing,0.001814469444444411
question answering,0.0018690466666667627
data structure,0.001928307222222203
shell tool,0.0021732799999999997
email,0.0025331644444444024
analytics,0.002679766111111148
mathematical optimization,0.0027007605555555425
computer data storage,0.002776838888888855
optical character recognition,0.002826687777777781
static site generator,0.002893105000000007
linear regression,0.0029663722222222633
authentication,0.0032524849999999716
digital audio,0.003266533333333349
schema migration,0.003395302222222174
cluster analysis,0.00342942166666671
telecommunications network,0.0034512288888889076
website,0.0035285377777777294
information retrieval,0.0036034794444445017
rendering,0.00361778500000004
Semantic Web,0.0036526083333333625
HTTP client,0.003674825555555622
distributed database,0.004048038333333337
search,0.004170719444444526
web service,0.0043739761111111775
static program analysis,0.00465619500000003
synchronization,0.004767264444444447
smart contract,0.004807878888888895
code generation,0.005209080000000033
design,0.005242987222222217
Bayesian inference,0.005310336111111091
image,0.005327595555555509
data,0.00545207722222224
image captioning,0.005659764444444326
sorting algorithm,0.006075118333333324
security,0.00608315944444443
text editor,0.006338439444444399
penetration test,0.006608729444444433
data science,0.006716282777777721
sentiment analysis,0.007119946666666654
data analysis,0.007326785555555604
object–relational mapping,0.007558745000000033
microservices,0.007783068888888828
client,0.007788788333333296
scheduler,0.007805508333333294
server,0.008111374444444486
blockchain,0.00836008944444444
parsing,0.008524991666666648
text mining,0.008619781111111002
backup,0.008674164999999984
test automation,0.009044171111111166
search engine,0.00911593166666666
router,0.009120976111111095
Web Components,0.009454742777777803
static program analysis tool,0.009597872222222192
Kalman filter,0.009974839444444522
game server,0.010265832222222215
statistics,0.010397008888888865
font,0.010434498888888921
audio signal processing,0.010568313333333273
digital security,0.010678840555555569
HTTP server,0.010805194444444388
time series,0.011005054999999986
information extraction,0.01124912944444445
File Transfer Protocol,0.011385035000000071
back end,0.01172420111111111
web application security,0.011764505555555582
middleware,0.012234940000000027
database,0.012518875555555586
password manager,0.012821205555555604
streaming media,0.01285462722222222
data compression,0.012875044444444372
support vector machine,0.012943534444444432
information processing,0.013070697222222205
interpreter,0.013155307777777736
translation,0.013301382222222269
unit testing,0.01334726388888885
regression analysis,0.013347304444444402
web crawler,0.01343375944444447
object-oriented programming,0.013969428888888857
signal processing,0.01411862222222221
text classification,0.014190804444444372
pattern matching,0.014749367777777744
distributed computing,0.01483408555555557
distributed multimedia communications platform,0.014883649444444452
recommender system,0.015024676666666681
graph algorithm,0.015140603888888937
logging,0.01567610555555557
Bidirectional recurrent neural networks,0.01587652500000003
World Wide Web,0.016154388333333325
big data,0.016225730555555568
logistic regression model,0.01639783833333333
geographic information system,0.01641625444444439
documentation,0.016807703888888803
artificial intelligence,0.017380646111111175
algorithm,0.017473680555555482
Containerization,0.017545965555555543
image segmentation,0.017600003888888882
database management,0.018074181111111143
file system,0.01828478166666675
face detection,0.018583158888888895
named-entity recognition,0.019413096111111083
automation,0.01941932888888892
word embedding,0.01966417777777782
object detection,0.01979206722222221
user interface,0.019848086666666653
regular expression,0.01986322333333332
data mining,0.020215543888888826
dependency injection,0.020249172222222223
web server,0.021116496111111133
natural language understanding,0.021231261111111177
computer graphics,0.021521940000000017
artificial neural network,0.021854376666666647
cloud computing,0.022247324444444494
data binding,0.02260006055555558
web application,0.02291358111111111
"extract, transform, load",0.02313708666666664
digital image processing,0.023202006666666608
long short-term memory,0.023452706666666656
application performance management,0.023656357777777803
distributed system,0.023983651666666633
graphical user interface,0.02425497333333332
computer science,0.02482545111111112
web browser,0.024826743888888864
convolutional neural network,0.025071918888888906
natural language,0.025223312777777784
deep neural network,0.025336002777777783
validator,0.02583999888888891
compiler,0.02588713555555555
natural language processing,0.026196068888888868
Parser combinator,0.02621941
3D computer graphics,0.026283724444444462
game engine,0.0263605844444445
content management system,0.026571008888888914
serialization,0.026593468333333342
web development,0.026883640555555532
software testing,0.02691373388888893
continuous integration,0.027012557222222205
video processing,0.027160155000000047
language model,0.0275085705555555
mobile application development,0.027722859999999988
deep learning,0.028442449444444406
3D modeling,0.028820451111111145
command-line interface,0.029563357222222253
kernel,0.03035321166666663
neural machine translation,0.03081132555555552
machine learning,0.031364190000000014
computer configuration,0.033563857222222215
computer vision,0.03361194444444443
integrated development environment,0.03437547055555551
transfer learning,0.03448524166666661
image recognition,0.0350752322222222
machine translation,0.03815213333333339
facial recognition system,0.04127232388888891
virtual machine,0.0417541766666667
embedded system,0.046432225555555595
operating system,0.04682657611111116
package management system,0.06702093166666662
