domain,diff
deep learning,8.229166666651189e-06
natural language,6.923055555563273e-05
computer graphics,0.00014078388888877358
distributed database,0.00020084749999998985
font,0.00042991305555556414
artificial neural network,0.0008321055555555179
distributed computing,0.0010249205555555863
web scraping,0.0012266608333332818
information processing,0.001307035000000012
smart contract,0.001542788333333267
music,0.0015796849999999973
internet of things,0.0018081322222222307
logistic regression model,0.0019704602777777525
static program analysis tool,0.0020224211111111168
Naive Bayes classifier,0.002166776111111157
long short-term memory,0.002676471388888768
static program analysis,0.0027565388888889375
microservices,0.00327654916666667
front end,0.0038316708333333005
recurrent neural network,0.003860336944444348
reinforcement learning,0.004039265277777759
client,0.004545589722222243
data structure,0.004702184166666623
computational biology,0.004777703888888818
web crawler,0.004934083333333311
artificial intelligence,0.004945257222222221
test automation,0.004995728611111083
algorithm,0.005257592222222218
computer science,0.005436547222222143
computer data storage,0.0054667833333332805
data compression,0.0057424380555555765
search,0.006224549722222222
big data,0.006338144166666615
language model,0.006372884444444449
server,0.006378517222222269
regression analysis,0.006728212777777742
machine learning,0.007040094722222223
static site generator,0.0075259822222221995
data,0.0076050455555555785
penetration test,0.007613082777777724
sorting algorithm,0.007861745833333322
database,0.008370866388888842
search engine,0.008649085
graph algorithm,0.008811382222222247
time series,0.009181709166666746
instant messaging,0.009348537222222286
Kalman filter,0.009795680277777774
natural language processing,0.009939520833333437
routing,0.010260536111111107
logging,0.01053103555555554
random forest,0.010556776388888911
geographic information system,0.010916558888888872
plot,0.011157033611111145
data binding,0.011366951944444426
website,0.011410271666666721
stream processing,0.011427246111111122
unit testing,0.011678083055555538
Semantic Web,0.012102436388888915
cloud computing,0.012207343888888916
natural language understanding,0.012293422500000095
Containerization,0.012306494166666682
authentication,0.012341095833333371
web browser engine,0.012354923611111068
genomics,0.012634509444444442
encryption,0.01280287666666663
software testing,0.013120887777777812
telecommunications network,0.013183681388888868
Web Components,0.01333112500000011
graphical user interface,0.013430820555555556
data mining,0.013634289999999993
object detection,0.01370734166666665
web service,0.014076459166666694
recommender system,0.014134052777777795
text editor,0.014155033888888835
syntax highlighting,0.014839162500000003
analytics,0.015275500833333344
data analysis,0.015593169444444388
benchmark,0.015711357222222222
word embedding,0.01622679972222224
web application security,0.016550066666666752
World Wide Web,0.016710814166666615
serialization,0.01696485000000003
linear regression,0.01713767888888887
text classification,0.01787690055555552
automation,0.018405979999999933
game engine,0.018843327777777835
optical character recognition,0.01891555138888895
information retrieval,0.018995457222222234
HTTP client,0.019054006666666623
back end,0.019543360277777755
data science,0.019677278333333326
3D modeling,0.01980524444444448
streaming media,0.020168824166666655
web browser,0.0202527741666666
user interface,0.020344325833333343
text processing,0.02043189694444436
middleware,0.02049881500000003
application performance management,0.02058013222222216
interpreter,0.020795981388888912
distributed system,0.020982911388888803
dependency injection,0.02179260055555557
File Transfer Protocol,0.02227404166666669
named-entity recognition,0.02268627805555551
HTTP server,0.022794373333333368
backup,0.023473801388888882
support vector machine,0.024046386111111095
mobile application development,0.02480210000000002
cluster analysis,0.024903011944444442
web application,0.02495369888888893
file system,0.026276745277777763
text mining,0.027177075555555597
sentiment analysis,0.027451041388888875
web server,0.028107111388888883
regular expression,0.028176142777777774
content management system,0.028865516666666646
validator,0.028882642777777745
pattern matching,0.028923339444444418
linear algebra,0.029074383888888916
object–relational mapping,0.030682198055555554
software development,0.03069305499999997
question answering,0.03182155027777778
graph database,0.03284323972222222
compiler,0.03418633666666662
command-line interface,0.035075933055555564
operating system,0.03768486305555549
embedded system,0.04049833055555549
Parser combinator,0.04274265999999999
package management system,0.06634522416666666
