domain,diff
recommender system,0.00013271277777773816
text processing,0.0006989020138888913
neural machine translation,0.0007841607638888748
named-entity recognition,0.0009230499305555862
data science,0.0018701352083333178
language model,0.002152876805555537
object detection,0.002717407916666692
smart contract,0.002841131666666663
text classification,0.0031094079861111457
natural language processing,0.0032212439583332864
HTTP client,0.003322419583333347
data,0.003511692361111096
client,0.003625878888888878
website,0.00373008041666667
analytics,0.00434321166666668
instant messaging,0.004417708611111126
web service,0.004485591041666626
time series,0.0045709762499999695
optical character recognition,0.0054897940277778
data structure,0.005947250416666716
World Wide Web,0.005966917500000002
sorting algorithm,0.006195119166666624
backup,0.006346763263888916
back end,0.006550183402777798
server,0.006832508263888926
word embedding,0.007097141805555596
data analysis,0.007175990347222272
HTTP server,0.00807881895833329
Web Components,0.008893153125000053
web application security,0.008895965416666651
compiler,0.00896910875000001
front end,0.009021525833333321
artificial intelligence,0.009134404236111171
microservices,0.009161211249999968
stream processing,0.009376006736111164
data compression,0.009561032638888911
Containerization,0.009795328125000002
linear regression,0.010066534305555569
game engine,0.011603872986111097
internet of things,0.011761147569444463
web browser engine,0.011785983819444401
sentiment analysis,0.011856475763888874
big data,0.011991819583333285
algorithm,0.012211010347222218
graph algorithm,0.012825560555555532
signal processing,0.013093637083333304
machine learning,0.013818101319444442
regular expression,0.01479840319444442
database,0.014979923888888858
content management system,0.015025719583333319
pattern matching,0.015300398402777804
static site generator,0.0171407644444444
syntax highlighting,0.017397756458333302
machine translation,0.017590280902777755
streaming media,0.01759723833333332
web server,0.01786469680555558
cloud computing,0.01809781513888889
authentication,0.018630891666666677
information processing,0.018663910416666762
web application,0.01885735701388891
File Transfer Protocol,0.01902327520833333
user interface,0.020521002291666646
data binding,0.02119667131944447
file system,0.02171632444444438
computer data storage,0.022421726041666618
validator,0.024617923402777797
command-line interface,0.026511762847222176
graph database,0.02954656034722225
object–relational mapping,0.03373812493055561
embedded system,0.03750498909722222
Parser combinator,0.05080375104166657
package management system,0.05186355312500002
