domain,diff
telecommunications network,3.227298611110929e-05
sorting algorithm,0.00011674666666666722
long short-term memory,0.00034561909722219397
computer data storage,0.0004904422916666151
time series,0.0006028125000000495
sentiment analysis,0.0006077245138889076
stream processing,0.0007997023611110987
recommender system,0.0010571221527778119
schema migration,0.0014700842361110578
microservices,0.0015780693750000185
named-entity recognition,0.0016221906944444697
authentication,0.0024022229166666964
text mining,0.00255829319444445
linear regression,0.0028530750694444607
web service,0.0030366022916666346
website,0.003052211666666693
password manager,0.003178512708333303
backup,0.003305507013888903
text processing,0.0034413663888889223
data science,0.0035628097916667323
electronic trading platform,0.003721338333333324
big data,0.003745539583333235
streaming media,0.004122948541666671
support vector machine,0.004210191388888895
client,0.004575479513888814
search engine,0.00460400791666668
text classification,0.004959874236111106
software design pattern,0.005298679583333327
text editor,0.005576174861111061
data visualization,0.0057444697916667065
benchmark,0.005771213819444454
front end,0.0060785897916667
distributed multimedia communications platform,0.006407755555555533
translation,0.00667724166666675
distributed database,0.006751517708333377
graph database,0.006802351597222145
convolutional neural network,0.006841719236111127
unit testing,0.006858755972222241
data analysis,0.006898790347222239
security,0.007167703958333299
analytics,0.007507573541666646
artificial intelligence,0.0075717611111111305
geographic information system,0.007747893263888861
education,0.007990358472222153
language model,0.008096131319444477
web crawler,0.00833080541666667
static site generator,0.00876883930555547
semi-supervised learning,0.008908153819444486
smart contract,0.009036843541666617
penetration test,0.009079206319444422
data structure,0.009600597916666731
artificial neural network,0.00972316659722225
search,0.009910674513888829
encryption,0.010035997499999977
synchronization,0.010270869513888864
File Transfer Protocol,0.010631902708333307
information retrieval,0.010832801597222275
deep learning,0.010847521458333342
Web Components,0.011206341249999974
data compression,0.01144762111111114
e-commerce,0.011502756597222275
object detection,0.011808408333333298
syntax highlighting,0.012442856666666613
instant messaging,0.012456521388888864
database,0.012480184513888881
World Wide Web,0.01281866437500001
algorithm,0.012870576597222183
optical character recognition,0.013610180347222278
user interface,0.01362712104166669
font,0.013631809722222221
Kalman filter,0.014118298819444458
natural language understanding,0.01440264395833335
pattern matching,0.014665789652777761
back end,0.014768891527777717
data mining,0.015045741041666727
word embedding,0.015401853680555522
machine learning,0.015735461944444418
file system,0.016546254444444408
natural language,0.01692719965277778
cloud computing,0.017300382013888865
data,0.01769986763888881
information processing,0.018241227916666658
validator,0.018255237152777742
logging,0.01837866743055555
regular expression,0.018714258194444472
video processing,0.01877107506944445
web application security,0.019253218541666672
"extract, transform, load",0.019577414374999935
natural language processing,0.019898986041666622
distributed computing,0.020822575972222257
object–relational mapping,0.021197488680555487
graphical user interface,0.022253767013888925
serialization,0.022364581666666716
test automation,0.022375416736111098
dependency injection,0.022992885347222325
web application,0.023279210763888863
server,0.023301884513888926
documentation,0.024005299097222266
game engine,0.02437928173611109
content management system,0.024439418958333348
HTTP server,0.024684020833333348
static program analysis,0.025092760069444442
database management,0.025779646597222206
automation,0.026866066250000098
data binding,0.02734443256944441
computer science,0.028142009722222194
distributed system,0.030006433472222177
static program analysis tool,0.031101855694444458
application performance management,0.034966904513888813
compiler,0.03634512062499995
web server,0.03815412243055555
software testing,0.03890017194444445
embedded system,0.03974061159722225
command-line interface,0.05015534972222219
package management system,0.06794520437500001
