domain,diff
regular expression,0.00010324256944441168
penetration test,0.0008691925694444269
pattern matching,0.0016883528472221854
linear regression,0.0022224644444444053
command-line interface,0.0022593209027778616
graph,0.0028286422222221774
visualization,0.002942632152777791
server,0.00309506298611123
geographic information,0.003360348263888868
HTTP client,0.00476518583333338
logging,0.0055694680555555265
back end,0.007001932777777775
HTTP server,0.009063533333333346
syntax highlighting,0.009970413333333317
microservices,0.010015685000000024
file system,0.010474986944444487
game engine,0.010734960486111056
test automation,0.011696398611111103
unit testing,0.012052869722222276
data,0.012775917361111111
web server,0.013643971180555547
smart contract,0.014439217708333396
security,0.015074733333333368
algorithm,0.015369248472222263
geographic information system,0.015444118263888862
authentication,0.015603747291666609
File Transfer Protocol,0.01565254958333334
data binding,0.016050648819444402
data visualization,0.0163150583333333
website,0.01668527604166664
web service,0.016865446666666672
computer configuration,0.01862274756944443
web application security,0.019546891666666677
data structure,0.019673230833333277
Web Components,0.019773428124999992
instant messaging,0.020015834236111113
automation,0.02030225999999996
World Wide Web,0.02230773375000006
web crawler,0.024120517291666643
text processing,0.024208437013888806
information processing,0.024579290416666677
operating system,0.027294278888888912
object detection,0.028142207708333283
Semantic Web,0.02827667027777775
software testing,0.02862883381944442
database,0.028751450138888857
data analysis,0.0301450872222222
embedded system,0.030392713472222277
cloud computing,0.03122627763888891
content management system,0.03739222333333331
big data,0.03801694708333331
named-entity recognition,0.038773052569444466
sentiment analysis,0.04103776986111113
web application,0.04169220826388892
machine learning,0.04370014444444445
natural language processing,0.04770969041666667
package management system,0.055054355625000106
