domain,diff
file system,0.0005233472857142374
computer configuration,0.0009832658571428121
synchronization,0.0034342304285714387
data structure,0.0038505302857142765
translation,0.004559935857142816
big data,0.007282010571428549
optical character recognition,0.007547869857142869
data,0.008232963142857097
instant messaging,0.00990611099999994
user interface,0.0114450772857142
package management system,0.012310416285714332
client,0.012383987714285782
password manager,0.01568994385714284
automation,0.01650410085714285
content management system,0.018691184428571428
microservices,0.02067253557142859
convolutional neural network,0.02204545614285716
artificial neural network,0.027756461000000066
data binding,0.028843731428571412
computer data storage,0.02993852285714288
graph database,0.0313087142857143
server,0.0347076678571428
File Transfer Protocol,0.036508607857142994
HTTP server,0.03771403542857138
web server,0.038256003428571494
machine learning,0.04231298171428571
object detection,0.04483346542857142
embedded system,0.04759807300000002
operating system,0.04773238285714279
software testing,0.05304660085714291
game engine,0.060384934571428656
database,0.06489887399999994
database management,0.07490146257142857
