domain,diff
data visualization,0.0006262066666666843
named-entity recognition,0.0006572175555555893
software testing,0.0009812094444444086
static site generator,0.0010033435555555914
web service,0.001519834666666664
information processing,0.002188907666666684
HTTP client,0.002427655666666695
user interface,0.002562467666666679
artificial intelligence,0.0033043261111111444
web application security,0.00400558833333331
World Wide Web,0.0049343709999999374
natural language processing,0.005235484333333429
authentication,0.005404017666666594
HTTP server,0.005978833333333378
Web Components,0.00741508099999999
client,0.007471933888888893
automation,0.007483215999999959
recommender system,0.007599840222222293
regular expression,0.007616548444444454
graphical user interface,0.008046271888888956
test automation,0.00812968888888882
game engine,0.008584051111111157
back end,0.00859421377777786
support vector machine,0.008761974888888913
linear regression,0.008790363444444477
website,0.009484991666666664
server,0.0098408118888888
instant messaging,0.010012516888888823
topic modeling,0.010807120222222244
microservices,0.011742550000000018
smart contract,0.011972629666666679
web crawler,0.012046853666666663
simulation,0.012113144666666659
object detection,0.012718935666666653
language model,0.014582239444444534
pattern matching,0.014895364777777809
data,0.0155262731111111
sentiment analysis,0.01620880888888887
Semantic Web,0.0167209992222222
web application,0.017339411888888823
dependency injection,0.018012313777777844
syntax highlighting,0.018059783333333246
Naive Bayes classifier,0.018758361888888936
object–relational mapping,0.019180124555555567
question answering,0.02087874377777782
data structure,0.020935677333333402
web server,0.021469769555555518
content management system,0.02262188933333331
big data,0.022978123333333406
File Transfer Protocol,0.02540095333333328
cloud computing,0.026314454888888894
data binding,0.026993174444444434
embedded system,0.028425032222222257
computer data storage,0.02958719266666665
database,0.02971311688888878
validator,0.032618168777777734
unit testing,0.039186097222222216
file system,0.04233166744444447
package management system,0.0627922099999999
