domain,diff
Web Components,0.0003472400000000264
encryption,0.0006163431250000018
back end,0.0006292334027777624
computer data storage,0.0006569054166666866
big data,0.0010713279166666978
game engine,0.0013025192361111326
web service,0.0015041320833333316
artificial neural network,0.0015923715277777473
machine learning,0.001936636319444518
penetration test,0.0021312306944444304
artificial intelligence,0.00228890138888882
File Transfer Protocol,0.0029177745833332824
web application security,0.003116721666666711
web application,0.003392339513888898
data structure,0.003430294791666677
algorithm,0.003871999097222245
website,0.003896013958333333
test automation,0.004182328611111119
static program analysis tool,0.004872171180555551
linear regression,0.004892153680555622
World Wide Web,0.004972429999999972
microservices,0.006081798124999982
geographic information system,0.006261623263888849
data,0.006286455138888869
recommender system,0.006878335902777782
classification,0.00717605770833335
static program analysis,0.0073159899305556
neural machine translation,0.00736376673611111
web server,0.007586847430555543
data analysis,0.0077391402777777785
language model,0.008006288055555477
file system,0.008018851944444405
instant messaging,0.008026633263888888
server,0.00835354951388892
front end,0.008633582708333365
authentication,0.008689362916666665
machine translation,0.008838599652777779
object detection,0.009221574166666635
reinforcement learning,0.011073417847222239
natural language processing,0.012758949583333401
unit testing,0.013280610347222166
sorting algorithm,0.013281157708333324
named-entity recognition,0.014312816180555632
validator,0.014679572777777788
pattern matching,0.014960487777777809
optical character recognition,0.015687557222222204
regular expression,0.01585813381944437
information retrieval,0.016119680972222272
static site generator,0.01689665881944441
natural language understanding,0.016899830416666706
automation,0.01794472250000001
text classification,0.01823205576388892
data binding,0.01836976631944448
content management system,0.0183786945833333
user interface,0.018553811666666697
syntax highlighting,0.019248993958333294
software testing,0.01944918006944446
database,0.01986179201388888
command-line interface,0.020512779097222267
text editor,0.02079205763888886
text processing,0.021295779236111145
cloud computing,0.021989002638888894
sentiment analysis,0.02355935888888888
distributed system,0.02381285284722226
text mining,0.02508326993055554
word embedding,0.027696478680555525
stream processing,0.031823631111111195
embedded system,0.03341590597222227
operating system,0.0417238876388889
package management system,0.06438121750000003
