domain,diff
sorting algorithm,0.00026059766666663986
unit testing,0.0006924402222221737
back end,0.0007759072222222607
penetration test,0.0008524904444444092
website,0.0012865576666666323
instant messaging,0.002406671888888934
data structure,0.0024355003333333403
Parser combinator,0.003032418666666703
image compression,0.003906468222222209
benchmark,0.004365735444444463
server,0.005139859888888876
stream processing,0.005607727111111072
authentication,0.005709261666666687
file system,0.005736085555555659
File Transfer Protocol,0.005992230666666709
streaming media,0.006261524666666685
client,0.006373453888888936
HTTP server,0.006991646333333351
linear regression,0.00711614844444447
information processing,0.007298022666666681
parsing,0.008542004777777834
data,0.009098904888888981
signal processing,0.009166174333333305
World Wide Web,0.00917333800000003
optical character recognition,0.009229234222222216
syntax highlighting,0.009597596333333347
smart contract,0.01124170933333335
search,0.01179827988888893
front end,0.01312369733333335
interpreter,0.013209861888888869
validator,0.013242294777777774
pattern matching,0.014406721777777798
game server,0.01594065188888888
security,0.016037156333333302
word embedding,0.016521343444444447
object–relational mapping,0.01670455844444446
web server,0.01767038655555561
telecommunications network,0.017924110888888872
text processing,0.01840124111111119
static program analysis,0.018506907444444443
database,0.018621045888888965
analytics,0.018725102666666715
text mining,0.019287434444444473
user interface,0.019516441666666662
test automation,0.0201468761111111
text classification,0.020513916111111113
continuous deployment,0.02131387355555553
web service,0.02184786566666666
automation,0.022108001000000044
data binding,0.023690525444444444
microservices,0.023884122000000035
static program analysis tool,0.0240437194444445
compiler,0.024874214999999866
graphical user interface,0.024897445888888925
kernel,0.0251853924444444
big data,0.02558532733333327
serialization,0.0280434886666667
deep learning,0.02819853833333333
algorithm,0.028719781222222268
natural language processing,0.03007926966666663
web application,0.03045156488888881
font,0.03122847622222219
regular expression,0.03217090844444445
operating system,0.03361597688888887
game engine,0.03370204911111113
software testing,0.034207368444444414
computer configuration,0.034706460444444476
command-line interface,0.03522172522222222
recommender system,0.03539634222222224
language model,0.03647071544444447
application performance management,0.03866756188888887
object detection,0.03993670933333332
embedded system,0.0428291432222222
machine learning,0.04490575944444447
package management system,0.064710241
