domain,diff
time series,0.00023104285714287132
web service,0.0004174109523809588
language model,0.000461696984126847
geographic information system,0.000468251746031767
penetration test,0.0006254712698412768
logistic regression model,0.0006397142063491734
machine learning,0.000694308015873002
computer vision,0.0007171900793651043
website,0.0010373226190475981
blockchain,0.001096128174603167
internet of things,0.0013039723015872973
front end,0.0013445783333332906
World Wide Web,0.0013871278571429002
artificial neural network,0.001526007777777727
database,0.0020589396031746587
static program analysis,0.0022342555555555643
client,0.002329315396825349
Naive Bayes classifier,0.0024478203174603252
data compression,0.0024522331746031356
microservices,0.002736423571428531
File Transfer Protocol,0.002893973333333383
sorting algorithm,0.002973173333333301
benchmark,0.003153838730158731
syntax highlighting,0.003344256190476236
static site generator,0.003361035158730208
static program analysis tool,0.0033991665873016053
recurrent neural network,0.003734325158730123
server,0.003749273888888849
Web Components,0.004923832857142818
big data,0.005145326666666672
web application security,0.005523504523809564
education,0.005611794365079331
computer data storage,0.0057990009523809505
font,0.00581415349206349
information processing,0.005914853333333303
search,0.005928436746031801
long short-term memory,0.006485284365079336
logging,0.006762616984126946
content management system,0.0068669319047618416
data mining,0.006956940476190443
text editor,0.007121836746031784
file system,0.007538312301587302
stream processing,0.007544766111111101
artificial intelligence,0.007651657460317374
test automation,0.00767913325396824
smart contract,0.00784929476190474
face detection,0.007975453412698452
data science,0.007984463809523779
algorithm,0.008331002222222272
web scraping,0.008843935714285711
optical character recognition,0.00937212150793651
back end,0.0095920884920635
telecommunications network,0.009628118888888926
object detection,0.010437137380952366
image recognition,0.010578918253968228
security,0.010686880476190458
web application,0.011127178888888867
HTTP server,0.011147782619047641
linear regression,0.011407341269841331
random forest,0.011425772222222186
data structure,0.011851577380952327
web crawler,0.011884404761904721
Containerization,0.01197527642857138
mobile application development,0.011999907857142889
authentication,0.012129048095238126
graph algorithm,0.012292814126984075
support vector machine,0.012759554682539642
instant messaging,0.012774416746031803
game engine,0.012844085396825411
cloud computing,0.013190947460317487
web server,0.013356652698412685
software testing,0.013702373015873015
facial recognition system,0.01391593857142856
data analysis,0.01446225492063491
data,0.014800296746031782
backup,0.015029995317460326
analytics,0.015113644047619001
3D modeling,0.015972781111111112
data binding,0.01666469944444443
recommender system,0.017672695634920632
natural language,0.017958221507936467
unit testing,0.018104109365079335
streaming media,0.019270901190476114
user interface,0.01937859809523812
graphical user interface,0.02043830174603173
robotics,0.021065865238095255
regular expression,0.021107716587301623
search engine,0.021620398095238053
text processing,0.022133293253968345
cluster analysis,0.022306298730158713
automation,0.023313561428571383
application performance management,0.023944066746031722
pattern matching,0.024268110634920625
text classification,0.025821132460317475
natural language processing,0.026320967619047564
command-line interface,0.027364138650793624
word embedding,0.02933108269841267
natural language understanding,0.029702668809523713
Semantic Web,0.03064974293650785
named-entity recognition,0.031501916269841335
sentiment analysis,0.03412391674603177
Parser combinator,0.03419013666666665
operating system,0.035304352460317545
information retrieval,0.036733150793650804
embedded system,0.03707787222222225
compiler,0.03804720428571429
object–relational mapping,0.04468393484126987
package management system,0.056873719285714275
