domain,diff
static site generator,0.00017951444444441744
information processing,0.0004273244444444879
distributed multimedia communications platform,0.0005948899999999591
front end,0.0005978666666667243
microservices,0.0006649766666667056
email,0.0006682900000000158
language model,0.0011485794444444086
Web Components,0.0014570222222222151
client,0.0016207122222222647
test automation,0.0017293305555556304
big data,0.0019374738888888188
benchmark,0.002295680555555596
website,0.0023210972222222903
Kalman filter,0.002483634444444466
e-commerce,0.0026528777777778123
augmented reality,0.003344019444444457
smart contract,0.003418102777777876
electronic trading platform,0.003436708888888834
search engine,0.0035253599999999774
algorithm,0.0036390183333333548
algorithmic trading,0.003966932777777765
logging,0.00431595611111113
internet of things,0.004361405555555559
data compression,0.004413374444444451
Containerization,0.004602375555555593
geographic information system,0.0047051172222222215
distributed computing,0.004946433888888879
blockchain,0.005005669444444416
penetration test,0.005281132777777808
data,0.005428715000000028
distributed database,0.005480943333333377
deep learning,0.0056535233333333546
deep neural network,0.005748858333333329
instant messaging,0.005848234444444489
reinforcement learning,0.006105133333333318
natural language,0.0065330633333333665
web service,0.0066658238888888666
data structure,0.0067942872222221395
encryption,0.007224979444444446
server,0.007328696111111144
web application security,0.0073757833333333855
search,0.00760359666666674
graphical user interface,0.007739807222222228
static program analysis tool,0.007876186111111072
game engine,0.008135280000000022
HTTP client,0.008184498888888891
sorting algorithm,0.008369050000000017
logistic regression model,0.00849047333333336
World Wide Web,0.00860988555555564
telecommunications network,0.008646492222222218
3D modeling,0.00916666833333335
education,0.009209278888888811
computer science,0.009244504444444412
artificial intelligence,0.0094744538888889
user interface,0.009808448888888988
translation,0.010264359444444399
convolutional neural network,0.010302768888888814
text editor,0.010322867777777744
database,0.010368383888888888
design,0.010634590555555545
data mining,0.010825489444444503
artificial neural network,0.011287156666666687
software testing,0.01143160111111119
interpreter,0.011462038888888887
documentation,0.01183573833333329
automation,0.012189642777777787
application performance management,0.012408293888888755
static program analysis,0.012701084999999945
genetic algorithm,0.012719309444444438
security,0.013044963888888872
File Transfer Protocol,0.01306081444444443
"extract, transform, load",0.013112028333333359
machine learning,0.013257023888888886
text processing,0.013926818333333368
computer data storage,0.01396174833333333
stream processing,0.0142413194444444
graph algorithm,0.014482765000000009
data science,0.014914343333333357
data analysis,0.015109273333333284
natural language processing,0.01517492444444446
HTTP server,0.015224551111111068
back end,0.015448527777777776
backup,0.015639461111111114
syntax highlighting,0.015844963333333406
recommender system,0.01615791222222221
web application,0.016313046111111118
optical character recognition,0.016370637777777752
cloud computing,0.016683542222222264
authentication,0.017231307777777816
regression analysis,0.017367465555555572
time series,0.01744840111111101
plot,0.0182134344444444
Semantic Web,0.01825574555555559
content management system,0.01892520277777776
natural language understanding,0.019147484999999964
file system,0.019260253333333255
data binding,0.019432702222222153
random forest,0.020091299444444488
distributed system,0.02084221388888885
streaming media,0.020899281111111112
named-entity recognition,0.021048652777777788
unit testing,0.021299462222222176
data visualization,0.0216883044444445
word embedding,0.021771251111111112
web server,0.02203282888888891
analytics,0.02205556722222224
web development,0.022160857222222247
information retrieval,0.022348126111111144
regular expression,0.022747341111111152
semi-supervised learning,0.02281038111111111
text mining,0.023025527222222286
command-line interface,0.023931440555555628
text classification,0.024180666666666684
cluster analysis,0.025711511666666687
object detection,0.02665901388888886
pattern matching,0.02672174555555562
linear regression,0.028242773888888933
support vector machine,0.02887650388888885
question answering,0.03222787944444455
sentiment analysis,0.03409920222222229
embedded system,0.034573025000000035
validator,0.034734280000000006
operating system,0.0360808311111111
graph database,0.03611525777777774
linear algebra,0.03662248999999998
computer configuration,0.0369627055555555
object–relational mapping,0.04182848166666664
Parser combinator,0.04502433388888888
package management system,0.05734343777777773
