domain,diff
deep learning,9.805333333332e-05
big data,0.0003063727777777303
text classification,0.0007131761111111024
machine learning,0.000994786666666636
router,0.001134082777777795
static site generator,0.0014633411111110717
analytics,0.0014675933333332947
artificial neural network,0.001733119999999977
recommender system,0.002046039444444453
digital image processing,0.002187416111111118
text processing,0.0023226477777777976
streaming media,0.002384320555555597
logistic regression model,0.0024251416666666303
computer vision,0.0030066622222221784
kernel,0.003228865000000025
computer graphics,0.0034216594444443915
random forest,0.0036847999999999326
image recognition,0.0038932477777778307
blockchain,0.004739754444444411
instant messaging,0.004797179444444355
website,0.004873677777777863
computer data storage,0.004923479444444379
long short-term memory,0.005011990000000077
deep neural network,0.005570842222222205
question answering,0.005683275000000043
named-entity recognition,0.005980230555555521
text mining,0.006594290555555438
face detection,0.006749808888888875
telecommunications network,0.006948795000000008
distributed multimedia communications platform,0.00725512055555555
search engine,0.007522130000000071
geographic information system,0.007705030000000057
search,0.00783588388888884
front end,0.008162364444444403
data analysis,0.008376873333333312
image segmentation,0.008404895555555514
encryption,0.008737021666666678
static program analysis,0.008786783888888927
Kalman filter,0.008837275000000033
HTTP server,0.009163595000000024
artificial intelligence,0.00919352722222222
Semantic Web,0.00927110944444448
World Wide Web,0.009536879444444424
data,0.009548080555555616
signal processing,0.00961958444444444
computer benchmarking,0.009768503888888891
benchmark,0.009834198333333377
penetration test,0.010144193333333301
object detection,0.010241477222222295
web crawler,0.010319131666666648
backup,0.010638136666666714
algorithm,0.010882915000000049
File Transfer Protocol,0.011242831111111101
information retrieval,0.01156491055555553
file system,0.011570416111111093
audio signal processing,0.011682006111111143
time series,0.011716229999999939
server,0.013431874444444464
cluster analysis,0.01388817888888888
information processing,0.014148103333333328
stream processing,0.014671645555555612
smart contract,0.014806087222222236
microservices,0.014926727777777732
authentication,0.01626071111111113
natural language understanding,0.016831686666666623
database,0.016928752777777722
web server,0.017162241111111087
language model,0.017187326111111123
object–relational mapping,0.017360855000000064
mathematical optimization,0.017542319444444454
logging,0.017802302777777834
graphical user interface,0.0183467455555556
optical character recognition,0.018745443333333334
data binding,0.019135422777777744
graph database,0.01954886
game engine,0.019959581111111097
word embedding,0.020093605555555505
regular expression,0.02031208055555561
back end,0.02078794444444443
data compression,0.020811663888888943
Parser combinator,0.020866927777777766
sorting algorithm,0.021483747777777867
graph algorithm,0.021561556666666676
test automation,0.022831175555555527
facial recognition system,0.023334542777777717
interpreter,0.024200788333333362
user interface,0.02468034111111117
natural language processing,0.025443905555555535
linear regression,0.025961983333333327
compiler,0.026728612222222226
distributed system,0.027713833333333326
mathematics,0.029624588333333424
data structure,0.02989892055555554
mobile application development,0.03081866166666672
pattern matching,0.03100983388888895
support vector machine,0.031073491111111184
automation,0.032929795555555585
embedded system,0.03451764333333335
software testing,0.034971054444444455
documentation,0.038068382777777854
command-line interface,0.04115608666666662
content management system,0.04197573166666668
operating system,0.04426789277777782
linear algebra,0.04686564833333334
package management system,0.07779622388888885
