domain,diff
syntax highlighting,6.88419047619182e-05
streaming media,7.66569047618848e-05
simulation,0.00015244523809515576
digital security,0.00019005325396828643
game server,0.0004541225396825499
shell tool,0.0005121410317460717
facial recognition system,0.0006632299999999591
scheduler,0.001043108968253964
HTTP client,0.0012982866666667037
distributed system,0.0019110722222221987
HTTP server,0.002107745476190498
computer science,0.0021720427777778273
router,0.002518062063492088
file system,0.002587490555555516
client,0.0027385682539682876
cloud computing,0.002874101825396852
logging,0.0033326498412698524
database,0.0033940439682539902
text editor,0.003472987539682504
web server,0.00372933626984126
front end,0.0038561688095237745
information processing,0.004129896904761898
backup,0.0049925318253968565
"extract, transform, load",0.005027345000000016
mobile application development,0.005165640714285685
telecommunications network,0.005822848968254024
web service,0.006340823333333356
server,0.006495403253968246
penetration test,0.006539869841269863
back end,0.0065973913492063385
web application security,0.006850114523809542
kernel,0.006949325555555608
middleware,0.007207377619047661
encryption,0.007225764999999995
computer data storage,0.007416975476190468
network monitoring,0.007426497142857119
dependency injection,0.007615298650793523
web browser,0.00782532833333327
object-oriented programming,0.00813650460317461
speech synthesis,0.00814860230158726
game engine,0.008343921825396838
interpreter,0.00837164603174606
graphical user interface,0.008432740317460274
translation,0.008779286190476243
database management,0.008962501507936482
search,0.009157329603174558
smart contract,0.009200498095238152
test automation,0.009394943968254021
static site generator,0.009524661587301642
World Wide Web,0.01038515785714289
digital audio,0.010385160158730117
user interface,0.010460170238095257
Web Components,0.010616503571428626
security,0.010839870476190505
code generation,0.01091594404761903
instant messaging,0.01104011960317458
File Transfer Protocol,0.011057358095238112
natural language,0.011085793650793652
software testing,0.011771383015873105
logistic regression model,0.011948957063492083
compiler,0.012172694999999956
distributed computing,0.012229918492063452
web application,0.013637185317460387
application performance management,0.013691659603174644
artificial intelligence,0.01377907246031751
content management system,0.013924109047619038
classification,0.013967395238095315
Kalman filter,0.014019580555555494
blockchain,0.01423267396825395
image editing,0.01504771047619044
embedded system,0.015118290793650735
computational biology,0.015358409603174583
signal processing,0.015439998809523792
natural language processing,0.016337239761904876
unit testing,0.016420425793650828
geographic information system,0.016590382539682536
static program analysis tool,0.016590482698412734
web development,0.016664715079365122
language model,0.016873674841269892
regression analysis,0.016877241825396794
schema migration,0.01699514460317464
plot,0.017106251587301557
automation,0.0173325242857143
internet of things,0.017365619841269858
password manager,0.01775793047619048
website,0.01776492619047615
algorithm,0.01777077349206352
distributed database,0.019111983095238094
artificial neural network,0.019130011349206444
audio signal processing,0.019626062063492017
validator,0.019657748492063476
web crawler,0.02009016476190484
synchronization,0.020363261825396856
time series,0.02039478785714291
image recognition,0.02040870388888888
analytics,0.020507239761904716
microservices,0.02064219285714286
search engine,0.02071639523809532
Naive Bayes classifier,0.021142188968253983
regular expression,0.021269797301587318
design,0.021325212380952335
data analysis,0.02141484706349206
digital image processing,0.02148368087301583
anomaly detection,0.021593085634920628
automated machine learning,0.02167454531746027
recommender system,0.021900285634920663
software development,0.022121460952380934
information extraction,0.022446239761904796
face detection,0.022887456269841233
Image analysis,0.02290247928571426
benchmark,0.02316222055555553
software design pattern,0.02355496309523808
static program analysis,0.023652384126984116
big data,0.02402282452380955
operating system,0.024124828174603236
data mining,0.024757663333333402
computer vision,0.024961546349206387
functional programming,0.025433581269841132
statistics,0.02557947936507937
data,0.025785653174603185
command-line interface,0.026210478650793623
named-entity recognition,0.026219622698412715
data compression,0.026531876825396816
text processing,0.026899080396825426
mathematical optimization,0.027370225000000026
reinforcement learning,0.02738983007936513
image compression,0.02739630365079368
deep learning,0.027406109523809535
natural language understanding,0.027431896666666566
data binding,0.027562475158730115
evolutionary algorithm,0.028019624444444446
machine learning,0.02814919484126982
text mining,0.028413551269841242
mathematics,0.028529845555555544
data science,0.029577981666666642
sorting algorithm,0.029879190476190476
image segmentation,0.030160741984126993
hyperparameter optimization,0.03019003753968247
serialization,0.03028698595238094
question answering,0.030367649206349212
Semantic Web,0.032181958650793596
deep neural network,0.032201932142857104
stream processing,0.032670076825396854
Q-learning,0.033018483730158726
object detection,0.033910007380952456
random forest,0.03404026150793654
semi-supervised learning,0.034210541984126985
text classification,0.034254936031746064
genetic algorithm,0.03430174214285717
sentiment analysis,0.03477315388888885
mathematical finance,0.034779222063492016
topic modeling,0.035615752936507955
computer configuration,0.035834672301587295
parsing,0.036613007063491965
cluster analysis,0.036750663015872986
information retrieval,0.037115232936507925
linear regression,0.03714963626984122
geometry,0.03773220642857139
convolutional neural network,0.03796065388888886
graph algorithm,0.04049020341269843
data structure,0.04072558095238088
support vector machine,0.040876128968254044
data visualization,0.040928142380952326
knowledge graph,0.041553272063492075
optical character recognition,0.04286415365079366
long short-term memory,0.0436191836507937
Parser combinator,0.04380171166666669
word embedding,0.045184527698412635
pattern matching,0.04730154634920636
package management system,0.04896473000000007
linear algebra,0.04972221436507945
graph database,0.05484373293650793
object–relational mapping,0.06691661555555556
