domain,diff
geographic information system,7.309103174601983e-05
Web Components,0.00040518571428577177
authentication,0.00041640452380953263
security,0.0005677769047619519
image,0.0005786845238095195
cluster analysis,0.0010177562698411857
smart contract,0.0010548111904761792
digital security,0.0011226218253967968
time series,0.0012482214285714222
website,0.0013873773809524037
sentiment analysis,0.0020588032539682333
digital audio,0.0022408412698412816
Semantic Web,0.0024331970634920985
face detection,0.0025123337301587445
front end,0.0026362416666667055
data,0.0036143167460317427
data structure,0.0036956583333333515
graph database,0.003754547936507896
penetration test,0.0038230873015873135
cryptography,0.003931733809523802
word embedding,0.004236343730158687
data visualization,0.004290190238095237
schema migration,0.004291441111111127
web service,0.004439832380952358
stream processing,0.004499413174603228
web application security,0.004870544047619024
text processing,0.005663294603174551
linear regression,0.005807747301587285
instant messaging,0.0071609481746030546
client,0.00729615174603182
telecommunications network,0.007736846746031756
data science,0.00838480761904764
information retrieval,0.008776342063492037
microservices,0.00888930785714287
design,0.00892216166666665
benchmark,0.00905400587301583
artificial neural network,0.009594795793650746
support vector machine,0.009620816746031713
data analysis,0.009623714365079306
password manager,0.010016210476190446
named-entity recognition,0.010072340158730153
server,0.01007888388888889
object detection,0.010148511190476217
data compression,0.01027167746031743
sorting algorithm,0.010389990238095226
text mining,0.010750473015872952
optical character recognition,0.010784382936507964
image segmentation,0.011148862301587265
text classification,0.011305317539682613
user interface,0.01135840452380954
backup,0.011471011031745998
logging,0.011824139126984157
computer data storage,0.012175976666666699
web application,0.012176668174603167
translation,0.012307322380952362
text editor,0.01242549603174592
HTTP server,0.012739274761904756
graphical user interface,0.012947513174603131
streaming media,0.013432676190476167
object-oriented programming,0.013632446825396716
unit testing,0.0138846965079365
web crawler,0.0139797116666667
World Wide Web,0.01412365214285713
test automation,0.014236311825396863
font,0.014423017936507937
recommender system,0.014603787936507906
File Transfer Protocol,0.014747011904761936
dependency injection,0.01516358579365068
database,0.015170024603174515
static program analysis,0.015170548015873087
convolutional neural network,0.016439165396825384
deep neural network,0.01676417428571428
validator,0.017406863492063468
Parser combinator,0.017451660952380932
algorithm,0.01826213293650797
big data,0.019475800476190464
hyperparameter optimization,0.019641228174603176
digital image processing,0.019756746984126994
information processing,0.019930063095238093
game engine,0.020179740396825352
data mining,0.020600101666666676
language model,0.021002857301587297
static program analysis tool,0.021017126587301538
distributed computing,0.021372415793650762
back end,0.021438751349206392
object–relational mapping,0.02154818769841277
automation,0.02157365499999997
deep learning,0.022744813333333308
image recognition,0.022980522539682607
web server,0.023260169126984143
mobile application development,0.02348826285714284
facial recognition system,0.023572299285714332
natural language processing,0.024925366666666726
computer vision,0.025064379365079298
file system,0.02529303301587299
classification,0.02591885833333335
database management,0.026707905079365074
pattern matching,0.027402197777777748
computer science,0.02831636507936508
application performance management,0.029810616031746007
machine learning,0.030216329444444495
cloud computing,0.030629898888888868
serialization,0.03158845380952385
command-line interface,0.031735572222222175
data binding,0.031801076587301635
automated machine learning,0.032001868968253855
software testing,0.03210763658730156
distributed system,0.034294130079365104
content management system,0.03430600690476193
regular expression,0.03608773301587301
compiler,0.038191646428571396
computer configuration,0.03946704444444446
embedded system,0.04353194293650789
operating system,0.04478907888888892
package management system,0.08300154714285721
