domain,diff
text classification,0.0002594331250000137
sorting algorithm,0.000560784732142855
lexical analysis,0.001682132053571428
scheduler,0.0018409205357142744
question answering,0.0023129333928571805
deep neural network,0.002340023214285669
rendering,0.0025448033928570646
Naive Bayes classifier,0.0025471253571428543
stream processing,0.0025651050892856464
linear regression,0.00295295125000003
data visualization,0.0032607086607143176
data analysis,0.003652426339285725
analytics,0.004102950357142837
test automation,0.004298073749999992
web crawler,0.004332221875000014
schema migration,0.004394870803571427
password manager,0.0045187538392857385
camera,0.004868909732142823
natural language processing,0.005002697410714296
data mining,0.0055118432142857166
validator,0.005631875535714259
natural language understanding,0.005650503839285725
server,0.005780292500000006
web service,0.005828781428571517
web application security,0.0059125707142857475
application performance management,0.006067102232142879
sentiment analysis,0.006428400892857178
natural language,0.006471446160714267
language model,0.006471678303571482
geographic information system,0.006755441160714248
long short-term memory,0.006868495803571351
distributed database,0.006896775982142889
graph database,0.007039691696428513
image captioning,0.007057267946428608
instant messaging,0.007342661964285735
artificial neural network,0.007351151874999962
deep learning,0.007460398035714327
graphical user interface,0.008060260982142853
classification,0.008164151607142844
computer data storage,0.00840141696428573
router,0.008447867857142827
automation,0.008705968482142834
face detection,0.008712437500000003
facial recognition system,0.008956054285714277
user interface,0.009033861874999993
text processing,0.00913323669642857
finance,0.009165215982142844
synchronization,0.009174112857142869
unit testing,0.009966370803571434
Kalman filter,0.010124263660714256
algorithm,0.010222561964285698
artificial intelligence,0.010224200178571424
logging,0.010493694464285691
regression analysis,0.01057617383928569
image,0.010833492767857167
banking industry,0.010876731785714272
time series,0.011046578750000008
optical character recognition,0.011080135089285736
linear algebra,0.011150590089285678
embedded system,0.011287492857142811
web application,0.011387939821428522
static program analysis,0.01162901241071429
HTTP server,0.01184441214285717
email,0.0119835225892857
data science,0.01203460464285716
convolutional neural network,0.012255305892857199
middleware,0.012306451250000017
big data,0.012932846428571426
plot,0.012962120357142892
encryption,0.013025728303571432
database,0.014003135624999996
image recognition,0.014059731696428573
mobile application development,0.014095099285714285
Web Components,0.014129896964285682
database management,0.014227200089285741
front end,0.014237101607142866
data structure,0.014439043482142838
recurrent neural network,0.014667914553571443
translation,0.014741901785714273
data,0.014905709642857146
information processing,0.014996675625000011
back end,0.015035016875000001
penetration test,0.015423126785714308
e-commerce,0.015545993125000046
search,0.016508915803571445
web server,0.017549923035714288
website,0.017609554910714253
game engine,0.017977635089285682
text editor,0.018019781250000005
security,0.018094095446428593
cryptocurrency,0.01825456000000003
signal processing,0.01842642839285713
object detection,0.018500907500000052
machine learning,0.018632686160714312
World Wide Web,0.019121459642857108
support vector machine,0.019173627857142883
Parser combinator,0.0194426629464286
digital image processing,0.019608915535714283
mathematics,0.019954304196428574
functional programming,0.02047211812499994
HTTP client,0.020802693571428554
telecommunications network,0.020827934910714274
regular expression,0.021417108124999973
cryptography,0.021492550714285685
dependency injection,0.02160861517857149
pattern matching,0.021966760267857127
audio signal processing,0.022105733214285744
speech synthesis,0.02293681133928574
static program analysis tool,0.022996773571428597
data compression,0.023273099464285685
mathematical finance,0.02352792098214282
backup,0.024319025178571402
graph algorithm,0.02478532794642857
animation,0.025319554374999997
benchmark,0.026378195178571456
image segmentation,0.027427665267857143
smart contract,0.02796905241071429
parsing,0.02803644321428575
3D modeling,0.02826757642857139
microservices,0.028362441160714236
computational science,0.028832214553571378
command-line interface,0.029223042500000018
computer configuration,0.029402797053571433
cloud computing,0.029476509910714266
recommender system,0.029480785535714316
computer science,0.029577111250000038
network analysis,0.029871707321428603
static site generator,0.03034406991071431
blockchain,0.03134399830357146
computer vision,0.0335976538392857
object–relational mapping,0.03367363116071431
Malware Analysis,0.03409635125000002
compiler,0.03441084205357142
distributed system,0.034543996607142885
operating system,0.035087320446428566
distributed computing,0.035646640000000035
virtual machine,0.0359585175892857
3D computer graphics,0.03650190955357144
malware,0.03671755937500007
serialization,0.03786058232142861
streaming media,0.0390397600892857
virtualization,0.04010529437499999
client,0.04020089624999995
computer programming,0.042394029999999944
software testing,0.0459673007142857
File Transfer Protocol,0.04602903107142853
file system,0.04967684491071425
code generation,0.05190575982142859
content management system,0.05358579901785718
software development,0.05541760723214295
data binding,0.0569375003571429
package management system,0.07362355625000003
