domain,diff
linear regression,0.000418088571428582
website,0.001743174206349285
computer data storage,0.0017722793650793989
software architecture,0.0018757493650793933
cloud computing,0.0021157472222222418
microservices,0.00353133944444442
visualization,0.0036338373809524094
benchmark,0.0036763658730158966
unit testing,0.004068059285714298
data,0.004635303015873005
cluster analysis,0.005011072539682526
logging,0.007302010793650782
dependency injection,0.007426259999999962
user interface,0.007429345793650788
test automation,0.008370630158730186
graphical user interface,0.008605085476190488
software testing,0.008772353571428582
client,0.009578442301587331
big data,0.00983092460317464
graph,0.009852977619047687
image,0.010354190476190461
data analysis,0.0103717917460317
knowledge graph,0.010421593492063508
smart contract,0.01077394015873015
object–relational mapping,0.012171668968254057
graph database,0.012357758253968343
data visualization,0.01375884753968254
streaming media,0.013857686269841268
kernel,0.014672723412698374
file system,0.014810497539682499
command-line interface,0.014869170476190408
server,0.015556372857142842
data mining,0.01583525404761904
back end,0.01626406865079366
database,0.016657620714285726
web service,0.01718205150793653
machine learning,0.02012263420634916
object detection,0.020722878809523754
security,0.021889038888888823
penetration test,0.023226395555555557
World Wide Web,0.024368920158730156
continuous deployment,0.024813038253968273
database management,0.02487714849206346
web server,0.024960928730158732
automation,0.02519273880952383
static site generator,0.02533801492063492
serialization,0.025582302380952437
HTTP server,0.02844789825396829
regular expression,0.02871470769841264
compiler,0.0291953977777778
web application security,0.03152253619047618
distributed computing,0.0316207298412699
data binding,0.03194822055555552
static program analysis tool,0.03236927119047617
graph algorithm,0.03296552380952378
natural language processing,0.03301211944444449
image segmentation,0.0351452508730159
data structure,0.03538763317460314
static program analysis,0.036805969920634896
support vector machine,0.0400129048412699
deep learning,0.042663567222222226
package management system,0.04315948468253977
computational science,0.04324366650793651
machine translation,0.044650990079365016
language model,0.04549321404761908
algorithm,0.05046342674603177
instant messaging,0.05220737690476199
web crawler,0.05233084555555553
telecommunications network,0.05530585595238097
pattern matching,0.05615248380952384
text processing,0.05663991238095242
interpreter,0.05793478317460321
stream processing,0.05932019095238092
code generation,0.062474871984127045
