domain,diff
continuous integration,0.0011641900000000094
HTTP server,0.001570242857142884
application performance management,0.00207885714285716
object detection,0.002173476428571408
security,0.002554564999999953
linear regression,0.002773125714285729
data analysis,0.004156731428571453
machine learning,0.004353832142857145
server,0.0044994121428570955
web application security,0.004634477857142882
automation,0.005302507142857127
smart contract,0.005554582142857145
World Wide Web,0.0064069128571428435
stream processing,0.00690795071428571
back end,0.007079885714285639
website,0.007387816428571392
telecommunications network,0.007788115714285698
static program analysis,0.007976974999999997
user interface,0.00841574571428566
text editor,0.008590275714285722
big data,0.008873096428571425
language model,0.009037440714285694
web crawler,0.009049107142857143
benchmark,0.009649502857142861
microservices,0.010605797142857198
pattern matching,0.010815020714285722
unit testing,0.01093036642857137
data visualization,0.010985022142857126
DevOps,0.01111487357142854
web server,0.011416860714285715
cloud computing,0.011423975714285689
web browser engine,0.011550802857142883
web application,0.011571619285714263
data compression,0.012135563571428587
graphical user interface,0.012166729285714273
web browser,0.012436717142857073
analytics,0.013012373571428537
support vector machine,0.013510435000000015
instant messaging,0.014518322142857143
File Transfer Protocol,0.014873239285714296
signal processing,0.015002332857142836
client,0.015611243571428568
cluster analysis,0.01587861071428573
test automation,0.015957975714285755
front end,0.017438138571428508
computer configuration,0.01794268071428573
embedded system,0.02131148071428568
penetration test,0.02305405714285716
Parser combinator,0.024143641428571422
game engine,0.024577432857142867
content management system,0.024664702857142895
text processing,0.025122820000000018
data,0.02625843857142862
web service,0.02707638357142858
information processing,0.027753682857142886
regular expression,0.028868281428571452
package management system,0.029744419999999994
database,0.029745170000000015
data structure,0.030046926428571374
parsing,0.0338413528571429
schema migration,0.03384383285714285
validator,0.03538319714285712
streaming media,0.03791090428571431
software testing,0.04028631999999999
Web Components,0.04120079214285716
file system,0.0427626221428572
text classification,0.043540226428571416
serialization,0.04591850857142851
3D modeling,0.04989955500000001
command-line interface,0.055794640714285804
object–relational mapping,0.05799219214285711
Semantic Web,0.05846709571428574
data binding,0.06496841642857146
