domain,diff
file system,0.00018262666666662986
automation,0.0008874400000000171
data visualization,0.0030112277777778473
static program analysis tool,0.0030361655555555256
visualization,0.0031629561111111704
user interface,0.003756770555555511
client,0.004241923333333342
benchmark,0.004315710555555546
web application,0.005309575000000011
website,0.005635386111111085
regular expression,0.005997622777777795
big data,0.006470236666666684
static program analysis,0.006784195555555539
data,0.008139068333333277
linear regression,0.008145865555555604
data structure,0.00966998166666666
data analysis,0.009723141666666657
database,0.009843185555555634
computer data storage,0.00988087111111105
data binding,0.011631432222222265
software testing,0.01500128999999989
logging,0.015904351111111104
web service,0.019288064999999965
data mining,0.019744055555555556
time series,0.02006054388888892
encryption,0.021687760555555546
graph,0.022041102777777877
penetration test,0.022537661111111107
knowledge graph,0.022839830000000005
streaming media,0.023691821666666668
cluster analysis,0.024099407777777748
language model,0.02480250388888902
natural language processing,0.02491389055555554
test automation,0.02561980944444453
World Wide Web,0.027123662777777807
machine learning,0.027445065000000046
unit testing,0.030713774444444453
object detection,0.03177575388888887
microservices,0.03389259833333333
sorting algorithm,0.034232499444444425
web application security,0.03499340555555558
graph database,0.035206681666666684
algorithm,0.03575459777777773
HTTP server,0.03835730388888889
File Transfer Protocol,0.03909855777777779
computational science,0.04064313055555563
support vector machine,0.04187987611111116
server,0.043096926666666646
web server,0.043466001111111124
package management system,0.04673772444444446
game server,0.05361599888888893
distributed system,0.05473500666666667
instant messaging,0.05882325277777775
graph algorithm,0.0626998955555555
telecommunications network,0.0716880005555556
social network,0.079116145
