domain,diff
question answering,0.001316997222222227
text processing,0.001422017222222155
distributed system,0.0014607538888888882
operating system,0.002011550555555547
back end,0.003684682222222291
World Wide Web,0.004279061666666695
test automation,0.004455611111111091
smart contract,0.00450185166666664
client,0.004595050555555535
graphical user interface,0.005730754999999976
computer configuration,0.005848833333333359
microservices,0.0060558377777777395
stream processing,0.006101321111111113
web service,0.006220895555555522
user interface,0.007273030000000014
static program analysis tool,0.007526010555555573
streaming media,0.007606066666666744
information processing,0.007618416666666683
automation,0.008489944444444453
deep learning,0.008647230555555552
distributed computing,0.00877556777777777
penetration test,0.009271978333333347
web scraping,0.009476902222222222
support vector machine,0.00960867444444441
File Transfer Protocol,0.009992621666666646
computational science,0.010110626111111076
word embedding,0.010417420555555529
logging,0.010827607777777748
file system,0.013309969999999977
information retrieval,0.013311632222222175
security,0.013886320555555581
web application,0.014768092222222168
kernel,0.015115073333333284
WebSocket,0.01598572499999998
backup,0.016417560555555516
algorithm,0.016430681666666697
object detection,0.016806669999999996
static program analysis,0.016989923333333323
server,0.017252009999999984
web server,0.0176287716666666
continuous integration,0.019315579444444397
e-commerce,0.02041845055555555
web application security,0.020558013333333347
website,0.021000413888888958
pattern matching,0.022015966111111146
HTTP server,0.022414078888888883
sorting algorithm,0.022475718333333394
content management system,0.022676766666666626
telecommunications network,0.02313141499999999
distributed multimedia communications platform,0.023415510555555574
web browser engine,0.02397018055555558
HTTP client,0.02676499722222217
education,0.02687521000000001
data binding,0.02879382333333333
benchmark,0.029122652777777758
software testing,0.0313492755555555
instant messaging,0.03277049666666665
package management system,0.03376446833333335
distributed database,0.03398804277777784
software development,0.03481291388888891
regular expression,0.03694785777777779
linear regression,0.0378253572222223
shell tool,0.04281503499999989
game server,0.04344297055555554
database,0.04352498111111114
command-line interface,0.04509985611111117
data structure,0.05024445111111109
interpreter,0.05028270888888897
graph algorithm,0.05165829222222218
documentation,0.052477077777777714
big data,0.05348367333333337
data,0.05430955333333329
analytics,0.06156359277777779
graph,0.06932093999999997
