domain,diff
logistic regression model,0.0001915422222222296
graph database,0.00025385166666669345
graphical user interface,0.0004204738888888837
user interface,0.000531222777777729
cloud computing,0.0006131416666666223
mobile application development,0.0006184538888889257
network monitoring,0.0006192694444444591
shell tool,0.0006541233333333119
topic modeling,0.0007035972222222686
random forest,0.0007147555555556129
Semantic Web,0.0009451349999999303
virtualization,0.0009613383333333669
microservices,0.0014078216666666976
data,0.0014467772222221953
compiler,0.0019617005555555567
World Wide Web,0.002117854999999974
back end,0.0021718572222221844
application performance management,0.002626483888888864
search engine,0.002699743333333282
visualization,0.0028547594444444657
syntax highlighting,0.002871011666666645
web service,0.002876457222222212
data science,0.0028940872222222025
debugger,0.0029791611111111282
text editor,0.003117336111111091
e-commerce,0.0033236438888888664
Image analysis,0.003657791666666743
big data,0.0036748255555556497
cluster analysis,0.0037122099999999936
graph,0.0037845044444444476
search,0.003784837777777772
front end,0.004144592777777734
text mining,0.004307756111111033
linear regression,0.004386259444444457
security,0.004404365555555484
distributed database,0.004834944444444406
schema migration,0.004906483888888924
automation,0.004994130555555587
streaming media,0.0050697922222222025
penetration test,0.0050882266666666676
kernel,0.005132353888888941
database,0.0051735827777777965
lexical analysis,0.005476877222222232
computer graphics,0.005492627777777759
physics,0.005607153888888855
knowledge graph,0.005728213888888833
sentiment analysis,0.0058301938888888905
3D modeling,0.006385425555555574
Malware Analysis,0.006391385000000027
virtual machine,0.006542467777777811
command-line interface,0.006592633333333264
web server,0.006615450555555569
3D computer graphics,0.00682744111111111
web application,0.006917741666666644
stock market,0.006968319444444454
file system,0.007282615555555538
data mining,0.00733817722222227
benchmark,0.007682506111111098
classification,0.007723270555555578
logging,0.007749914999999941
authentication,0.008046073333333292
static program analysis tool,0.008188656666666683
software design pattern,0.008391386111111121
regression analysis,0.008502871111111115
"extract, transform, load",0.008513347222222134
plot,0.008542435000000015
distributed computing,0.008582911111111091
data visualization,0.008609353333333403
electronic trading platform,0.008631349444444408
computer data storage,0.008826448888888894
operating system,0.009006921111111094
website,0.009021117222222208
smart contract,0.00905925055555562
object-oriented programming,0.009372920000000062
Reverse engineering,0.010010476666666657
geometry,0.010031149444444387
static site generator,0.010170502222222155
recommender system,0.010237737222222237
continuous integration,0.010333052222222222
geographic information system,0.010346339444444436
mathematical optimization,0.010805613888888899
web application security,0.01080671166666669
software architecture,0.010870810555555555
client,0.011069720000000005
design,0.011169111111111185
distributed system,0.011194306111111108
backup,0.011441558888888842
HTTP client,0.011489783333333337
digital security,0.011575596666666715
server,0.011735145555555548
image,0.012419633333333374
computer benchmarking,0.013328652222222237
internet of things,0.013713586666666722
data analysis,0.013738805555555567
middleware,0.013786108888888898
anomaly detection,0.013899140000000004
education,0.014128571666666645
object detection,0.014141057777777855
static program analysis,0.014416598333333308
camera,0.014557921111111122
blockchain,0.014723747222222222
HTTP server,0.014761254444444427
computer vision,0.015129329999999969
malware,0.015277256666666739
face detection,0.015336098333333326
dependency injection,0.015600394444444554
graph algorithm,0.01594959833333326
computer science,0.015960893333333392
database management,0.01621173222222222
information retrieval,0.016339614444444484
animation,0.01648123388888892
digital audio,0.016874557777777743
validator,0.017003677222222235
unit testing,0.017039489444444444
virtual reality,0.017156686111111097
File Transfer Protocol,0.01719691333333337
image recognition,0.0172605033333334
code generation,0.01740017333333338
machine learning,0.01750922166666677
Naive Bayes classifier,0.01767660277777769
simulation,0.017869551666666705
scheduler,0.01843908333333341
continuous delivery,0.0187616988888889
image captioning,0.01876859333333325
translation,0.019458172777777782
web scraping,0.01955658499999996
digital image processing,0.019658582777777767
question answering,0.02064366055555561
natural language processing,0.02075192833333342
data structure,0.02077556444444445
data compression,0.02083738555555556
evolutionary algorithm,0.020874578333333338
analytics,0.020944076666666728
test automation,0.020950878333333367
natural language understanding,0.021133989999999936
router,0.021337461666666724
text classification,0.021544998333333315
Web Components,0.021774718333333387
distributed multimedia communications platform,0.021781962222222256
information processing,0.02179940777777778
natural language,0.021867256111111066
computational science,0.022099046666666677
linear algebra,0.02226402944444439
password manager,0.022290746111111148
telecommunications network,0.023492655555555575
computer configuration,0.023578697222222222
time series,0.02370277444444449
facial recognition system,0.024067674999999983
game server,0.02418105333333337
data binding,0.024300425000000014
word embedding,0.024335953333333354
cryptocurrency,0.02434904111111108
content management system,0.024491310000000044
web browser engine,0.02449184111111108
regular expression,0.02498178388888897
web crawler,0.025177675000000038
object–relational mapping,0.02541020277777778
algorithm,0.025618507777777744
functional programming,0.025841452222222283
software development,0.02619347611111114
named-entity recognition,0.02639904055555553
game engine,0.02702026277777783
support vector machine,0.027078378888888893
continuous deployment,0.027405666666666634
signal processing,0.028047900000000014
embedded system,0.028100099444444443
genetic algorithm,0.02837413388888882
speech synthesis,0.02857669777777777
artificial intelligence,0.02896396055555553
synchronization,0.029223963888888843
encryption,0.02963034277777782
software testing,0.030862632222222297
reactive programming,0.03101399166666674
integrated development environment,0.03156720444444441
speech recognition,0.032142752222222154
deep learning,0.03215640055555552
sorting algorithm,0.03249445277777774
optical character recognition,0.03278915333333335
Kalman filter,0.03308740277777775
audio signal processing,0.03318762555555557
Q-learning,0.033810166111111095
WebSocket,0.03435153833333332
text processing,0.03463523888888895
algorithmic trading,0.03491774333333336
parsing,0.03565573722222226
language model,0.0358687511111111
instant messaging,0.03634039833333333
long short-term memory,0.03745975111111116
artificial neural network,0.03765402333333334
machine translation,0.03782575055555559
interpreter,0.03989431999999998
reinforcement learning,0.04175348833333334
deep neural network,0.04286764388888886
internet bot,0.0431481127777778
stream processing,0.045235027222222196
documentation,0.04695011277777783
convolutional neural network,0.0477509833333333
serialization,0.04910045944444438
pattern matching,0.05042808277777777
Parser combinator,0.051704852222222236
neural machine translation,0.052616480555555456
package management system,0.057832096111111064
quantum computer,0.05939726499999998
recurrent neural network,0.06687999777777773
