domain,diff
dependency injection,6.153055555563336e-05
automation,0.0005550349999999815
computational science,0.0008664977777777527
kernel,0.0008836911111111678
continuous deployment,0.0011201838888889037
command-line interface,0.0012223983333333743
static program analysis,0.001288532222222194
penetration test,0.0015297155555555608
benchmark,0.0019433138888888535
network analysis,0.00249581611111116
machine translation,0.0026086855555555732
machine learning,0.0030843944444444438
time series,0.0032629066666666484
natural language,0.004059843333333341
language model,0.004489719444444373
text classification,0.004826836666666695
data binding,0.004910772777777739
computer data storage,0.005069513333333359
regular expression,0.005493510555555581
information processing,0.005816429444444465
deep learning,0.005916212222222245
validator,0.005935137777777821
sorting algorithm,0.006727350000000021
information retrieval,0.006853300000000007
recommender system,0.007001986111111136
support vector machine,0.007178862222222304
signal processing,0.00727890611111115
static program analysis tool,0.007378231666666679
data compression,0.007543352222222244
website,0.007596283333333342
artificial intelligence,0.008274669444444493
linear algebra,0.008451031111111174
operating system,0.009408136111111104
continuous integration,0.009426565000000053
cluster analysis,0.010149923333333338
big data,0.010807202777777747
user interface,0.01125929888888888
algorithm,0.01199679888888891
object detection,0.01208108277777778
audio signal processing,0.012244962777777701
password manager,0.012684999444444484
linear regression,0.013382772222222228
static site generator,0.013917070000000031
web application,0.014438910555555629
Web Components,0.014516941666666672
World Wide Web,0.014752670555555597
email,0.01508120277777783
back end,0.01578183388888893
computer configuration,0.01709726722222224
file system,0.017594206111111038
security,0.018381541666666695
neural machine translation,0.01838498999999999
pattern matching,0.01929716500000006
long short-term memory,0.019306554444444457
logging,0.019738483333333334
database,0.020882003333333288
unit testing,0.02134575500000005
client,0.022034778888888884
data,0.022137240555555493
graphical user interface,0.0225666072222222
database management,0.022875013333333305
blockchain,0.02352972166666667
compiler,0.023822615555555565
object–relational mapping,0.024248366666666632
content management system,0.024567921111111113
serialization,0.02471253555555561
data structure,0.02700677222222228
distributed database,0.028241253888888845
distributed computing,0.030994127222222223
streaming media,0.03131521500000001
microservices,0.0313803683333333
test automation,0.031813428888888884
middleware,0.03300125555555555
data analysis,0.03372866333333338
analytics,0.03425186666666663
scheduler,0.03435072333333339
software testing,0.034632928333333285
smart contract,0.035555277222222126
synchronization,0.03621557333333328
virtual machine,0.03702365111111111
distributed system,0.03799805055555558
stream processing,0.03914720277777778
web service,0.040281151666666654
telecommunications network,0.0440339933333333
File Transfer Protocol,0.045530552777777844
visualization,0.04572858388888895
web application security,0.04584263666666674
graph algorithm,0.04695648833333335
network security,0.048199643888888866
server,0.05064847333333333
package management system,0.051408872222222235
data visualization,0.05250039222222219
internet bot,0.058276684444444504
game server,0.06062883666666663
web server,0.061109092222222244
graph database,0.06223669666666665
instant messaging,0.06370321444444435
HTTP server,0.0670123366666667
graph,0.07426704
WebSocket,0.07960413500000002
HTTP client,0.08118492000000002
