domain,diff
facial recognition system,0.0001990533333333655
shell tool,0.0004028355555555363
face detection,0.00042534222222223583
parsing,0.0006941530555555353
algorithm,0.000714611944444471
continuous delivery,0.0007832130555556205
data binding,0.001063540555555631
streaming media,0.0011247397222222122
command-line interface,0.0011356316666666921
machine learning,0.0017776794444444577
time series,0.0019876224999999803
backup,0.002009575555555587
continuous integration,0.0020806638888888895
static site generator,0.00228075305555564
back end,0.002364071111111088
dependency injection,0.0024280066666667044
signal processing,0.002704271944444503
support vector machine,0.0029755813888888705
kernel,0.0030437394444444432
compiler,0.0037592011111111656
blockchain,0.004275036111111102
static program analysis tool,0.004286700833333323
digital image processing,0.004539703611111112
language model,0.005021733333333334
search engine,0.005034501111111117
distributed system,0.005362800277777829
web server,0.005416366944444473
object detection,0.005624834999999967
penetration test,0.005666908611111077
web service,0.006086015555555546
recommender system,0.006208862777777768
mobile application development,0.006528364722222207
image,0.0068331466666666785
unit testing,0.00684593
information processing,0.006885951944444413
static program analysis,0.007221012777777758
security,0.007222157222222192
sorting algorithm,0.007269483888888845
File Transfer Protocol,0.00749666861111109
HTTP server,0.007527234444444475
regular expression,0.007744484722222222
computational science,0.0082830805555556
web crawler,0.00832358472222225
computer vision,0.008580374722222256
client,0.008842502777777705
text classification,0.008864947222222197
code generation,0.008883423055555562
image recognition,0.009956624722222251
plot,0.010116851666666676
web application security,0.010126264999999968
geographic information system,0.010202671111111117
user interface,0.010308547777777843
graphical user interface,0.010452626666666687
World Wide Web,0.0107283805555555
HTTP client,0.011187731111111127
automation,0.011670083333333359
telecommunications network,0.011822097499999934
animation,0.011951203611111072
natural language processing,0.012317160555555595
test automation,0.012373083888888914
search,0.013313461111111174
linear regression,0.014182066666666604
object–relational mapping,0.014347560555555638
natural language,0.014726420555555592
serialization,0.015178124166666668
computer data storage,0.015434473611111166
server,0.015774264999999982
embedded system,0.01633623666666667
Semantic Web,0.016354724444444385
smart contract,0.016423591111111024
validator,0.016573174444444422
web browser engine,0.01674949749999996
website,0.017164753055555593
big data,0.018614236388888844
operating system,0.020199013611111122
microservices,0.02033786111111105
logging,0.020537693055555528
web application,0.02057988805555558
software architecture,0.02069201944444443
data structure,0.021004066944444483
pattern matching,0.02148270249999998
interpreter,0.021504875555555553
password manager,0.02224610250000003
stream processing,0.02228055416666666
WebSocket,0.02235363694444442
cluster analysis,0.02241561638888881
game engine,0.022631088333333327
Web Components,0.022863928333333394
deep neural network,0.023604993611111097
instant messaging,0.024201231666666684
data,0.024220978611111055
database,0.0249606441666666
graph algorithm,0.025130671666666715
software testing,0.02525354416666664
software development,0.026310344999999985
computer configuration,0.026539394444444447
visualization,0.02728272083333333
file system,0.03015784611111108
synchronization,0.031525724722222204
analytics,0.03278393277777775
reinforcement learning,0.033355303333333336
content management system,0.03437642888888881
knowledge graph,0.03475921861111103
data visualization,0.035116163611111056
database management,0.03544264527777782
data analysis,0.03585102805555554
graph database,0.037712375277777765
Parser combinator,0.03830200333333328
graph,0.0406611816666666
scheduler,0.04093680666666674
package management system,0.04569408111111112
