domain,diff
data analysis,0.0014311505555555382
server,0.0027620300000000264
security,0.003006480555555552
benchmark,0.0037606427777777673
front end,0.005111845555555605
website,0.005312062222222302
database,0.005718888333333394
compiler,0.005853822222222194
data,0.006846627222222179
test automation,0.007005045555555589
big data,0.008433019444444412
penetration test,0.009058732222222282
HTTP server,0.00909777888888888
automation,0.011658179999999962
search,0.012465748888888933
command-line interface,0.012609681666666595
World Wide Web,0.013332321111111156
web service,0.013676417777777755
streaming media,0.014751557777777785
validator,0.015098947777777844
static program analysis tool,0.016387606666666665
telecommunications network,0.016414213333333372
unit testing,0.01759733333333338
data binding,0.017634087222222206
serialization,0.017653075000000018
translation,0.017775668333333328
File Transfer Protocol,0.01803114388888888
static program analysis,0.019741091111111053
mathematics,0.02037319833333337
file system,0.021119218888888847
embedded system,0.021322528333333313
smart contract,0.021470473888888897
web scraping,0.022721174444444436
software testing,0.02304533833333333
linear regression,0.023787376666666638
interpreter,0.025889588888888954
instant messaging,0.028879673333333383
time series,0.031890093333333314
object detection,0.038273678333333255
stream processing,0.04100722166666662
data structure,0.04161468722222217
speech synthesis,0.042289387222222224
natural language,0.04267011944444449
language model,0.04388119166666665
natural language processing,0.04645348111111108
text classification,0.04742372944444448
data compression,0.04744003055555557
machine learning,0.049745479444444435
package management system,0.05223760444444442
support vector machine,0.05448226388888888
machine translation,0.05577762222222227
text processing,0.05815529833333333
word embedding,0.06003590888888882
artificial neural network,0.0607730405555556
parsing,0.06316595555555565
speech recognition,0.06458637000000006
optical character recognition,0.0741723361111111
neural machine translation,0.07464425833333332
Parser combinator,0.07689293833333338
regular expression,0.08478392722222214
pattern matching,0.1198621700000001
