domain,diff
object detection,0.00016084277777780875
World Wide Web,0.00017290277777778917
sentiment analysis,0.00022713666666673848
dependency injection,0.00029162388888898105
network analysis,0.0012626416666666196
data binding,0.0013157522222221885
web application,0.0013876438888889009
mobile application development,0.0016595772222222083
user interface,0.0023272077777777844
static program analysis,0.0024093066666666108
cloud computing,0.002515326111111077
web scraping,0.002732142222222206
logging,0.0031719905555555594
computational science,0.003455079444444481
benchmark,0.003691251111111099
blockchain,0.003964080000000009
static program analysis tool,0.004351498888888861
continuous integration,0.004467728333333254
distributed computing,0.004672849999999951
machine learning,0.004687583888888847
image recognition,0.004709965555555556
regular expression,0.00517992277777779
client,0.005907918888888863
command-line interface,0.006051570555555497
email,0.006237686666666686
geographic information system,0.006364339999999941
algorithm,0.006522199999999978
recommender system,0.0067565583333332735
back end,0.006940490000000021
lexical analysis,0.006974282222222239
distributed system,0.007437747222222207
kernel,0.007534155000000015
penetration test,0.007893007777777794
image captioning,0.008077326111111116
time series,0.00861976388888891
data compression,0.009172348888888904
game engine,0.010326594444444392
face detection,0.010646413888888873
computer vision,0.011045237222222198
automation,0.011129787777777789
sorting algorithm,0.011445975555555543
linear regression,0.011521345555555534
unit testing,0.011526979999999964
web crawler,0.011530236111111092
streaming media,0.011676097222222265
microservices,0.011734903333333324
content management system,0.012120234444444322
graphical user interface,0.012465787222222247
validator,0.01316600777777785
distributed database,0.013537560000000004
test automation,0.013655512222222221
cluster analysis,0.013665592777777819
question answering,0.014580396666666717
support vector machine,0.015457476111111118
facial recognition system,0.016080220000000034
reactive programming,0.016743931666666656
natural language processing,0.016983701111111082
object–relational mapping,0.017027364444444554
website,0.017386636666666788
anomaly detection,0.017447875000000057
backup,0.017491579444444433
information processing,0.019694813333333366
serialization,0.019767446111111114
computer data storage,0.01994292666666664
language model,0.020238611666666656
signal processing,0.020336706111111186
internet of things,0.020711767222222205
operating system,0.02125247500000002
big data,0.021363183888888887
smart contract,0.021519550000000054
Web Components,0.021579205555555536
application performance management,0.02185449500000003
server,0.021967145555555512
pattern matching,0.022774006666666652
analytics,0.022789378333333332
embedded system,0.022861525555555567
audio signal processing,0.023546542777777818
File Transfer Protocol,0.02361164111111111
web browser engine,0.023631837222222174
synchronization,0.02396612833333331
web server,0.0250761988888889
encryption,0.025361975555555527
graph algorithm,0.025701788333333364
web service,0.025783273333333245
data,0.02612895277777777
security,0.026148101666666673
computer configuration,0.027512850555555607
password manager,0.028514120555555522
data analysis,0.0285771816666667
file system,0.029611668888888942
authentication,0.02975321611111109
database,0.03111005222222224
middleware,0.0314991194444445
software testing,0.032138258888888854
data structure,0.032711486666666706
visualization,0.032715130555555555
Bidirectional recurrent neural networks,0.033573949999999964
telecommunications network,0.034242160555555484
network security,0.03425527166666667
scheduler,0.03545753388888884
game server,0.03644017722222223
web application security,0.03753807666666667
stream processing,0.04171760611111111
data visualization,0.04281939000000001
graph,0.04299861499999996
HTTP server,0.04532872388888887
graph database,0.04638085722222221
interpreter,0.04882172888888889
HTTP client,0.049085953888888895
WebSocket,0.04937572999999995
package management system,0.05054787166666663
internet bot,0.055485213888888885
instant messaging,0.06275629777777769
