domain,diff
security,0.00015032333333331316
web application security,0.0014358494444444703
password manager,0.002325258333333302
web service,0.0034286788888889252
validator,0.003914875555555586
Web Components,0.0042884227777776895
web application,0.006978902777777796
Parser combinator,0.007252860000000083
database,0.007857401666666708
automation,0.007937136666666678
test automation,0.009306528888888832
natural language,0.010936779444444433
penetration test,0.011178411111111064
reactive programming,0.011193741666666646
language model,0.01128998666666664
pattern matching,0.011469844999999979
search,0.013213833888888804
email,0.013445185555555628
website,0.014281028333333334
back end,0.014889388333333309
unit testing,0.015007111111111138
object–relational mapping,0.015544593888888875
algorithm,0.01576679166666667
World Wide Web,0.016055401111111145
time series,0.01621282499999996
database management,0.017484328888888956
user interface,0.01811674777777783
data,0.018246953888888917
software design pattern,0.018351170555555574
regular expression,0.01870029000000001
e-commerce,0.019060586111111055
data binding,0.01935539666666669
big data,0.019805751111111075
smart contract,0.019914599444444514
instant messaging,0.020128248888888922
web crawler,0.020691718333333414
logging,0.02080385333333329
telecommunications network,0.02147555444444449
data structure,0.021487226666666692
code generation,0.022112340000000064
data analysis,0.022336093888888825
geographic information system,0.023246449999999974
Kalman filter,0.023545986666666685
application performance management,0.024505433888888817
HTTP server,0.025846852777777735
content management system,0.026727587777777784
text processing,0.028122517222222254
graph database,0.028383253888888904
optical character recognition,0.028388172777777776
data compression,0.029174383888888905
software development,0.02999544944444449
image segmentation,0.030410494444444436
machine learning,0.03160937277777778
computer data storage,0.033146532777777765
graphical user interface,0.033355135000000036
signal processing,0.03473108777777781
microservices,0.035554291111111164
client,0.03556936722222223
server,0.03557858333333336
software testing,0.03567016500000003
cloud computing,0.035926028888888906
file system,0.03687507277777774
static program analysis,0.03726611499999993
object detection,0.037334777222222226
data visualization,0.03871922333333333
web server,0.04229030833333339
static program analysis tool,0.045502293888888934
File Transfer Protocol,0.04579333388888887
package management system,0.048389280555555525
