domain,diff
pattern matching,0.0002587088888889033
telecommunications network,0.0005264522222221957
password manager,0.0008463922222222142
data structure,0.0014072888888888857
database,0.002291752777777767
language model,0.0024031644444444944
syntax highlighting,0.0031530977777777802
web service,0.003673146666666627
regular expression,0.004427491666666644
smart contract,0.00466497444444447
Web Components,0.004792108333333267
reactive programming,0.004847668888888934
security,0.0050077938888888895
information extraction,0.00530863944444443
translation,0.005756487777777791
artificial neural network,0.005997791111111095
data,0.007401523333333382
Semantic Web,0.008116173888888967
penetration test,0.010239577222222185
web application security,0.011365598333333338
unit testing,0.011537490000000039
game server,0.014475352777777811
big data,0.014484234444444521
instant messaging,0.0145150633333333
World Wide Web,0.015039952777777782
backup,0.015170776666666691
back end,0.015651912777777777
graph database,0.01576018444444438
web application,0.016251569999999993
algorithm,0.016946034444444452
automation,0.017213101666666675
data compression,0.018735281111111113
"extract, transform, load",0.019362897777777666
File Transfer Protocol,0.019394853888888897
data visualization,0.019728328333333378
user interface,0.019846097777777738
server,0.01999885722222222
convolutional neural network,0.020083760555555608
object–relational mapping,0.020197186666666617
data analysis,0.020456038333333315
game engine,0.02083916166666666
HTTP client,0.020908595000000002
website,0.020923461111111152
scheduler,0.021270818333333275
geographic information system,0.02173419611111113
optical character recognition,0.02215198944444441
HTTP server,0.023104095000000047
linear regression,0.02377417499999998
WebSocket,0.024874721666666655
web browser engine,0.025030619444444457
content management system,0.025654129999999997
test automation,0.025908338888888993
application performance management,0.027958099444444495
stream processing,0.028116279444444447
computer configuration,0.028529759999999987
client,0.02909941388888887
continuous integration,0.029599157777777774
internet of things,0.02970644944444445
computer data storage,0.030098593888888858
distributed computing,0.03085788388888877
microservices,0.030885822222222192
static site generator,0.031178835555555645
streaming media,0.03212781444444443
cloud computing,0.03290155499999997
text processing,0.03331141111111113
web server,0.0339789244444445
malware,0.034187530555555595
benchmark,0.03450508111111114
graphical user interface,0.034618886666666626
object detection,0.034984952222222254
anomaly detection,0.03514140611111102
logging,0.03707381500000001
software testing,0.039832986666666625
Malware Analysis,0.0422366611111111
file system,0.04379374833333333
data binding,0.04930971555555552
operating system,0.05548873500000004
package management system,0.056958081666666605
