domain,diff
HTTP server,0.00020109777777777005
serialization,0.000655478333333237
Semantic Web,0.0021157527777777574
game server,0.002254165555555576
front end,0.003415842222222243
World Wide Web,0.005211998333333301
router,0.005260367777777802
translation,0.005498258888888913
internet of things,0.005576968333333293
web application security,0.005737616666666695
security,0.005845243333333361
File Transfer Protocol,0.006577825000000037
smart contract,0.006831871666666656
regular expression,0.007161208888888881
question answering,0.007639501111111113
web application,0.007768433333333324
back end,0.007825408333333339
HTTP client,0.008174673888888873
syntax highlighting,0.008379167222222234
penetration test,0.009621437222222196
password manager,0.009851394444444384
streaming media,0.009947554444444395
blockchain,0.010381399444444439
telecommunications network,0.011091159999999989
long short-term memory,0.011942864444444423
microservices,0.012007732777777724
server,0.01203435444444445
language model,0.012592470555555596
knowledge graph,0.01326283722222224
object–relational mapping,0.014101240555555561
unit testing,0.01419732222222228
text classification,0.014747823888888845
Web Components,0.014913037777777749
user interface,0.014916433888888914
synchronization,0.01496790777777779
information extraction,0.015018359999999925
dependency injection,0.015417255555555565
web server,0.015803870555555544
web service,0.01600035444444442
application performance management,0.016549407777777803
artificial neural network,0.016681346111111106
automation,0.0170271016666666
content management system,0.017068173888888927
backup,0.018102767777777723
distributed computing,0.018372834444444486
big data,0.018404279999999995
scheduler,0.018513240555555588
algorithm,0.018630793333333256
sentiment analysis,0.01916218277777776
data structure,0.01933153722222214
cloud computing,0.020728511111111098
convolutional neural network,0.0207601738888889
recommender system,0.02105133666666667
data,0.02116861944444448
information processing,0.02123596111111109
client,0.02139286555555553
data science,0.021490403888888898
database,0.021957786666666618
pattern matching,0.0220972255555556
website,0.022223719999999975
sorting algorithm,0.02286335277777779
data compression,0.023238518333333263
time series,0.023334215555555565
kernel,0.024349138333333326
test automation,0.024591919444444388
game engine,0.024817593888888823
geographic information system,0.025533961111111086
data binding,0.025961725555555648
hacking tool,0.026392566666666617
validator,0.026456043333333346
stream processing,0.026556431111111112
signal processing,0.026707978888888984
database management,0.027156242222222265
benchmark,0.027826649444444462
command-line interface,0.028848408888888843
instant messaging,0.02896343666666673
data analysis,0.02993623444444446
object detection,0.030339573888888888
WebSocket,0.03056583888888892
graphical user interface,0.03133000444444445
linear regression,0.032483053333333345
logging,0.03360195500000002
graph database,0.03379416611111105
3D modeling,0.03390380777777777
software testing,0.03417913722222227
optical character recognition,0.03451126222222223
anomaly detection,0.035396967222222186
audio signal processing,0.03569568277777779
machine learning,0.03606515555555556
data visualization,0.03616600333333336
computer data storage,0.03664721611111105
virtual machine,0.03738811111111112
package management system,0.03898507944444446
data mining,0.04083089777777779
file system,0.041363137222222235
analytics,0.04439118166666667
operating system,0.044475098333333324
static program analysis,0.04565762333333334
