domain,diff
World Wide Web,0.0002485315873015925
big data,0.001485773650793637
content management system,0.0024770425396824503
embedded system,0.004810771666666658
graphical user interface,0.005184271587301614
recommender system,0.005239485634920632
artificial intelligence,0.006880131904761888
back end,0.007125266190476154
HTTP client,0.007648937460317445
test automation,0.008041821031746
client,0.008397554603174595
optical character recognition,0.009063423412698446
unit testing,0.010445665317460384
artificial neural network,0.010544994444444455
microservices,0.012259213095238086
cloud computing,0.012771725634920655
user interface,0.013387520714285672
web application,0.014109275634920537
web application security,0.01453851769841269
convolutional neural network,0.015071147857142808
language model,0.015559162857142816
web server,0.015887701984127034
continuous integration,0.018557393015873058
website,0.019232461825396785
Web Components,0.02047075190476194
smart contract,0.02154658936507936
instant messaging,0.023019689444444436
command-line interface,0.025880789603174637
security,0.02618284150793651
database,0.026596925555555484
telecommunications network,0.02753727492063493
web crawler,0.028403939047619065
HTTP server,0.029109536428571392
penetration test,0.03326550023809524
server,0.034805461746031774
package management system,0.037072259285714226
software testing,0.03891737730158723
web development,0.04339048531746037
file system,0.046035058174603155
information processing,0.052807435317460294
web service,0.05715380523809527
object–relational mapping,0.06330656896825401
