domain,diff
encryption,0.0007922294444444866
mobile application development,0.0009498799999999863
data,0.002040835555555509
data compression,0.00252880833333341
data structure,0.004181260555555566
instant messaging,0.006230867222222214
penetration test,0.007433825000000005
web service,0.009301710555555509
telecommunications network,0.009392633333333344
big data,0.01054465611111105
stream processing,0.010741130555555534
language model,0.011338939999999909
back end,0.01278613666666667
object–relational mapping,0.014641306666666631
linear regression,0.016752858888888972
backup,0.01848311055555557
streaming media,0.01861022666666659
sorting algorithm,0.01971887222222221
File Transfer Protocol,0.021331691666666652
microservices,0.02253017555555553
algorithm,0.02545868277777777
database,0.029251372777777757
data visualization,0.029764026666666693
server,0.029771400555555605
World Wide Web,0.035735789444444416
client,0.03631535555555551
test automation,0.03645038166666667
website,0.03754977388888883
command-line interface,0.03767292722222226
automation,0.038224010555555576
object detection,0.03835840388888889
security,0.03929688999999997
logging,0.040180420555555596
benchmark,0.04090992000000007
static program analysis,0.04342821444444439
user interface,0.04729095555555557
cloud computing,0.047558127777777764
plot,0.04785661000000005
file system,0.0504763
serialization,0.05498190611111109
data binding,0.056977009999999995
