domain,diff
algorithm,6.13163888888435e-05
information retrieval,0.00031659194444438876
data compression,0.0007269100000000805
database,0.0012334586111111268
user interface,0.0021978419444445008
test automation,0.0024998808333333566
data analysis,0.003368546944444495
unit testing,0.003767951388888857
security,0.005413334166666672
data,0.006069127222222193
automation,0.010164695555555492
data visualization,0.010218914166666648
object detection,0.010309422222222198
data mining,0.010560964166666659
back end,0.011733105833333313
World Wide Web,0.012306196111111112
machine learning,0.01260457416666666
linear regression,0.014573216388888921
website,0.01651431222222216
big data,0.01693939277777773
sorting algorithm,0.017718497222222185
instant messaging,0.020453421111111092
penetration test,0.020812735833333346
data structure,0.022176982222222252
HTTP server,0.025199277499999923
computer data storage,0.029030960000000022
object–relational mapping,0.029874978333333302
language model,0.030093009166666684
server,0.0301245555555556
file system,0.031141907499999982
microservices,0.03635185722222217
pattern matching,0.041110709999999995
cloud computing,0.04350481444444443
data binding,0.04490942916666668
regular expression,0.05677473638888883
Parser combinator,0.0605891816666666
