domain,diff
microservices,4.395955555558384e-05
web application,0.004271103666666609
telecommunications network,0.004643953333333339
unit testing,0.005233270222222142
application performance management,0.006398053111111135
web application security,0.006829853666666663
test automation,0.007199600999999944
security,0.007907406666666617
Semantic Web,0.008664037000000013
HTTP server,0.010859105000000036
cloud computing,0.011166976111111143
user interface,0.011423596222222221
Web Components,0.014073135111111135
data binding,0.014296715333333432
content management system,0.015467304888888866
server,0.016334934555555514
instant messaging,0.016784874777777847
back end,0.017328375333333312
knowledge graph,0.01759790622222218
World Wide Web,0.01922974044444442
automation,0.020140017444444436
penetration test,0.020147906999999993
regular expression,0.020869432111111114
web server,0.021093990777777794
web service,0.02153018288888886
website,0.021680005222222243
time series,0.02236564477777772
big data,0.023030943111111007
language model,0.02443297299999997
software testing,0.025070685333333287
graphical user interface,0.025646181444444416
package management system,0.030613475444444427
database,0.030686356777777757
information processing,0.031075858333333206
text classification,0.03171517066666668
client,0.032407275222222226
information extraction,0.032665573111111096
data structure,0.03521751377777774
object detection,0.0383272288888889
signal processing,0.039335423000000036
logging,0.040538096222222236
data,0.04328038755555552
audio signal processing,0.04712660155555559
text processing,0.05108176677777779
file system,0.05874320700000002
