domain,diff
database,1.9555555555578197e-05
Semantic Web,8.408555555550201e-05
design,0.0001864849999999585
smart contract,0.00045534333333330235
network analysis,0.0008052394444444388
algorithm,0.0008455244444444399
linear regression,0.0008830083333333516
artificial intelligence,0.0012050933333333236
application performance management,0.0012329511111109914
static program analysis,0.001383778333333363
evolutionary algorithm,0.0018342033333333396
augmented reality,0.00199396388888895
analytics,0.002229198333333293
embedded system,0.0026334427777777725
business dashboard,0.0032986883333333272
game engine,0.0034298144444444567
penetration test,0.0034800833333333003
data science,0.003554211666666751
test automation,0.0037568077777778153
time series,0.003800150000000002
language model,0.0045373899999999745
signal processing,0.004592398333333303
big data,0.004963655555555557
graph database,0.005031564444444442
logging,0.005046291111111073
game server,0.005505724999999961
email,0.005910095000000004
digital image processing,0.006144417777777772
unit testing,0.006228442222222241
video tracking,0.006419654999999969
benchmark,0.006459836111111117
distributed computing,0.006908947222222184
data visualization,0.007336442222222211
web service,0.007700561111111115
blockchain,0.007874568333333332
automation,0.007899454999999944
genetic algorithm,0.008323534444444475
DevOps,0.008499404999999932
computer configuration,0.008792660000000035
validator,0.00906064055555561
Kalman filter,0.00952614055555559
password manager,0.009565186666666725
mobile application development,0.009619000000000016
geographic information system,0.009796891666666668
file system,0.009828658888888953
machine learning,0.009938123888888872
microservices,0.009968525555555607
instant messaging,0.01001689
software testing,0.010133733333333339
integrated development environment,0.010249961111111039
File Transfer Protocol,0.010633520000000035
telecommunications network,0.010643487777777738
semi-supervised learning,0.010884055555555577
streaming media,0.01097509499999999
recommender system,0.011288781666666692
image recognition,0.011352235000000016
object detection,0.011547722222222195
text classification,0.011630865000000018
data,0.01193881666666674
distributed system,0.012020246666666679
support vector machine,0.012474961666666673
random forest,0.012505079444444511
client,0.012649516111111148
serialization,0.013339768888888853
backup,0.013433779999999979
dependency injection,0.013693761666666637
web crawler,0.014222124999999947
deep neural network,0.014766788888888882
continuous integration,0.015078177777777757
computer vision,0.015695128888888854
pattern matching,0.016399084444444434
data structure,0.016769846666666643
package management system,0.01734191833333326
middleware,0.017430693333333247
command-line interface,0.017687787222222195
sorting algorithm,0.017819198888888887
HTTP client,0.018339623333333277
web scraping,0.01929667666666665
data binding,0.01966833444444449
back end,0.020174682222222184
regular expression,0.020554218333333263
security,0.02197287777777779
face detection,0.02198396388888893
graphical user interface,0.02238091388888891
operating system,0.022739436111111122
user interface,0.023105514444444475
content management system,0.023789638333333307
facial recognition system,0.02624377499999994
World Wide Web,0.02659967722222223
static site generator,0.027610343888888833
object–relational mapping,0.027947760000000016
server,0.02828444666666663
HTTP server,0.02953378777777782
website,0.03201726833333335
web browser engine,0.03364086777777775
web browser,0.037865979999999994
Web Components,0.03851607277777769
web application security,0.04009204111111109
web application,0.04120220555555559
web server,0.04270535277777779
web development,0.04473445777777782
