domain,diff
graphical user interface,3.68800000000169e-05
audio signal processing,4.907666666670307e-05
database,7.601222222219928e-05
mobile application development,0.00011105888888887638
banking industry,0.00035708222222219366
data analysis,0.0003882822222222304
linear algebra,0.00041443722222223034
authentication,0.0004678927777777564
content management system,0.0004912966666666407
encryption,0.0005785149999999462
streaming media,0.0006263127777777489
analytics,0.000639074999999989
e-commerce,0.0007154700000000236
reinforcement learning,0.0008259672222221959
computer data storage,0.0009970166666666835
syntax highlighting,0.0010371722222222157
regular expression,0.0010975161111111409
game server,0.0011486777777778012
linear regression,0.0011672400000000138
animation,0.0012232427777777166
client,0.0012307850000000675
data science,0.0012619077777777377
education,0.0014122988888889132
web crawler,0.0014972538888889109
web service,0.0015577666666666268
user interface,0.0015967133333332773
World Wide Web,0.0017847349999999818
penetration test,0.00193210277777775
regression analysis,0.0019481700000000268
Web Components,0.0019756922222221585
router,0.002035414999999985
image editing,0.0020553522222221676
graph algorithm,0.002234222777777739
data mining,0.002286678888888838
shell tool,0.0025151650000000136
search engine,0.0025209144444444387
logging,0.0025414844444445195
application performance management,0.002547582222222178
signal processing,0.0025546727777777944
web scraping,0.00257851333333331
statistics,0.002617187777777835
business dashboard,0.002724865555555539
HTTP client,0.0027738422222223225
reactive programming,0.0030053666666665646
scheduler,0.0031489533333333153
speech synthesis,0.0034389216666666778
text editor,0.0035122127777777457
validator,0.0035225183333333354
machine learning,0.0037422872222222514
mathematical optimization,0.0039526933333333125
cryptography,0.004076453333333369
kernel,0.004886336111111084
back end,0.004956791666666627
network monitoring,0.005003866111111116
artificial intelligence,0.00509136666666668
dependency injection,0.005134355555555525
WebSocket,0.005175892777777746
digital audio,0.005310627222222197
genomics,0.005421354444444415
web browser engine,0.005478101666666679
network analysis,0.005487684444444446
network security,0.005655993333333359
computational science,0.00567937888888892
unit testing,0.005735848888888895
video game development,0.005795837777777785
search,0.005831378333333359
time series,0.0059084500000000095
font,0.00602466222222231
internet of things,0.006087167222222245
data structure,0.006114188333333298
data compression,0.006139832222222225
plot,0.006251683333333313
sorting algorithm,0.006255616666666686
password manager,0.00628360222222224
Kalman filter,0.006339386666666669
web browser,0.0063571650000000535
cluster analysis,0.006457035555555546
internet bot,0.007189593333333355
object-oriented programming,0.007191712222222257
big data,0.007205773888888989
embedded system,0.007251646111111093
design,0.007366764444444368
digital security,0.007459747222222257
video,0.007851783888888908
image,0.00808562333333332
video game,0.008088832222222259
digital image processing,0.008103548888888978
finance,0.00832395055555557
support vector machine,0.008392342777777728
mathematical finance,0.008498208333333368
automation,0.008581321666666697
code generation,0.008722238333333299
website,0.008954673333333385
Semantic Web,0.00901232333333335
software design pattern,0.009072686666666607
front end,0.009257212222222255
File Transfer Protocol,0.009375319444444474
image compression,0.009436025555555533
language model,0.009462410555555578
game engine,0.009522754444444365
benchmark,0.009674842222222257
question answering,0.009699471666666654
graph database,0.010055409999999959
synchronization,0.01007612111111117
artificial neural network,0.010283555
compiler,0.010424298888888878
documentation,0.0104657872222223
Malware Analysis,0.010485657777777768
interpreter,0.010701136111111148
email,0.011233505555555634
geometry,0.011237311666666694
algorithm,0.011248485555555576
face detection,0.011337528888888837
game,0.01135163666666672
"extract, transform, load",0.01151617111111114
random forest,0.011575521111111126
facial recognition system,0.011807132777777785
video tracking,0.012026971666666608
command-line interface,0.0126529177777778
pattern matching,0.01270933944444444
telecommunications network,0.012712774999999982
information retrieval,0.012952925555555522
sentiment analysis,0.012999615555555566
computer science,0.013133615555555561
text mining,0.013199687222222228
translation,0.013219623333333347
security,0.013291248888888912
middleware,0.013609711111111089
stream processing,0.013816001666666633
science,0.014009230555555557
Parser combinator,0.014073323888888933
test automation,0.014148516111111092
recommender system,0.014246299444444499
instant messaging,0.014306801111111156
augmented reality,0.014314237777777822
database management,0.01432958333333334
computer programming,0.014588427222222256
productivity,0.014797139444444413
computer graphics,0.014884624444444439
static site generator,0.014970081111111089
integrated development environment,0.014976707777777765
geographic information system,0.01507280833333327
stock market,0.015220041111111082
computer configuration,0.01549382944444444
neural network,0.01583031611111113
static program analysis,0.015838584444444442
web application security,0.015899600000000014
web application,0.0159537105555555
natural language processing,0.016085211666666738
machine translation,0.01615186666666668
deep learning,0.01615486499999999
image classification,0.016157500000000075
parsing,0.016375905000000024
data,0.0164781672222222
natural language,0.017045406111111078
3D modeling,0.017065516111111095
serialization,0.017080467777777747
graph,0.01715647444444443
file system,0.017284178333333317
distributed computing,0.017330463888888953
distributed database,0.01736611555555556
information processing,0.01758172444444439
static program analysis tool,0.017768965555555516
object detection,0.01798181166666668
web development,0.018011513888888886
smart contract,0.018257570555555547
virtual machine,0.018646967777777773
text classification,0.01873092833333334
rendering,0.01881933833333338
camera,0.018937331666666696
data visualization,0.018950013333333293
deep neural network,0.01896813
cloud computing,0.018986113888888878
backup,0.019086495555555555
image segmentation,0.019164626111111055
text processing,0.019404616666666652
blockchain,0.019562196666666642
word embedding,0.01966197
image recognition,0.020221818888888937
computer vision,0.02085341888888889
natural language understanding,0.021111017777777796
continuous integration,0.021250840555555595
malware,0.021713016666666696
DevOps,0.021915880555555572
long short-term memory,0.022079840000000017
information extraction,0.022201317777777757
server,0.022785270555555515
HTTP server,0.023047553888888933
operating system,0.023258935555555554
software development,0.023393149444444483
recurrent neural network,0.023656879444444445
software testing,0.024434907777777848
object–relational mapping,0.02470743777777773
web server,0.02517906333333325
neural machine translation,0.02567914499999996
microservices,0.027920872777777772
optical character recognition,0.029332432777777778
distributed system,0.030715480555555535
data binding,0.03300598277777783
package management system,0.03614404444444447
image captioning,0.04223095111111108
