domain,diff
object detection,4.946666666666433e-05
machine learning,0.0005062316666666622
command-line interface,0.0009382305555555581
web application,0.0011915127777777368
geographic information system,0.002053497777777774
translation,0.003489755555555557
microservices,0.003529266666666697
data analysis,0.0037295861111111273
smart contract,0.004364029999999963
package management system,0.004457304999999939
regular expression,0.00454919166666673
client,0.005304173333333384
linear regression,0.005749571111111185
penetration test,0.006026124444444447
deep learning,0.006223658888888872
telecommunications network,0.0063959644444444574
analytics,0.006428584999999987
File Transfer Protocol,0.006915607222222203
user interface,0.007484230555555638
test automation,0.00859783944444445
object–relational mapping,0.008645197222222234
data,0.008880903333333301
stock market,0.009279750000000003
World Wide Web,0.009636936666666679
blockchain,0.010462383333333353
graphical user interface,0.010551947222222219
streaming media,0.011893108333333374
graph database,0.011951923333333364
data structure,0.01206161888888893
web service,0.012561103333333379
big data,0.01455451777777772
website,0.014669056666666652
Web Components,0.014984512222222218
data compression,0.015354686666666645
HTTP server,0.015893470555555594
optical character recognition,0.016423930555555577
content management system,0.01745591499999999
information processing,0.017719620555555593
artificial neural network,0.017891365000000076
data binding,0.02013828722222219
e-commerce,0.020283779444444455
continuous integration,0.020367608888888916
file system,0.020655225000000083
database,0.021081733888888843
anomaly detection,0.021767518333333402
embedded system,0.022669342777777796
game engine,0.023391098888888906
distributed computing,0.024166517222222184
web server,0.024986683333333315
logging,0.025170388888888923
unit testing,0.025599673333333378
server,0.025631796111111105
automation,0.0257035627777778
time series,0.029005852222222184
cloud computing,0.02931273833333331
web application security,0.029849253333333325
back end,0.030310993333333286
instant messaging,0.030691751111111082
software testing,0.030760900555555554
authentication,0.0381482538888889
application performance management,0.039493171111111114
computer configuration,0.04718313555555553
security,0.050225043888888904
password manager,0.05098705611111107
computer data storage,0.057666351666666615
synchronization,0.0716725944444444
