domain,diff
data science,1.0051111111131217e-05
reactive programming,0.00021525277777773022
sentiment analysis,0.000466508333333282
HTTP client,0.0005060249999999655
deep learning,0.0006337333333333028
regular expression,0.0006683911111111107
linear regression,0.001449592777777814
signal processing,0.0015793194444444214
cloud computing,0.001676135555555569
support vector machine,0.002142607777777805
linear algebra,0.002143411666666678
finance,0.0028794772222222043
kernel,0.0030593505555556177
web application,0.0031497933333333727
algorithm,0.003225782777777797
text classification,0.0033198161111111235
distributed computing,0.004067884444444447
regression analysis,0.00455164999999999
mathematical finance,0.004841121111111124
graph database,0.005744753888888954
File Transfer Protocol,0.005861193888888894
computational science,0.0059160049999999464
audio signal processing,0.005957960555555558
web service,0.006239453333333311
test automation,0.0063963283333332566
dependency injection,0.006533676111111164
machine learning,0.006894585555555555
telecommunications network,0.007108278333333329
client,0.00723951500000003
Web Components,0.008250042777777744
artificial intelligence,0.008525273888888851
penetration test,0.008618192777777811
convolutional neural network,0.008670542222222244
game engine,0.008795523333333333
stream processing,0.0088945972222223
translation,0.00966376166666666
package management system,0.010306096111111107
distributed system,0.010445796666666674
reinforcement learning,0.010690343333333352
World Wide Web,0.011920854444444434
web application security,0.012028078333333359
operating system,0.012190016666666664
object detection,0.012483374999999935
artificial neural network,0.012562257222222234
big data,0.01305522277777782
language model,0.013065125555555612
web server,0.013257846666666656
streaming media,0.013447260555555562
information retrieval,0.013528185000000054
smart contract,0.013795901666666666
HTTP server,0.014019733888888886
security,0.01467655944444446
middleware,0.01536983055555552
Kalman filter,0.01550840611111104
website,0.015604018333333358
data analysis,0.015926053888888958
time series,0.016365473888888954
validator,0.01642775444444447
scheduler,0.016583045555555564
sorting algorithm,0.016728391666666675
data mining,0.01825546611111109
question answering,0.018334208888888898
benchmark,0.01838733777777779
recommender system,0.018434820000000046
pattern matching,0.0185402922222222
unit testing,0.01859426000000003
embedded system,0.01864214722222224
microservices,0.019028728333333356
hacking tool,0.019250428888888865
robotics,0.01961668222222218
stock market,0.01963360611111109
analytics,0.019937564999999963
shell tool,0.021051015555555552
server,0.021070686666666644
natural language understanding,0.021715830555555565
encryption,0.022494582777777744
data,0.022642966666666653
optical character recognition,0.022842475555555575
geographic information system,0.022883795000000012
continuous integration,0.023257453888888946
data structure,0.02365869722222233
graphical user interface,0.024432627222222225
software testing,0.025499340555555527
object–relational mapping,0.02687013499999999
automation,0.027474571111111123
database,0.027569763888888932
user interface,0.02798621000000001
statistics,0.028309953888888822
text processing,0.028777484999999936
data compression,0.029225788888888937
computer configuration,0.029526977777777796
back end,0.02966238833333329
content management system,0.029813135555555537
instant messaging,0.031129266666666683
file system,0.03279308388888896
command-line interface,0.033287947222222225
functional programming,0.03337254666666664
synchronization,0.03422632944444445
logging,0.03505427166666669
data visualization,0.03695709444444445
serialization,0.037907998333333276
backup,0.03939718277777782
information processing,0.04079740777777777
application performance management,0.043255073888888856
data binding,0.044605246666666654
database management,0.04703712666666662
computer data storage,0.054499772777777844
