domain,diff
text classification,8.962777777760111e-06
signal processing,0.00022496333333332785
integrated development environment,0.00042473666666670296
graph database,0.00043768333333332743
deep learning,0.0005189783333333642
finance,0.0008332349999999877
support vector machine,0.0012363977777777868
static program analysis tool,0.0012540822222222303
web application,0.001267752222222196
mobile application development,0.0012760561111111457
front end,0.0013449488888888639
web crawler,0.0014726216666667014
web development,0.0015643422222221814
Web Components,0.0016713133333333685
test automation,0.0023138477777777666
digital audio,0.0023309583333332717
machine learning,0.002420123333333357
web scraping,0.002603181111111158
linear regression,0.0027137077777778518
validator,0.0029907644444444603
data science,0.0029934622222222707
reactive programming,0.003152988888888819
random forest,0.003248309444444375
blockchain,0.0037840261111110884
Parser combinator,0.003989280555555502
search,0.003997176111111056
recommender system,0.004098397777777818
compiler,0.004481180555555464
streaming media,0.004639971111111085
game engine,0.005156182777777768
distributed multimedia communications platform,0.005301229444444416
web browser engine,0.005336901111111125
deep neural network,0.0053992450000000525
artificial neural network,0.005952478333333372
HTTP server,0.006197744999999977
smart contract,0.0066815044444444305
"extract, transform, load",0.006698859444444399
convolutional neural network,0.006772804444444447
search engine,0.007078675000000034
artificial intelligence,0.00724740777777777
big data,0.007548247777777739
mathematical finance,0.007570103333333356
natural language processing,0.007768045555555575
classification,0.007804983333333321
data analysis,0.008096242222222244
stream processing,0.008126288333333287
game server,0.008356041111111101
linear algebra,0.008608221666666721
computer vision,0.00872347833333334
dependency injection,0.008741620555555607
regression analysis,0.008918917222222239
HTTP client,0.008927843333333296
object detection,0.009004464444444443
static program analysis,0.009179302777777731
World Wide Web,0.009281259444444495
graph algorithm,0.00935623499999999
Q-learning,0.009457691111111138
internet of things,0.009931265000000022
WebSocket,0.00994494611111113
File Transfer Protocol,0.009986193888888828
Semantic Web,0.01015564611111111
audio signal processing,0.010219448333333325
router,0.010583402222222205
web server,0.010593889999999995
server,0.010655253333333337
digital image processing,0.01096179777777781
client,0.01106100611111116
natural language,0.011256462777777754
Bayesian inference,0.011293963333333323
reinforcement learning,0.011369544444444463
language model,0.011860082777777753
email,0.012059030000000026
schema migration,0.012132310555555637
distributed computing,0.012577342222222232
telecommunications network,0.012617794444444413
virtual machine,0.012669764444444453
translation,0.012724881111111114
microservices,0.012819833888888854
geographic information system,0.012916438333333335
data visualization,0.01319740222222221
software testing,0.01320837055555557
web browser,0.013285302222222212
computational science,0.013414361111111134
data mining,0.013432451111111132
regular expression,0.013557055555555614
face detection,0.013567693888888871
web service,0.013576481111111066
static site generator,0.013605421111111127
cloud computing,0.013696968333333337
cryptocurrency,0.013798416666666674
image recognition,0.014140198333333354
3D modeling,0.014384952222222247
unit testing,0.014785957777777747
graphical user interface,0.014787475555555596
data,0.014845242222222277
facial recognition system,0.014858463888888895
penetration test,0.014996288888888903
command-line interface,0.015224937222222207
algorithm,0.015712896111111097
distributed database,0.016229566111111066
analytics,0.01722654222222228
Containerization,0.017445558333333333
long short-term memory,0.01771410777777782
computer science,0.017857506111111116
logistic regression model,0.01871513833333338
distributed system,0.018786306666666697
website,0.019051812777777788
word embedding,0.019140647222222168
object–relational mapping,0.019212229444444423
user interface,0.01940943277777779
data structure,0.020059251111111148
electronic trading platform,0.02032637499999998
e-commerce,0.020420502222222248
time series,0.020947606111111072
database,0.021131317222222223
optical character recognition,0.021739482222222217
statistics,0.022968476111111136
digital security,0.023268821111111115
sorting algorithm,0.023850678888888865
cluster analysis,0.024828367777777777
package management system,0.024925546111111085
pattern matching,0.025226130000000013
functional programming,0.026770853888888974
automation,0.026834886111111095
text processing,0.026968594999999984
web application security,0.027146389444444474
middleware,0.027660347222222215
Malware Analysis,0.02767873722222222
anomaly detection,0.02793754833333334
instant messaging,0.027999583888888957
design,0.02839009333333334
malware,0.02854684444444447
network monitoring,0.028597569444444415
authentication,0.02925852722222222
augmented reality,0.029902027777777757
embedded system,0.030548140555555575
operating system,0.030711735000000018
data binding,0.030789544444444483
benchmark,0.031199796666666696
continuous integration,0.03184950944444445
data compression,0.03308162722222224
scheduler,0.03389327055555552
internet bot,0.036159756111111135
content management system,0.03636511666666664
back end,0.0374646111111111
security,0.038524974999999934
information processing,0.03934116888888889
computer configuration,0.04195455444444446
file system,0.045738623888888885
database management,0.04582372833333331
logging,0.04591031944444446
password manager,0.04706446444444451
serialization,0.048205386666666655
synchronization,0.05139337833333332
backup,0.05240379888888891
application performance management,0.05610327277777785
computer data storage,0.06167294944444446
