domain,diff
web development,0.00022029729166667122
blockchain,0.0009446308333333486
DevOps,0.0010399534027777935
software engineering,0.001259670208333341
HTTP client,0.0015653122222221982
integrated development environment,0.0017131934722222075
telecommunications network,0.0019559161111110945
search engine,0.0024823281250000717
cloud computing,0.0027892792361111085
test automation,0.0030407577083333137
Parser combinator,0.0030919593750000085
Web Components,0.003116120624999996
WebSocket,0.003258917847222209
Semantic Web,0.003462992222222211
data science,0.004274888055555537
email,0.004600926666666699
mobile application development,0.004611434305555495
validator,0.004707180763888874
machine learning,0.004867402638888879
recommender system,0.006134099583333302
compiler,0.00618851249999991
static program analysis tool,0.007413517013888871
graph database,0.007564149583333374
software development,0.008016113263888874
web application,0.008329893472222294
search,0.009216141527777805
random forest,0.009545152430555592
microservices,0.010063195416666726
internet of things,0.01040903458333331
digital audio,0.010427817222222219
cryptocurrency,0.010610911319444444
kernel,0.010772864236111152
virtual machine,0.010818560138888877
front end,0.010889673055555549
dependency injection,0.011191986319444486
linear regression,0.011508091319444413
Q-learning,0.012090273541666668
computational biology,0.012428481388888885
game engine,0.012589542569444473
distributed computing,0.01271156715277777
client,0.012781890000000018
sentiment analysis,0.01286507506944451
text classification,0.013014585555555541
continuous deployment,0.01307246243055557
static program analysis,0.013745605833333396
deep learning,0.014020501597222207
web crawler,0.014029466666666712
unit testing,0.014062951319444406
streaming media,0.014075903750000007
File Transfer Protocol,0.014243446388888859
web scraping,0.014471237638888912
regression analysis,0.014705870416666711
functional programming,0.0147868810416667
web service,0.014959737083333341
server,0.01518809152777778
big data,0.015390351805555536
smart contract,0.01623090847222225
HTTP server,0.016369039513888878
support vector machine,0.01640328319444445
data analysis,0.016666351250000017
distributed multimedia communications platform,0.016705580902777767
lexical analysis,0.017062882500000015
code generation,0.01717141895833338
evolutionary algorithm,0.017179250347222202
World Wide Web,0.0172876759027778
translation,0.017466350833333366
signal processing,0.017481290277777756
Containerization,0.017482842708333335
business dashboard,0.017759087986111144
analytics,0.017820221944444464
classification,0.018080911111111153
distributed database,0.018111772638888857
penetration test,0.018261093958333308
schema migration,0.018290547013888825
digital security,0.01846683923611106
computational science,0.01856276701388887
e-commerce,0.018825842499999995
mathematical finance,0.018986911319444466
website,0.019382971597222215
web server,0.01952219479166664
reinforcement learning,0.019619461805555544
software testing,0.01973897513888892
package management system,0.01974902277777779
stream processing,0.019756849999999937
object detection,0.01980891895833331
natural language processing,0.019861672708333306
sequencing,0.019990814166666676
face detection,0.02009747124999997
distributed system,0.02025393249999996
regular expression,0.02065745777777775
graph algorithm,0.020770943888888865
computer vision,0.020811355833333267
web browser engine,0.020812532152777757
deep neural network,0.021318569236111112
social network,0.021372245555555586
mathematics,0.0214464920138889
text mining,0.02167752916666668
static site generator,0.021785242152777773
linear algebra,0.02192643208333328
artificial intelligence,0.02206291847222222
automation,0.02216453270833335
software design pattern,0.02234084298611111
computer science,0.022648004722222226
Bayesian inference,0.02279857965277779
3D modeling,0.023242525694444433
graphical user interface,0.023376754166666625
documentation,0.023516398819444423
electronic trading platform,0.023565107013888836
facial recognition system,0.02360533826388886
data,0.024624755208333293
question answering,0.02465234916666667
continuous integration,0.02466025340277775
digital image processing,0.024666312847222205
middleware,0.02525429395833334
logistic regression model,0.02541215937500002
image classification,0.025796332847222186
benchmark,0.02613856826388891
scheduler,0.026216046597222237
natural language,0.02623828715277776
audio signal processing,0.026312148333333313
text editor,0.026509989722222155
command-line interface,0.02714623729166668
user interface,0.027170474027777725
algorithm,0.027303958194444422
database,0.02738308034722231
image recognition,0.027742933263888908
algorithmic trading,0.02779103923611112
time series,0.027809179791666666
virtual reality,0.027880889166666672
convolutional neural network,0.027939352083333313
video,0.028215706944444502
data mining,0.028602801527777777
web application security,0.028821092291666628
language model,0.028895347986111097
data visualization,0.029292399513888873
artificial neural network,0.02941993604166665
"extract, transform, load",0.02951936736111116
geographic information system,0.02953677937499999
machine translation,0.03052343812499994
Kalman filter,0.030899451041666692
statistics,0.031000318611111077
security,0.031727755972222244
long short-term memory,0.031964080902777775
anomaly detection,0.03220927027777776
mathematical optimization,0.032322319513888864
malware,0.033179956041666625
geographic information,0.03342745736111108
image,0.03393201944444449
operating system,0.034722639722222226
recurrent neural network,0.03477365506944441
content management system,0.034905218749999994
Malware Analysis,0.03568596569444446
cluster analysis,0.035794461458333315
instant messaging,0.03632284736111113
backup,0.03632618041666669
pattern matching,0.03696409201388892
information extraction,0.03810315909722223
object–relational mapping,0.03827138590277776
internet bot,0.03842082263888888
text processing,0.038452900694444486
image segmentation,0.03878782861111113
augmented reality,0.03881971479166668
plot,0.03937339236111109
optical character recognition,0.03996982444444444
synchronization,0.04016535638888888
data binding,0.04130265430555549
back end,0.04134495791666662
shell tool,0.041501781736111104
sorting algorithm,0.04225912145833338
embedded system,0.04280859569444448
computer configuration,0.044789898125000005
syntax highlighting,0.04511485124999998
data structure,0.045572137430555576
logging,0.04608395916666666
database management,0.04696285513888887
password manager,0.047733785208333296
encryption,0.048148000694444415
data compression,0.04892143777777774
file system,0.05077082916666667
serialization,0.051934116666666696
image compression,0.05195488840277779
information processing,0.05227960416666663
application performance management,0.05499779097222221
computer data storage,0.06717809347222226
