domain,diff
compiler,0.0002413650000000489
game engine,0.00037695618055560987
HTTP client,0.0023153515972222094
recommender system,0.003080199166666714
Web Components,0.004152385000000064
telecommunications network,0.005081691111111175
digital security,0.005825768611111115
dependency injection,0.006080993194444384
software development,0.0062719145138888655
microservices,0.006305657291666711
functional programming,0.006865909166666684
web application,0.006985490347222262
web application security,0.00893577416666666
web service,0.009490248333333368
smart contract,0.009677397222222217
blockchain,0.009891968333333334
internet of things,0.009965373333333333
penetration test,0.01003657395833335
regular expression,0.010154031527777746
test automation,0.010649099166666676
machine learning,0.010985005138888893
client,0.011227194999999968
sentiment analysis,0.01219696506944451
streaming media,0.013385708125000007
static program analysis tool,0.013528123263888914
deep learning,0.013688773472222193
linear regression,0.013712048194444465
unit testing,0.01378639319444444
data science,0.014310194930555492
digital audio,0.014445163472222217
website,0.014473239097222257
graph,0.01484514645833332
translation,0.016051390208333405
security,0.016325188472222196
software testing,0.016719534513888856
code generation,0.01673479208333334
kernel,0.016736168611111157
package management system,0.016930934652777785
design,0.017000057986111122
Parser combinator,0.017071369999999975
3D modeling,0.017362225694444455
regression analysis,0.017630149166666664
text classification,0.018119386180555558
World Wide Web,0.018366430902777814
object detection,0.019251434583333366
cloud computing,0.019340250486111127
static program analysis,0.019720242083333284
distributed multimedia communications platform,0.019809185902777804
Q-learning,0.019972181666666672
stream processing,0.021410870000000082
signal processing,0.02213351152777779
graph database,0.02220487458333331
reinforcement learning,0.02256601805555558
Kalman filter,0.022694579166666673
static site generator,0.023081659652777753
3D computer graphics,0.023189034791666674
natural language processing,0.023709823958333348
support vector machine,0.023836591319444433
digital image processing,0.024358415972222186
HTTP server,0.02512944701388886
artificial intelligence,0.02522154972222221
language model,0.025384410486111092
File Transfer Protocol,0.02558701263888888
electronic trading platform,0.025651033263888873
geographic information system,0.026228876875
stock market,0.026271035763888867
data analysis,0.02630671750000002
computational science,0.026650267013888895
computer graphics,0.02696777805555553
analytics,0.027533094444444406
convolutional neural network,0.027598297083333334
schema migration,0.02819476576388885
user interface,0.02850578152777783
graphical user interface,0.028794869791666566
middleware,0.029082275208333314
audio signal processing,0.0291141702083334
word embedding,0.029229432361111057
big data,0.02938563368055558
algorithm,0.029427442569444434
statistics,0.029450922361111104
web server,0.03003943791666669
artificial neural network,0.03018325166666669
algorithmic trading,0.03050883048611111
anomaly detection,0.031509672777777775
data,0.03180629708333338
image,0.03188072194444447
network monitoring,0.032261489444444486
time series,0.03290800479166667
benchmark,0.033067275763888904
instant messaging,0.03339257236111112
data mining,0.033687144652777806
automation,0.03368720333333336
server,0.034913102152777764
distributed computing,0.03513217527777776
back end,0.035413419791666706
linear algebra,0.03553000645833332
command-line interface,0.035811956666666644
password manager,0.036817938333333355
"extract, transform, load",0.03740043986111111
scheduler,0.038305460347222264
content management system,0.03841682562500001
continuous integration,0.03976982465277776
pattern matching,0.04009519888888885
database,0.040328088472222245
operating system,0.04096309597222217
distributed system,0.04106500062499999
optical character recognition,0.04155782569444447
visualization,0.04156173604166666
object–relational mapping,0.04210646840277782
cluster analysis,0.042867358958333324
data binding,0.04348487993055558
data visualization,0.043656573263888915
logging,0.04439209604166666
text processing,0.044822523194444464
embedded system,0.045847983194444386
distributed database,0.04796546951388883
sorting algorithm,0.04814758645833331
computer configuration,0.04884489375000001
serialization,0.05067591979166658
data compression,0.05111364777777777
synchronization,0.05163768888888884
data structure,0.052412668055555556
application performance management,0.053876764097222224
file system,0.058576404166666596
information processing,0.05886178979166662
database management,0.0639681007638889
computer data storage,0.08362249034722222
