domain,diff
web application security,0.0007968288095238085
back end,0.0008491117460317499
database management,0.0009932942063491657
email,0.0011050003968254007
distributed system,0.0017237784126984124
application performance management,0.0022875950793651567
neural machine translation,0.002412030238095275
content management system,0.0026950441269841807
benchmark,0.002767614206349217
test automation,0.0033484288095238512
security,0.0034612246031746063
World Wide Web,0.0035484673015872825
File Transfer Protocol,0.003694250079365108
big data,0.0037640186507936213
game,0.003801495476190464
scheduler,0.004066120476190482
user interface,0.004461562063492075
Q-learning,0.004481165714285695
language model,0.0046473456349206965
server,0.004847541190476146
reinforcement learning,0.005029011349206358
linear regression,0.0051385430158730205
time series,0.005399309920634948
data analysis,0.0054907514285714165
distributed computing,0.005528880238095224
smart contract,0.0055911026984126755
front end,0.005722484920634929
machine translation,0.00606911944444441
functional programming,0.006290341428571489
object detection,0.006467987539682529
machine learning,0.006739208492063498
signal processing,0.006870179682539668
router,0.00689719023809518
penetration test,0.0071456235714286165
translation,0.00733993380952383
business dashboard,0.007415420873015888
synchronization,0.007654507460317539
web server,0.007805555793650776
microservices,0.008203241904761904
plot,0.008285576428571417
cloud computing,0.008787745476190517
static program analysis,0.00883896904761905
audio signal processing,0.009090250317460302
authentication,0.00918524936507939
automation,0.00936644174603174
HTTP client,0.00939107746031742
support vector machine,0.010154486349206321
analytics,0.010281791349206398
logging,0.010439489999999996
encryption,0.011178389682539674
recommender system,0.011440983809523853
web crawler,0.011912493492063497
geographic information system,0.012023929999999988
HTTP server,0.012713345873015813
computational science,0.012749221269841293
continuous integration,0.012785094206349268
database,0.013727210555555536
long short-term memory,0.01381502182539679
regular expression,0.013931133253968303
graph database,0.013998957619047625
telecommunications network,0.014731837698412659
data compression,0.01491567650793657
data structure,0.01684582015873018
Web Components,0.01750021412698416
data science,0.018675452619047628
software testing,0.01893107063492061
reactive programming,0.01936209031746028
computer data storage,0.019520061031746
robotics,0.0195876179365079
graphical user interface,0.02068561492063492
web application,0.020797474523809478
client,0.02168240904761909
kernel,0.021836474761904756
algorithm,0.022209711984126967
dependency injection,0.02298855992063492
instant messaging,0.024894920555555533
validator,0.025040283809523778
website,0.02506063626984123
data,0.025282433253968284
information retrieval,0.025373725396825392
password manager,0.02593312214285709
distributed database,0.02623857460317458
pattern matching,0.026591958571428626
text processing,0.02695933873015874
game engine,0.030226974126984135
stream processing,0.031130793968253967
embedded system,0.0316546572222223
streaming media,0.03175638460317459
backup,0.0328080371428571
unit testing,0.033298471984127
information processing,0.03353109420634917
web service,0.04030518246031742
compiler,0.04246931619047617
text classification,0.04329926722222227
command-line interface,0.044944378492063564
computer configuration,0.046053524365079396
serialization,0.05011944103174609
file system,0.05379447095238096
package management system,0.05392164484126985
data binding,0.05786677309523805
object–relational mapping,0.05793114396825402
operating system,0.06876055174603174
