domain,diff
code generation,0.0020376529166666324
penetration test,0.0021747283333333756
microservices,0.004433109166666671
package management system,0.00452500152777785
smart contract,0.006625031527777714
command-line interface,0.011921592916666696
telecommunications network,0.012191377361111144
streaming media,0.013130665000000014
Web Components,0.014723297500000065
stream processing,0.016198423750000024
regular expression,0.016765119027777775
translation,0.021806974583333333
"extract, transform, load",0.022932251111111107
artificial neural network,0.02462045666666668
cloud computing,0.025130428611111144
web application,0.02651444097222222
automation,0.027019073333333338
graph database,0.027563672083333324
web application security,0.027642139166666663
client,0.02781686875
data mining,0.0302363452777778
continuous integration,0.030631467777777782
file system,0.03191101166666663
software testing,0.03243346263888894
object detection,0.03328986458333333
computer configuration,0.03362897375000001
security,0.035704883472222254
server,0.03905251402777782
data compression,0.03934705527777785
data structure,0.039422938055555495
stock market,0.039451423888888865
website,0.0396919409722222
web server,0.039829479166666626
logging,0.04048383291666666
email,0.04223093166666669
optical character recognition,0.04292145194444444
user interface,0.04489558777777769
analytics,0.04609445819444449
object–relational mapping,0.046316394027777735
information processing,0.04760298666666665
application performance management,0.049342139722222206
text processing,0.049681570694444455
content management system,0.0496916775
World Wide Web,0.04976021402777786
pattern matching,0.051643021388888904
language model,0.0523964561111111
web service,0.052887440833333355
back end,0.05686954791666668
data,0.057920400833333385
database,0.05907791347222213
distributed database,0.06383349638888888
data binding,0.06715431055555562
computer data storage,0.06825885722222222
instant messaging,0.0750693286111111
database management,0.07729391513888886
big data,0.08450657555555552
