domain,diff
HTTP client,0.0017368815277777616
telecommunications network,0.002169945138888879
recommender system,0.003356735416666645
linear regression,0.004026957569444517
graph database,0.00408413083333331
software testing,0.004572064513888863
dependency injection,0.0052146763194444445
validator,0.00534933826388892
data science,0.005580609305555595
streaming media,0.0058229062500000095
cloud computing,0.0063704517361111435
game engine,0.006710829305555555
compiler,0.007256341249999965
client,0.007394280625000027
stream processing,0.007716416249999969
distributed multimedia communications platform,0.008591032152777844
machine learning,0.009425312013888854
virtual machine,0.009787041388888917
search,0.01146356152777775
email,0.013531144166666675
unit testing,0.014643995069444471
big data,0.015350663680555598
web service,0.015550750208333353
microservices,0.015792231666666712
benchmark,0.01596597513888892
static program analysis tool,0.01640634451388895
distributed computing,0.01728130715277773
distributed database,0.017584338263888888
File Transfer Protocol,0.018221367013888934
smart contract,0.018697308472222174
translation,0.018713328333333334
package management system,0.018802062152777743
text classification,0.019009866805555525
test automation,0.019020199166666696
signal processing,0.019039372152777817
web application,0.019977565972222278
support vector machine,0.020113350694444476
3D modeling,0.02018877194444449
deep learning,0.020310913472222247
data analysis,0.021061824374999982
schema migration,0.02124117701388889
object–relational mapping,0.021470922777777762
static program analysis,0.022002304583333243
database,0.022179695347222195
reinforcement learning,0.022356508680555554
HTTP server,0.02239611951388884
e-commerce,0.02253129187499997
analytics,0.022730468194444492
data,0.023119011458333394
object detection,0.02323311520833332
distributed system,0.02360466937500008
statistics,0.024088048611111135
algorithm,0.02419448069444441
server,0.024370351527777778
website,0.024707670972222262
language model,0.025869839236111025
geographic information system,0.025967043124999922
web application security,0.026329555416666706
graphical user interface,0.02697081166666665
World Wide Web,0.028732245902777787
security,0.028809382847222204
artificial neural network,0.02885942666666666
user interface,0.029172667777777717
data mining,0.02957580152777778
web crawler,0.02991960979166669
penetration test,0.03033262520833327
convolutional neural network,0.030559499583333316
regular expression,0.030577102777777754
computer science,0.03154853847222225
web server,0.03193735916666668
artificial intelligence,0.03196128222222222
cluster analysis,0.032069123333333366
instant messaging,0.033240992986111106
long short-term memory,0.03399698277777774
scheduler,0.034785024097222256
natural language,0.035274627152777766
continuous integration,0.035351790902777736
operating system,0.035402050972222265
question answering,0.03631581416666668
content management system,0.036894746250000054
encryption,0.03767877944444445
data binding,0.0384272893055555
automation,0.03970520333333333
data structure,0.0415253018055555
command-line interface,0.04224258791666663
sorting algorithm,0.04345756020833333
backup,0.044034816041666675
application performance management,0.044455547222222225
serialization,0.04515032166666663
text processing,0.045800437569444435
image segmentation,0.04613170548611106
back end,0.04657716291666661
optical character recognition,0.04690622319444443
embedded system,0.047055971319444445
pattern matching,0.048131505138888975
logging,0.04953654916666664
"extract, transform, load",0.05061481048611122
file system,0.052854582291666674
data compression,0.053216671527777704
computer configuration,0.053759241250000034
information processing,0.05380833479166661
computer data storage,0.0718054797222222
