domain,diff
web application,1.8034722222282085e-06
database,8.065347222224739e-05
object detection,0.0002389335416666527
search,0.0003074140972222361
email,0.00045514645833336087
client,0.0009592368749999913
signal processing,0.0010844427777778054
static program analysis,0.0014540139583333334
Semantic Web,0.0016446165972222593
data structure,0.0022771305555556176
website,0.0026961965972222557
data,0.0027893735416666954
artificial neural network,0.0027988966666666892
support vector machine,0.003004908194444461
algorithm,0.0031171868055556162
Web Components,0.0031310981249999537
graphical user interface,0.0031960397916666883
knowledge graph,0.003474422361111118
"extract, transform, load",0.0039001013888888825
telecommunications network,0.004359211736111063
geographic information system,0.004801826249999974
penetration test,0.004841494166666682
translation,0.004987653333333342
big data,0.005548114930555514
smart contract,0.005678678402777748
regular expression,0.007051584722222198
test automation,0.007315873333333361
blockchain,0.008052373333333307
object–relational mapping,0.008155338402777795
data binding,0.009099553055555515
time series,0.009884807291666686
data compression,0.00994827840277776
optical character recognition,0.010273738680555589
World Wide Web,0.010473662777777781
machine learning,0.010521719236111088
web application security,0.01052207729166671
analytics,0.010771243194444446
microservices,0.011080398958333348
streaming media,0.011123542500000028
stream processing,0.01131752937500008
linear regression,0.011443218680555617
pattern matching,0.01240882638888885
web scraping,0.012914852986111142
user interface,0.014030405277777769
language model,0.014687142986111124
package management system,0.01691165715277776
information extraction,0.019715980347222217
cryptocurrency,0.020023128194444434
content management system,0.022892914999999986
operating system,0.023183724722222215
file system,0.02355754104166663
software testing,0.02413405826388884
game server,0.024366164027777804
command-line interface,0.02569054541666671
security,0.026335027222222168
web service,0.02806973770833332
WebSocket,0.028248437777777802
web server,0.028507889791666685
server,0.029336225902777846
automation,0.029476157708333395
distributed database,0.029717925138888823
File Transfer Protocol,0.0309597238888889
logging,0.03140670916666663
distributed computing,0.03266907965277774
HTTP client,0.03310920527777775
password manager,0.03332237833333329
back end,0.034756792291666616
embedded system,0.03736363444444446
HTTP server,0.038780058263888945
information processing,0.04033056229166668
internet bot,0.04078263951388891
computer data storage,0.04111141972222221
distributed system,0.04519814937499994
continuous integration,0.046551536527777826
network monitoring,0.05013338819444449
instant messaging,0.05066575736111112
computer configuration,0.05210423
scheduler,0.05368640909722225
