domain,diff
data analysis,0.0013602668749999602
test automation,0.0017050604166666539
game engine,0.0025631025694444753
digital audio,0.0036205140277777714
graph database,0.0038577977083333326
digital image processing,0.006087143472222223
regular expression,0.006252874652777796
smart contract,0.006393725902777703
client,0.006594477499999973
big data,0.0074654643055555026
data mining,0.009599589652777768
data,0.011921403333333358
penetration test,0.01234789020833335
search,0.012869237152777768
benchmark,0.01371226576388887
telecommunications network,0.013730531736111107
digital security,0.014448174236111111
network analysis,0.014698946736111135
blockchain,0.014739637708333364
unit testing,0.01658879506944444
analytics,0.01660204319444447
microservices,0.01694781145833335
deep neural network,0.01695331986111112
data compression,0.01743807340277778
Web Components,0.017548519375000016
optical character recognition,0.01764943319444448
data structure,0.01769476368055556
Q-learning,0.017992687291666726
pattern matching,0.018035593888888896
artificial neural network,0.01810211354166666
compiler,0.018168379999999984
dependency injection,0.018385992430555526
object detection,0.019594015208333315
cloud computing,0.020477561111111042
WebSocket,0.020680939652777813
graphical user interface,0.02218553291666675
time series,0.022248679791666698
convolutional neural network,0.022841025208333282
language model,0.02290666048611109
design,0.024793918611111132
software testing,0.025329270763888856
word embedding,0.025732163611111164
distributed computing,0.02590011402777781
web application,0.02755476597222234
package management system,0.027624666527777758
object–relational mapping,0.029282524652777753
HTTP client,0.03236491152777776
logging,0.03263333166666668
File Transfer Protocol,0.03313019138888887
web browser engine,0.03454106465277776
command-line interface,0.03495294666666662
automation,0.03514668333333332
security,0.035535734097222216
information processing,0.036131989166666656
embedded system,0.03655827694444444
distributed system,0.037897903124999965
data binding,0.038321115555555535
World Wide Web,0.0385561296527778
continuous integration,0.03991693527777779
user interface,0.0410317009027778
database,0.041339589097222296
website,0.04136406722222219
password manager,0.04307693145833333
web application security,0.04379569479166656
file system,0.04526841854166669
web service,0.04534183458333335
computer configuration,0.04583008750000003
distributed database,0.04683805951388881
serialization,0.05260018916666667
content management system,0.054296664375000026
HTTP server,0.05443531201388885
application performance management,0.05733296472222224
game server,0.059173985277777785
server,0.0607206396527778
back end,0.06411970604166672
instant messaging,0.06414699986111111
database management,0.06456727263888881
web server,0.06696992229166668
computer data storage,0.06810760222222217
