domain,diff
validator,0.001406531111111109
integrated development environment,0.0017191915277777747
game engine,0.0019127781944444089
web application,0.001949859722222197
HTTP client,0.002282397222222232
client,0.0026990812500000683
DevOps,0.0034465940277777773
machine learning,0.0037945563888889255
web development,0.0038191379166666595
streaming media,0.004001748749999978
smart contract,0.0040416622222221865
stream processing,0.004289623750000027
Web Components,0.005088512499999975
data science,0.006855818055555574
dependency injection,0.006960770694444479
compiler,0.007282845000000093
recommender system,0.007425787916666621
web browser engine,0.0077627552777777276
World Wide Web,0.007835661527777787
Semantic Web,0.008510244722222227
telecommunications network,0.008562371388888906
test automation,0.008703492916666666
web application security,0.009851854166666674
web service,0.009941360833333301
HTTP server,0.009993768888888893
regular expression,0.010699960277777781
package management system,0.011303686527777801
sentiment analysis,0.012000619444444471
microservices,0.012297649166666647
regression analysis,0.012544195416666681
convolutional neural network,0.012552334583333324
penetration test,0.012620323333333378
artificial intelligence,0.013022673472222274
linear regression,0.01392533444444441
object detection,0.014232852083333303
cloud computing,0.014814081111111072
web server,0.014949385416666627
unit testing,0.015060828194444431
e-commerce,0.015828652500000012
translation,0.015915664583333322
File Transfer Protocol,0.015951066388888935
graph database,0.01696383583333333
time series,0.017574655416666668
geographic information system,0.017614477500000003
security,0.017867698472222193
schema migration,0.0179462863888889
artificial neural network,0.018396962916666676
static program analysis,0.01842204083333332
software testing,0.018989787638888922
game server,0.019020312777777798
computational science,0.01904952138888888
website,0.020280709722222207
data analysis,0.020506837500000014
distributed computing,0.021468844027777795
big data,0.02180865305555557
support vector machine,0.02208015819444445
user interface,0.022212144027777714
algorithm,0.02292592694444437
distributed system,0.02366211874999996
analytics,0.024099748194444465
language model,0.024212598611111136
continuous integration,0.024513994027777763
server,0.024640096527777766
data mining,0.02468645777777778
graphical user interface,0.02473429541666672
data,0.02643721333333332
statistics,0.0270077723611111
command-line interface,0.027617476666666613
object–relational mapping,0.028663549027777763
distributed database,0.028730042638888953
automation,0.028939504583333303
cluster analysis,0.030051192083333345
back end,0.03033167416666671
database,0.030560449722222216
content management system,0.03124554375000002
scheduler,0.03169233347222228
instant messaging,0.032337687361111145
optical character recognition,0.032767789444444445
computer configuration,0.03390528374999999
pattern matching,0.034321991388888945
data visualization,0.03455239013888889
synchronization,0.03505015388888888
embedded system,0.03627220569444445
data structure,0.03925105930555553
application performance management,0.04018776722222214
password manager,0.04173135333333336
logging,0.042527322916666666
file system,0.04331966416666666
data binding,0.04460226305555556
data compression,0.045866186527777714
database management,0.04635301638888892
information processing,0.04756714541666662
serialization,0.051575766666666634
computer data storage,0.06653545972222222
