domain,diff
3D modeling,0.00018668333333335396
text classification,0.0002541449999999834
test automation,0.0006680266666667101
graph database,0.000745141666666671
cloud computing,0.001455722777777807
blockchain,0.001863205555555525
email,0.0025584633333332885
reinforcement learning,0.002603977777777766
linear regression,0.0030707227777778123
support vector machine,0.0032373155555555366
data science,0.003342136111111088
web application,0.0036031633333333812
Parser combinator,0.003659568333333252
static program analysis,0.003867531666666757
static program analysis tool,0.0041010727777777145
machine learning,0.0043548744444444065
deep learning,0.004440749444444447
penetration test,0.0046188322222222855
e-commerce,0.0047864966666666675
lexical analysis,0.004807822777777748
code generation,0.004978136111111087
search,0.005921345000000022
language model,0.006114599444444424
World Wide Web,0.006530118333333362
graphical user interface,0.007095558888888909
translation,0.007322931111111153
web service,0.007869642777777824
package management system,0.007984841111111113
natural language processing,0.008051157222222216
telecommunications network,0.00831033277777779
stream processing,0.008697251666666628
web application security,0.008927455555555519
natural language,0.009396728333333354
website,0.009478212777777828
object detection,0.010206343333333368
random forest,0.011775852777777762
front end,0.011790792777777753
artificial neural network,0.011792488888888897
File Transfer Protocol,0.012081649444444481
software engineering,0.012403577222222184
convolutional neural network,0.012462690555555572
user interface,0.012735757777777745
search engine,0.013243687222222245
command-line interface,0.013244624444444408
HTTP client,0.013271546666666661
computer science,0.013508483888888895
authentication,0.01397413166666664
artificial intelligence,0.0140113738888889
HTTP server,0.014228684444444417
web scraping,0.014554515000000018
integrated development environment,0.01482411611111109
big data,0.015203642777777804
interpreter,0.015546929444444413
compiler,0.015578446111111116
software development,0.01570107777777785
streaming media,0.016513577777777844
mathematical optimization,0.016709299444444492
analytics,0.016923959444444414
distributed computing,0.01693755000000005
algorithm,0.017103470555555583
smart contract,0.01722311000000004
microservices,0.018320351111111022
middleware,0.018642332222222252
Web Components,0.019597509444444466
stock market,0.019917661111111096
game engine,0.02050375777777777
data analysis,0.020558737222222206
network monitoring,0.02084564777777778
back end,0.021230819999999984
content management system,0.02123866888888895
web server,0.021308116111111136
regular expression,0.02161687000000001
continuous integration,0.021636586666666652
text processing,0.021963546111111065
security,0.023029408888888936
data visualization,0.023323789999999983
geographic information system,0.02350633555555559
validator,0.023545783333333348
unit testing,0.02398710944444446
recommender system,0.024192488333333345
benchmark,0.024231351111111077
instant messaging,0.025337560555555555
software testing,0.025412030000000058
data mining,0.025725140555555553
data,0.02617412611111103
client,0.02620511944444437
server,0.026491437777777738
"extract, transform, load",0.027279444999999958
optical character recognition,0.02793609777777778
automation,0.028815126111111172
object–relational mapping,0.029149325555555494
distributed system,0.029611556666666705
operating system,0.030541056111111076
data structure,0.03213267111111112
logging,0.03218798611111115
password manager,0.03232571777777779
data compression,0.032408521111111116
database,0.032778936111111046
serialization,0.032918007222222156
data binding,0.03394567388888883
information processing,0.034113343333333296
computer configuration,0.03467396388888894
embedded system,0.03573795999999996
time series,0.03614324722222223
application performance management,0.036272006111111116
sorting algorithm,0.037240023333333344
distributed database,0.037330120555555485
schema migration,0.03777027611111117
cluster analysis,0.038565158333333294
pattern matching,0.04476356944444443
backup,0.04534824888888894
file system,0.045466466111111103
database management,0.05622140888888891
synchronization,0.06130759555555551
computer data storage,0.06512256666666669
