domain,diff
recommender system,8.903111111108197e-05
blockchain,0.00023873555555559145
data,0.0018087188888888939
software testing,0.0023444722222222825
streaming media,0.0028694294444444324
data analysis,0.00433340888888889
graph database,0.0045840972222222776
microservices,0.004631051111111062
data compression,0.005401505555555547
game engine,0.005972502222222259
stream processing,0.008041106666666686
Web Components,0.008344082777777762
big data,0.009004116111111127
database,0.009495219444444425
data structure,0.009659823888888919
smart contract,0.009666525000000037
penetration test,0.009791240000000007
client,0.010347749999999933
cloud computing,0.011302059444444373
translation,0.014632753888888905
File Transfer Protocol,0.016380401111111137
support vector machine,0.01746146944444446
deep learning,0.018364672222222184
HTTP client,0.019905127777777726
package management system,0.023196622777777787
static program analysis,0.02351547388888886
web application,0.02522979611111112
website,0.025749758333333372
file system,0.02624780666666665
web service,0.02626147777777782
test automation,0.02650275111111114
pattern matching,0.026756102222222244
object–relational mapping,0.028242418333333297
distributed computing,0.028764101666666653
analytics,0.02908371277777788
telecommunications network,0.02958964166666672
web application security,0.030338488333333358
distributed system,0.03129931555555557
time series,0.033084733888888884
data visualization,0.03446189500000005
data binding,0.035036781111111165
server,0.03570754222222228
security,0.03574908055555556
web browser engine,0.035959055555555564
content management system,0.03706283722222217
logging,0.04081321166666668
computer data storage,0.04181135444444445
graphical user interface,0.044855123888888904
web server,0.0451573661111111
command-line interface,0.04660351888888889
object detection,0.04932520111111113
continuous integration,0.049385430000000036
HTTP server,0.04977040111111117
computer configuration,0.0506014077777778
back end,0.050895062777777805
operating system,0.05155669611111108
user interface,0.05365370111111101
scheduler,0.05417214722222222
automation,0.05468377611111108
embedded system,0.05646784333333332
instant messaging,0.0584099988888889
synchronization,0.06139029944444449
augmented reality,0.07246125888888888
application performance management,0.0768827566666668
