domain,diff
streaming media,2.9928333333345547e-05
machine learning,0.00035233777777779474
regression analysis,0.0005173455555555206
recommender system,0.0006506611111111171
penetration test,0.0008440222222222127
software architecture,0.0014005472222222426
game engine,0.0015490138888888672
package management system,0.0016621466666666973
cloud computing,0.0021406011111111123
email,0.002260180000000056
3D modeling,0.0025904333333333363
web crawler,0.0030612455555555362
linear regression,0.0033130933333333223
test automation,0.0034240227777778687
telecommunications network,0.0034400788888888922
Web Components,0.004230417222222227
deep learning,0.0043066216666667045
validator,0.0047126544444444085
web application,0.005035397222222182
knowledge graph,0.005145740555555528
web development,0.005367693888888886
graph database,0.00563760111111114
smart contract,0.006127258333333385
File Transfer Protocol,0.00628641388888887
integrated development environment,0.00639046444444441
Semantic Web,0.0069673155555555755
client,0.007422178888888797
HTTP client,0.00800536166666671
operating system,0.008099784444444452
search,0.008375321666666657
data science,0.008429693333333266
microservices,0.008612326111111124
data analysis,0.00862147111111114
algorithm,0.008946606111111088
translation,0.009481547777777766
distributed computing,0.009966673333333342
big data,0.010003247222222178
file system,0.010015830555555605
geographic information system,0.010424542777777768
World Wide Web,0.010715637222222213
e-commerce,0.010833603888888932
compiler,0.010965575555555496
convolutional neural network,0.011877252222222218
distributed multimedia communications platform,0.011900611666666644
web browser engine,0.012137631666666676
distributed system,0.012740059999999997
Parser combinator,0.012913608888888928
website,0.01298008277777779
signal processing,0.013097502222222224
unit testing,0.013160436666666636
computational science,0.013337773333333303
data,0.013467426666666615
artificial intelligence,0.0135137294444444
Image analysis,0.01352458333333334
text classification,0.013819268888888903
distributed database,0.01433529555555546
command-line interface,0.014387813888888906
support vector machine,0.014670798333333374
web server,0.014690301111111137
graphical user interface,0.014777091111111168
reinforcement learning,0.015274285555555545
artificial neural network,0.015801441666666693
user interface,0.01622139944444445
analytics,0.01642188666666669
stream processing,0.016552983888888873
geographic information,0.016699345555555578
database,0.01700225722222215
data visualization,0.01743878444444441
schema migration,0.017636811111111095
data structure,0.017679883888888887
object detection,0.017704676666666613
sentiment analysis,0.017790022777777803
web service,0.01827148444444443
HTTP server,0.018373007222222237
shell tool,0.018720281111111098
visualization,0.01926139277777783
continuous integration,0.019286572222222242
audio signal processing,0.019397894999999943
software testing,0.01949152666666673
content management system,0.01984075111111111
bitcoin,0.020214943888888948
data mining,0.020619792777777785
server,0.020933684444444434
automation,0.021094121111111114
optical character recognition,0.0211202294444445
web application security,0.021256287222222253
regular expression,0.0213038111111111
data compression,0.022219205555555566
sorting algorithm,0.022805842222222233
computer configuration,0.02406809388888892
"extract, transform, load",0.024549240555555546
time series,0.0247796661111111
cluster analysis,0.024862578333333274
language model,0.024934019444444483
security,0.025034228888888926
natural language processing,0.02617520944444443
stock market,0.026445959444444417
object–relational mapping,0.026448616666666647
anomaly detection,0.028833638333333356
back end,0.029016106111111134
embedded system,0.030593292777777753
database management,0.03095321833333331
logging,0.031306189444444465
password manager,0.03134369222222219
scheduler,0.034188972222222225
pattern matching,0.03493600944444439
text processing,0.035210391666666646
internet bot,0.0353751983333333
synchronization,0.03604666111111113
data binding,0.03904998944444446
computer data storage,0.03933801777777779
serialization,0.0398903655555555
application performance management,0.04018543444444447
information extraction,0.041666254444444384
instant messaging,0.04330338388888888
information processing,0.0475438283333334
