domain,diff
stock market,0.00031061291666670265
game engine,0.00032925020833332597
face detection,0.00039107333333338046
web crawler,0.0006911943750000094
HTTP server,0.0008098568750000146
pattern matching,0.0012794729166666907
artificial neural network,0.001352548958333366
penetration test,0.0013632639583333328
streaming media,0.0014544464583333694
DevOps,0.0021532941666665972
artificial intelligence,0.0022629945833333165
algorithm,0.0025836585416666447
game server,0.002584490833333286
search,0.002626357083333364
signal processing,0.0027088783333333866
Parser combinator,0.0027349877083333862
automation,0.0031833189583333477
interpreter,0.0035113437500000066
benchmark,0.0035892004166666047
web server,0.0036507166666666646
HTTP client,0.003942139166666692
Malware Analysis,0.0043192202083333076
logging,0.00442654333333331
test automation,0.004677030833333318
time series,0.004769960833333364
email,0.00477570187500001
sorting algorithm,0.004902349583333326
parsing,0.005393608750000001
unit testing,0.006034433333333339
question answering,0.006159510625000031
application performance management,0.006276892291666669
hyperparameter optimization,0.0063269764583333
distributed system,0.006327202500000018
network monitoring,0.006519214166666676
text classification,0.006719827916666671
text editor,0.007103406041666621
text processing,0.007172394166666596
distributed computing,0.0074296256249999915
translation,0.00803468354166667
web scraping,0.008373467916666655
reinforcement learning,0.008431268124999974
malware,0.008436800833333313
server,0.008519663333333372
audio signal processing,0.008715514791666656
Q-learning,0.008921685208333335
web browser engine,0.009439407291666646
command-line interface,0.010879189375000042
regular expression,0.01095083145833331
software design pattern,0.011490077916666674
anomaly detection,0.011864857083333347
code generation,0.012438158749999983
shell tool,0.012633559583333343
image compression,0.012746638125000043
information processing,0.012821957708333276
password manager,0.013917803333333367
convolutional neural network,0.014270115208333323
search engine,0.014313179999999981
deep neural network,0.014543841666666668
synchronization,0.014891012499999967
embedded system,0.01501004374999998
serialization,0.015020798333333307
"extract, transform, load",0.015021332083333339
deep learning,0.015195558958333327
software testing,0.015538998333333304
analytics,0.015962946250000054
image segmentation,0.016508278541666643
web browser,0.016646997500000038
object detection,0.017659069166666652
backup,0.017693840624999957
client,0.017752205833333368
instant messaging,0.01818658125
web application security,0.01821473166666665
mobile application development,0.01848016666666666
encryption,0.019026010416666655
information extraction,0.01912140750000002
image recognition,0.019126261250000026
network analysis,0.019267974999999993
stream processing,0.019472551458333265
data compression,0.020156392916666654
kernel,0.020518705624999994
computer vision,0.020857463750000027
static program analysis tool,0.021036908750000027
static program analysis,0.02191400041666669
language model,0.02238290104166668
web service,0.022544164583333248
web application,0.02281802229166663
facial recognition system,0.02299386479166668
internet of things,0.023210100416666685
smart contract,0.02348884499999998
big data,0.02354159750000001
microservices,0.023551465833333396
machine learning,0.02358069541666663
computer configuration,0.02367955895833329
automated machine learning,0.02374809041666673
back end,0.02388616770833335
validator,0.023909851249999975
data analysis,0.02453360020833334
cloud computing,0.0248835089583333
dependency injection,0.0252381906250001
front end,0.02610781187499997
continuous integration,0.0261376891666667
static site generator,0.0264131866666667
security,0.02689918083333337
classification,0.027096930208333314
authentication,0.028795006041666654
support vector machine,0.029492805208333306
Containerization,0.03046343937500004
data mining,0.031089068125000008
File Transfer Protocol,0.031130386249999975
internet bot,0.031224612291666648
World Wide Web,0.031329042291666664
data binding,0.03197155895833331
virtual machine,0.032891718125000025
Web Components,0.03315759395833334
computer data storage,0.033402277499999966
linear regression,0.03433369645833331
knowledge graph,0.034583151874999996
scheduler,0.03511938437500006
distributed database,0.03538332583333337
computational science,0.03576878354166671
recommender system,0.03604176708333334
website,0.036663390833333365
optical character recognition,0.037468716458333357
operating system,0.03853329645833331
package management system,0.03858252437499998
content management system,0.041146446666666614
object–relational mapping,0.04129094416666662
telecommunications network,0.042129173125
data structure,0.04241875270833331
data visualization,0.042766858750000025
geographic information system,0.04302014708333332
graphical user interface,0.04363405104166665
data science,0.04388605229166673
data,0.04533888520833329
digital security,0.04678230562500002
file system,0.05108642083333337
database management,0.05144856708333334
database,0.05277565916666671
user interface,0.0531113858333333
Semantic Web,0.05471275687499999
graph database,0.060452882291666676
