domain,diff
search,0.0008657669047619221
plot,0.0011785602380952331
distributed system,0.0014518999999999505
speech synthesis,0.002054133333333402
artificial neural network,0.0022736316666666645
web server,0.0024730947619047705
stock market,0.003589605238095289
logging,0.0037209730952381115
audio signal processing,0.0040205523809523636
translation,0.0042862102380952505
signal processing,0.004392945952380961
distributed multimedia communications platform,0.004531482619047622
embedded system,0.005114439285714312
penetration test,0.005648788333333349
web crawler,0.006495658571428559
application performance management,0.00660582309523805
automation,0.006848365952380975
algorithm,0.00696501809523814
benchmark,0.007254331666666725
server,0.007648072619047652
animation,0.007700605238095237
command-line interface,0.008360082857142848
unit testing,0.008506839047619036
HTTP client,0.008534928333333303
distributed computing,0.008998475000000006
text classification,0.009569310238095236
information processing,0.009824308333333365
HTTP server,0.010012272857142901
hyperparameter optimization,0.01120041976190475
password manager,0.011416445476190473
telecommunications network,0.012352102857142833
web service,0.012541044761904707
game server,0.013295020476190522
time series,0.01334823547619049
code generation,0.013680882142857093
dependency injection,0.014063385714285725
digital audio,0.014229475952380971
streaming media,0.014729184047619137
stream processing,0.014794852619047671
web application security,0.015326323809523812
object detection,0.015453688809523802
sentiment analysis,0.015519854285714285
Web Components,0.015717029761904755
network monitoring,0.01591636666666668
convolutional neural network,0.016487772619047603
pattern matching,0.016859756666666698
security,0.01788725190476187
Containerization,0.01811923428571427
language model,0.018292625238095217
scheduler,0.019029205714285735
test automation,0.01932921904761903
web scraping,0.019378218095238042
synchronization,0.01963695142857147
text processing,0.020686833809523797
support vector machine,0.02082775190476191
design,0.022487897142857205
validator,0.022932332857142912
data binding,0.02297486404761906
continuous integration,0.02384404952380953
File Transfer Protocol,0.023998347142857146
client,0.02407007261904759
word embedding,0.024139293809523787
front end,0.024204419285714263
data compression,0.024372760952380945
web application,0.024404649523809552
World Wide Web,0.024560827380952444
middleware,0.025069759285714366
computer configuration,0.025217344047619022
regular expression,0.025510766904761895
back end,0.025538793333333365
long short-term memory,0.02570667333333329
software testing,0.02650530476190474
smart contract,0.026716805714285696
machine learning,0.028002234523809455
digital image processing,0.02806293166666668
analytics,0.0300259707142857
microservices,0.030071316904761836
backup,0.03026672785714285
automated machine learning,0.030326710238095272
authentication,0.030332083095238105
static program analysis,0.030396465952380936
static program analysis tool,0.03236313285714287
blockchain,0.0323764807142857
graphical user interface,0.032400500238095264
logistic regression model,0.03242015690476194
website,0.033103174761904774
cloud computing,0.033831896190476135
data analysis,0.0339506490476191
internet bot,0.03518364238095237
big data,0.03545309571428573
content management system,0.03582956523809527
package management system,0.03594815428571435
digital security,0.037893745714285776
computer data storage,0.03819098071428573
information extraction,0.03899488000000004
data mining,0.03959272571428568
user interface,0.04173962261904762
recommender system,0.04203652904761904
instant messaging,0.04309668785714288
operating system,0.043521119761904814
knowledge graph,0.044312656428571406
data visualization,0.04600451071428571
geographic information system,0.04637384119047616
optical character recognition,0.04677615690476197
object–relational mapping,0.04820807380952383
distributed database,0.04827917976190477
business dashboard,0.0502782671428571
data structure,0.05028108690476188
WebSocket,0.05246538238095236
data science,0.054220842380952344
data,0.05469878261904759
schema migration,0.057013020476190474
Semantic Web,0.05839161571428572
file system,0.06264994690476192
database management,0.06721634404761909
database,0.0706472023809524
graph database,0.07305786880952383
