domain,diff
scheduler,0.019015678888888915
serialization,0.019876223333333318
database,0.021011621666666674
server,0.02101951000000002
analytics,0.021582831222222196
security,0.03542176277777778
logging,0.04682598611111112
client,0.05104862499999996
compiler,0.06046840475000928
website,0.06951896777777775
documentation,0.07412122499999999
automation,0.0936191598393476
validator,0.10722569311111113
authentication,0.10815854111111109
microservices,0.1112133008481297
middleware,0.11973156611111108
data,0.1213971177777778
