domain,diff
education,0.000999739169687923
server,0.0027315874107142757
debugging,0.002790442360121142
documentation,0.003605133920792125
design,0.012802028214285707
website,0.014753983035714263
analytics,0.01548864758928574
chatbot,0.01700971115266981
data,0.020615464017857132
client,0.024541945178571473
automation,0.02816479375
translation,0.029882420839285717
microservices,0.03286134883928568
database,0.05882923955357147
bioinformatics,0.059656087639939966
security,0.08547873955357149
authentication,0.11311039196428563
