domain,diff
validator,0.004317028187500002
translation,0.005961978749999999
email,0.016156491249999988
serialization,0.01904568499908019
database,0.029633883750000034
middleware,0.0370886947182901
logging,0.05103566429151113
synchronization,0.053297880297766234
scheduler,0.08959358312499999
server,0.09536216156249999
microservices,0.10200480164245984
data,0.10657495874999998
security,0.10671363133991651
automation,0.11022995350548577
authentication,0.12073266268474057
website,0.25812992019956127
