domain,diff
authentication,0.007102034999999951
scheduler,0.00788975333333336
server,0.012590809444444434
translation,0.014364717000000013
synchronization,0.014476411111111143
client,0.016358472777777716
database,0.016697700555555528
search,0.020645438621816836
logging,0.021654769999999934
security,0.04212315111111112
compiler,0.043006801444444444
serialization,0.04335736677777777
data,0.05644648333333334
email,0.05738393388888888
analytics,0.06278347166666672
documentation,0.06419988089172063
router,0.06498472055555554
middleware,0.0665430522222222
statistics,0.08702277773089043
design,0.0946854045555556
cryptocurrency,0.09512135116120679
encryption,0.10167410111111115
malware,0.1035625741786307
blockchain,0.10758463966666663
validator,0.116498845
cryptography,0.1168951513333333
microservices,0.11808347000000001
automation,0.13479980979081632
website,0.15439064428407556
