domain,diff
client,0.0065566175
algorithm,0.012196079407114715
logging,0.013418374375
server,0.013670911874999997
database,0.019292516250000002
encryption,0.023862700500000014
email,0.027496361250000018
analytics,0.028129188124999996
synchronization,0.040758918374999994
website,0.04732930987499996
serialization,0.053085175
kernel,0.06704553687500002
documentation,0.0714360092752046
validator,0.08498331237500001
microservices,0.09852575246553893
security,0.10372481125000002
bioinformatics,0.10622401801754093
automation,0.11019388293520682
parsing,0.11266996168701685
data,0.14497905875
image,0.16600006843749998
