domain,diff
analytics,0.0006290475000000073
algorithm,0.0041203673952616565
search,0.007725864375000002
scheduler,0.010304415624999994
benchmark,0.012871786643982685
logging,0.014759096249999992
translation,0.018337210625000003
encryption,0.019108054375000003
serialization,0.032883366875
authentication,0.04071670812499997
security,0.048341764499999995
website,0.05180880141415617
email,0.05722935812499998
microservices,0.05818963018193943
server,0.08360131187499997
cryptography,0.08658071142580094
client,0.09056520499999995
virtualization,0.09083393560577738
automation,0.1159037945432419
database,0.11761874
data,0.14634839937499997
