domain,diff
audio signal processing,3.1487638888855196e-05
language model,0.0002300663888888943
compiler,0.0002508167361111313
object detection,0.000687437847222222
natural language processing,0.0006882878472222187
web browser,0.001131413194444486
text processing,0.0011551122222222265
streaming media,0.0016581606944444105
distributed system,0.0017527357638888463
natural language,0.0018569433333333607
cloud computing,0.0019712813194444623
HTTP server,0.002200399236111039
dependency injection,0.0022561826388888817
user interface,0.002454369097222242
static program analysis,0.0026223101388888614
blockchain,0.0031895186111111085
data science,0.0032786589583333192
search engine,0.0033830511111111183
random forest,0.0035217248611111585
electronic trading platform,0.003569146180555538
digital audio,0.003654583055555549
classification,0.0036617056944444337
static program analysis tool,0.0039558936805555445
data compression,0.003984315555555534
Web Components,0.004075245277777861
support vector machine,0.004276060555555544
network monitoring,0.004340970347222195
time series,0.004380157500000009
linear regression,0.004459923402777816
machine translation,0.004515765208333328
computer configuration,0.004703014027777813
code generation,0.004877995833333315
graphical user interface,0.004898594027777758
"extract, transform, load",0.005222331388889001
data,0.005331359305555561
continuous integration,0.005467494791666694
computational science,0.005666657361111049
WebSocket,0.005982478611111064
Malware Analysis,0.006472428194444463
analytics,0.006508971041666589
virtual machine,0.006774690208333323
unit testing,0.006808443541666653
image classification,0.0068775891666667255
serialization,0.00687961215277777
text classification,0.0069425015277777835
word embedding,0.007107402291666648
search,0.00727994000000004
big data,0.007316073125000044
data analysis,0.0075463213888889435
server,0.007850948749999975
web server,0.007903589861111115
security,0.008075835069444481
logging,0.008088122638888945
web crawler,0.008378269097222196
Image analysis,0.008447336527777738
text mining,0.008509567361111081
cryptocurrency,0.008740628472222206
test automation,0.009024174861111067
command-line interface,0.009235929861111047
File Transfer Protocol,0.009279402291666627
email,0.009392257708333324
rendering,0.00981488958333332
machine learning,0.0098374036111111
operating system,0.010021477430555537
network analysis,0.010086432222222164
data visualization,0.010173898888888921
benchmark,0.010213542499999978
HTTP client,0.010369257638888851
computer data storage,0.010419830416666637
smart contract,0.010442526527777773
penetration test,0.010500246388888856
signal processing,0.010571094027777783
artificial intelligence,0.010945513472222251
application performance management,0.011177141666666668
deep learning,0.011446316041666654
Kalman filter,0.012106372847222185
image segmentation,0.01220587229166667
digital image processing,0.01269339340277778
sorting algorithm,0.012951876736111118
optical character recognition,0.013060892916666678
automation,0.013146932638888914
file system,0.013390411805555558
web browser engine,0.013537663680555534
deep neural network,0.014157773680555596
web application,0.014619753263888924
instant messaging,0.014787053402777806
digital security,0.01484605111111112
cluster analysis,0.015010476805555617
distributed computing,0.015196751736111014
World Wide Web,0.015561405138888873
database,0.015603572777777852
middleware,0.01586051083333334
long short-term memory,0.01598479756944446
stock market,0.01645748666666666
game engine,0.016483410347222255
graph database,0.01680152736111115
geographic information system,0.01685155381944442
internet of things,0.017212972847222202
artificial neural network,0.0175383472916667
web application security,0.017658623402777823
Containerization,0.01774001895833327
data mining,0.01868975937500003
Semantic Web,0.01875562423611113
stream processing,0.01890676972222216
shell tool,0.02006955576388883
design,0.020119617638888837
static site generator,0.02017138194444451
website,0.020504465555555573
validator,0.022130193194444425
scheduler,0.022421152083333257
backup,0.02306806416666668
web scraping,0.023294123611111134
Bayesian inference,0.02415583770833335
game server,0.02439134381944441
telecommunications network,0.02499292597222219
encryption,0.025187030763888868
graph algorithm,0.02529568680555555
authentication,0.025728157291666665
password manager,0.025878004513888886
algorithm,0.026438484791666605
data structure,0.026677213958333335
software testing,0.028087341527777754
text editor,0.02840727319444447
distributed database,0.028854326805555552
information processing,0.02903737715277782
algorithmic trading,0.030553315763888866
back end,0.030846214444444464
front end,0.031133170694444406
recommender system,0.031140869930555537
content management system,0.03432433194444445
regular expression,0.03463527708333333
package management system,0.03635985784722218
data binding,0.0364000396527778
microservices,0.036669496597222295
Parser combinator,0.037605205625
reinforcement learning,0.03777371486111114
router,0.038781746250000027
client,0.04024104590277777
web service,0.04455431638888896
pattern matching,0.049943932916666656
object–relational mapping,0.051212567013888904
routing,0.056512449305555545
