domain,diff
time series,5.889916666670936e-05
information extraction,8.656909722221107e-05
big data,0.00019546201388892515
"extract, transform, load",0.000214727499999956
streaming media,0.0002966126388888879
electronic trading platform,0.0008199650694444005
computer configuration,0.0008810351388888749
audio signal processing,0.0012391059722222098
Web Components,0.0013840863888889277
computer vision,0.0015778805555555497
3D computer graphics,0.0016971515277777738
computer graphics,0.0017080763888889239
data science,0.0018382511805555835
natural language processing,0.0021103717361110885
deep neural network,0.002131517986111081
unit testing,0.002138955347222249
transfer learning,0.00226481583333335
test automation,0.0023464681944444787
logistic regression model,0.002357984097222182
audio player software,0.002394719513888921
computer programming,0.0023989450694444636
computational science,0.0024603870833333763
logging,0.0024683079166666066
graph algorithm,0.002687658472222243
schema migration,0.003025146388888872
plot,0.003104852500000005
network monitoring,0.003209724652777801
email,0.0032652899305555816
question answering,0.003269818194444496
video processing,0.003445038124999994
text classification,0.0034571056944444623
image segmentation,0.0036591411805555474
face detection,0.0036707551388888704
web crawler,0.003910326319444435
compiler,0.003933095486111093
operating system,0.003985849097222244
web server,0.004081515694444482
anomaly detection,0.004123327499999996
camera,0.004137198194444414
object detection,0.004455248819444452
web application,0.004458902847222224
information retrieval,0.00449808375000002
graph database,0.005082531250000022
data analysis,0.005243596944444484
convolutional neural network,0.00536105208333329
image recognition,0.005403602847222216
analytics,0.005434024513888913
deep learning,0.005484654513888854
web browser,0.005526056805555513
image classification,0.005741217499999979
code generation,0.0059431530555555945
distributed computing,0.006194409513888888
static program analysis tool,0.006197028541666649
continuous integration,0.0063692996527777435
Containerization,0.006443893402777734
file system,0.006561861250000023
virtual machine,0.006607665763888937
artificial intelligence,0.0066849818055555454
random forest,0.006859882638888898
security,0.006976112847222188
translation,0.007048366319444527
automation,0.007370552638888916
word embedding,0.007399177847222188
digital audio,0.007705684166666671
text processing,0.007708666666666669
virtual reality,0.0077984557638888785
penetration test,0.008008979722222226
user interface,0.008052467986111145
automated machine learning,0.0080947059722222
classification,0.008724685138888855
network security,0.008833753541666656
network analysis,0.008976875555555486
facial recognition system,0.009083697708333283
natural language,0.009084555000000022
distributed system,0.009099781319444444
mobile application development,0.009229059027777708
3D modeling,0.009699393333333334
artificial neural network,0.009885975069444414
image compression,0.009992322500000012
image captioning,0.010163817013888882
middleware,0.010198113611111115
synchronization,0.010408223958333324
telecommunications network,0.010611765416666669
e-commerce,0.010640419583333283
image,0.010767569444444458
sorting algorithm,0.010840674513888898
computer benchmarking,0.010848218263888848
graphical user interface,0.010911469583333333
data,0.010976284583333273
support vector machine,0.011019201666666673
machine translation,0.011080674097222215
data visualization,0.011083685555555556
font,0.011414360833333248
search,0.011528950000000038
machine learning,0.011674226944444449
home automation,0.011674520069444444
cloud computing,0.011684235763888884
interpreter,0.011724832986111128
web browser engine,0.012401412569444492
animation,0.012575719583333311
Image analysis,0.01261472708333336
shell tool,0.012840624097222253
language model,0.012991153055555482
World Wide Web,0.013050113472222236
cluster analysis,0.01305160958333329
optical character recognition,0.013269231805555587
command-line interface,0.013292886805555626
cryptocurrency,0.013337369583333314
game engine,0.013420560347222193
backup,0.013517969722222162
HTTP server,0.013597253541666687
blockchain,0.013710134722222211
HTTP client,0.013792192361111122
long short-term memory,0.014226675347222245
server,0.014481018749999963
data compression,0.014652414444444456
static program analysis,0.01470046958333332
signal processing,0.014706007361111106
smart contract,0.01473533708333341
dependency injection,0.014780774305555633
text editor,0.014868078194444467
kernel,0.014889323055555542
stock market,0.014950540555555558
linear regression,0.01517432951388889
simulation,0.015278465555555565
digital security,0.015340204999999968
web scraping,0.015672877500000015
neural network,0.0160820111111111
benchmark,0.016416172499999993
parsing,0.016744909375000033
digital image processing,0.018021485625000028
router,0.018091119583333343
algorithm,0.01816195201388887
augmented reality,0.018283138333333365
video game,0.018710666319444513
Kalman filter,0.01884074673611108
internet bot,0.018884663194444457
package management system,0.019125883402777766
website,0.019188678888888866
Bidirectional recurrent neural networks,0.019193187708333365
algorithmic trading,0.019317365208333326
video,0.0196443286805556
Semantic Web,0.019772539791666627
speech synthesis,0.019806454375000004
topic modeling,0.019848052291666668
reactive programming,0.01994676326388889
business dashboard,0.01996304180555558
distributed multimedia communications platform,0.02011030701388891
game server,0.020219062708333374
static site generator,0.020677481944444465
software testing,0.021858033750000005
debugger,0.022386164861111085
computer data storage,0.022439819305555553
validator,0.022508044861111076
database,0.022651783888888832
File Transfer Protocol,0.023185083958333297
database management,0.02319655534722226
integrated development environment,0.02344363847222225
continuous deployment,0.023443829583333353
stream processing,0.024001051944444463
Q-learning,0.02420844562499999
image editing,0.02454536048611114
instant messaging,0.024621971736111137
content management system,0.02468187472222222
distributed database,0.024816346805555556
functional programming,0.025347173055555505
linear algebra,0.025438829097222226
application performance management,0.025842672777777742
reinforcement learning,0.02601790263888895
web service,0.026947214166666678
design,0.028114843194444433
information processing,0.028846103263888923
regular expression,0.029062784861111163
embedded system,0.0291310218055556
data structure,0.029912637847222173
authentication,0.029969800624999987
back end,0.030398915000000026
front end,0.030587744027777752
scheduler,0.030805435972222267
geographic information system,0.031061838263888863
simulator,0.0315915578472222
web application security,0.03208614284722219
recommender system,0.033148339374999974
Parser combinator,0.034279630069444456
hyperparameter optimization,0.03512441284722223
client,0.0359138086805556
software development,0.035963937777777844
encryption,0.03652941354166664
password manager,0.037307328402777756
serialization,0.03829247604166666
microservices,0.03837819437499995
pattern matching,0.041279352916666734
debugging,0.04242053291666667
web development,0.04695661916666666
data binding,0.05464638465277785
object–relational mapping,0.05526035368055554
