domain,diff
blockchain,0.0005100196428571568
File Transfer Protocol,0.001758625624999982
web application,0.0021272577678571603
web crawler,0.0026312788392856556
operating system,0.002768697589285718
Web Components,0.0033561153571428637
World Wide Web,0.004133541250000039
data compression,0.005305208571428632
data,0.006403159821428528
software testing,0.006449066607142895
text classification,0.006683534821428555
graph database,0.007093091964285703
command-line interface,0.009150609107142826
mobile application development,0.010264176250000007
game engine,0.010380088839285734
search,0.010757088571428597
data analysis,0.010956220357142832
data science,0.011418078660714315
logging,0.011950626250000013
database,0.012299793571428574
data structure,0.01242435705357145
image segmentation,0.012502750625000031
website,0.012772858571428625
microservices,0.013313651517857017
recommender system,0.013589235089285723
unit testing,0.013736646696428545
distributed system,0.01398622098214286
geographic information system,0.01420963723214283
regular expression,0.014382192321428539
text processing,0.01493828857142851
user interface,0.015783063303571487
streaming media,0.015920856607142875
object detection,0.017103009910714312
computer data storage,0.01712218017857145
continuous delivery,0.017419250267857123
graphical user interface,0.01761255982142851
back end,0.017777758571428492
security,0.018207188482142866
web service,0.0182633396428572
smart contract,0.018503103035714286
HTTP client,0.01919766767857145
web browser,0.01972906553571424
cluster analysis,0.020543216249999968
continuous integration,0.02129859383928573
cloud computing,0.021420502410714304
static program analysis,0.022089761250000006
package management system,0.02224356776785713
backup,0.02229359892857144
telecommunications network,0.02261969017857146
penetration test,0.022762211785714248
file system,0.023128591250000025
data binding,0.02316209830357141
instant messaging,0.023617032767857205
web server,0.023991901249999947
time series,0.024168597499999972
big data,0.024272863125000016
test automation,0.024387905178571423
audio signal processing,0.024775230178571472
client,0.024806483839285798
"extract, transform, load",0.025464443928571417
content management system,0.025502933214285706
support vector machine,0.025679155714285695
automation,0.026506308035714243
server,0.027025980892857182
game server,0.028907167946428558
distributed computing,0.029878972053571373
HTTP server,0.030355099732142843
web browser engine,0.03185816169642852
signal processing,0.03505256624999997
password manager,0.036614151339285694
statistics,0.03945446205357142
web application security,0.040296222767857104
pattern matching,0.04082357196428568
benchmark,0.042589173214285736
scheduler,0.04285776160714294
analytics,0.04395500723214288
information processing,0.045787539374999936
stream processing,0.045899551785714365
application performance management,0.0581741385714285
network monitoring,0.06354095455357142
