domain,diff
validator,0.0003009738888888891
data analysis,0.00042108699999998667
object detection,0.0018525750000000507
language model,0.0022942958888888254
command-line interface,0.0028708045555555506
smart contract,0.004217530888888876
game server,0.004378048999999995
security,0.0045333228888888855
digital image processing,0.004692006999999998
web service,0.004789215888888865
World Wide Web,0.005286626333333322
regular expression,0.005387998666666699
web server,0.0054878335555555435
digital audio,0.0057954071111111505
test automation,0.005956494666666645
benchmark,0.006584642888888909
geographic information system,0.006617828222222205
support vector machine,0.0066472084444444135
telecommunications network,0.008318724555555601
website,0.008768319444444506
recommender system,0.008956043777777728
analytics,0.008956653555555555
HTTP server,0.009408280111111111
image recognition,0.009820169555555536
unit testing,0.010019075111111164
microservices,0.010480760111111098
digital security,0.010888242999999992
server,0.011005497555555577
static program analysis,0.011058687222222252
operating system,0.011081036222222174
design,0.011756927
user interface,0.011782653222222217
machine learning,0.012127160888888905
signal processing,0.012145686555555563
face detection,0.012174422222222175
algorithm,0.012237029555555584
compiler,0.012308015222222246
instant messaging,0.012469861444444452
word embedding,0.01271135122222225
computer configuration,0.015036222777777802
dependency injection,0.01507146999999992
reinforcement learning,0.015810919333333312
distributed multimedia communications platform,0.016684768333333322
database,0.017845415333333337
Web Components,0.018122315555555546
linear regression,0.01912087322222214
computer vision,0.019419763888888886
audio signal processing,0.01946299800000001
object–relational mapping,0.019672730888888906
integrated development environment,0.019832735444444416
pattern matching,0.022008663777777743
embedded system,0.022341091111111044
continuous integration,0.022477686777777783
back end,0.02267411577777778
penetration test,0.023073802333333338
File Transfer Protocol,0.02415980744444446
facial recognition system,0.024189014333333342
web application,0.025002103444444368
graphical user interface,0.025877362000000015
automation,0.025892239222222224
data binding,0.026287706000000022
package management system,0.027141046444444428
web application security,0.028957755666666612
distributed computing,0.029854019333333315
cloud computing,0.03079552544444447
logging,0.03253292199999999
data,0.03354435133333336
distributed database,0.03354526833333332
application performance management,0.034359695333333384
mobile application development,0.035469997222222216
serialization,0.035975033999999906
3D modeling,0.03708063366666664
big data,0.037879295222222276
distributed system,0.03810762455555561
database management,0.03812314855555554
data compression,0.03973906644444444
software testing,0.040230359222222234
web development,0.040313096555555594
content management system,0.04426964166666664
long short-term memory,0.04771371911111111
data structure,0.0486975971111111
information processing,0.05148883977777774
streaming media,0.054365710888888946
file system,0.05813481988888897
computer data storage,0.06615941088888888
stream processing,0.06732005155555565
client,0.0688527037777778
