domain,diff
game server,0.00042672042857150316
content management system,0.0004574414285714312
Web Components,0.0004776342857142901
application performance management,0.0007979941428570836
digital security,0.0012846691428571033
data binding,0.0015625924285714576
encryption,0.0020431841428571185
microservices,0.0024027368571428176
automation,0.002603944428571453
web application,0.004114100999999981
text processing,0.004346270857142842
streaming media,0.0047392434285714324
text classification,0.005474519285714241
website,0.0054757678571428214
distributed system,0.006025934571428554
scheduler,0.006306593857142828
network analysis,0.007071731428571426
backup,0.007101357000000003
anomaly detection,0.007347883428571428
geographic information system,0.007675033285714283
distributed database,0.00786663642857141
word embedding,0.007903032428571433
statistics,0.008019714428571467
distributed multimedia communications platform,0.00805819714285716
computer configuration,0.00833615571428567
logging,0.00834316871428567
distributed computing,0.00836353257142855
static site generator,0.008456656000000007
cloud computing,0.010655306714285717
support vector machine,0.010659866142857133
stream processing,0.010989245285714266
File Transfer Protocol,0.011239646571428563
penetration test,0.011998588142857175
pattern matching,0.012034366714285705
server,0.012388351285714194
computer data storage,0.012540134428571381
data science,0.012570882571428577
signal processing,0.012900132571428607
smart contract,0.013002904428571382
audio signal processing,0.013580069857142857
object detection,0.013734296428571463
data,0.01421218128571422
analytics,0.014974479142857128
password manager,0.015225031
database,0.015961190857142843
object–relational mapping,0.016302266571428553
Semantic Web,0.01679565514285708
data compression,0.017588840857142823
test automation,0.01778645128571424
data mining,0.018507308285714258
instant messaging,0.01864547342857148
serialization,0.01904174100000003
HTTP client,0.019108002285714243
regular expression,0.019651910857142824
back end,0.019689240857142853
data structure,0.020011374000000026
web browser engine,0.020513659142857132
validator,0.0208260978571429
embedded system,0.021278831428571454
big data,0.021299339142857143
language model,0.02177265014285712
web development,0.021820268857142888
information processing,0.022586847714285707
user interface,0.023305816714285665
data analysis,0.023404839857142895
WebSocket,0.023484094999999983
benchmark,0.023506503142857182
dependency injection,0.023682169999999947
command-line interface,0.024275586857142872
information extraction,0.02717525342857141
file system,0.02776421757142855
unit testing,0.029494484714285674
continuous integration,0.029976895285714317
telecommunications network,0.029988208999999988
digital image processing,0.030950641999999973
static program analysis,0.03103962071428573
World Wide Web,0.032045618000000026
data visualization,0.03223736042857139
middleware,0.0324582607142857
network monitoring,0.032880836285714254
authentication,0.033204448428571426
design,0.03372707842857145
web crawler,0.03624788499999998
web application security,0.037557785285714296
security,0.03817816542857144
internet bot,0.041068405714285716
graphical user interface,0.041236531999999965
web server,0.04530499371428576
client,0.04615790671428571
operating system,0.0504469825714286
package management system,0.05172797228571435
web service,0.052521289142857086
digital audio,0.05417637042857146
HTTP server,0.05567830614285718
software testing,0.06877781628571433
