domain,diff
distributed system,0.00023689211111105335
documentation,0.00025675311111111876
embedded system,0.00036545111111110917
computer configuration,0.0007288233333333505
server,0.0008631885555555607
World Wide Web,0.0009452535555555253
user interface,0.001252711555555619
design,0.0015742381111111259
File Transfer Protocol,0.0016415342222222407
application performance management,0.0017953714444444713
validator,0.00289472888888892
object detection,0.0037556316666667033
distributed computing,0.0038351828888889272
Naive Bayes classifier,0.003935305999999972
hyperparameter optimization,0.003982504555555572
streaming media,0.004051312444444483
benchmark,0.0046916328888888525
digital image processing,0.004939525333333278
WebSocket,0.004967236111111162
support vector machine,0.005005341000000052
website,0.005456306111111142
translation,0.006293080000000062
telecommunications network,0.006471388444444448
web service,0.006988982444444458
test automation,0.007224046888888891
Semantic Web,0.007505450777777756
penetration test,0.008832337888888875
digital audio,0.00898111400000004
content management system,0.010188850555555573
regular expression,0.010526726888888921
distributed multimedia communications platform,0.01088228833333324
static program analysis,0.011305810555555518
machine learning,0.01186052477777777
geographic information system,0.012079348777777721
automated machine learning,0.012208267333333356
virtual reality,0.012409170222222238
back end,0.012574006888888878
language model,0.012628333666666713
logging,0.013828369777777794
backup,0.014901482444444475
HTTP server,0.015423401000000031
file system,0.015432607111111107
time series,0.015543037555555528
graph database,0.015734171222222176
optical character recognition,0.01808092
word embedding,0.01843241233333337
password manager,0.018739917666666633
smart contract,0.019077766888888847
deep learning,0.019352786444444492
serialization,0.019661411222222203
game engine,0.02024536355555559
data visualization,0.021568303222222224
synchronization,0.021890942444444422
artificial neural network,0.022547705333333334
data mining,0.022694239888888912
code generation,0.023424031000000012
unit testing,0.023443852333333348
web server,0.024057271444444472
distributed database,0.024148232777777834
analytics,0.024447551888888863
data science,0.024663568222222265
web browser engine,0.02479874800000001
digital security,0.024799145777777754
instant messaging,0.025186508111111117
information retrieval,0.026096806666666722
convolutional neural network,0.026203753111111117
automation,0.026841817000000046
data analysis,0.027549068000000038
graphical user interface,0.028222384222222174
static program analysis tool,0.02860668677777778
Web Components,0.02902644444444441
microservices,0.029074641555555558
command-line interface,0.029568096222222173
object–relational mapping,0.03216135366666664
computer data storage,0.03302950366666668
stream processing,0.03315670155555556
Parser combinator,0.034011003555555586
pattern matching,0.03572159377777778
database management,0.03619601855555554
data compression,0.036541285888888914
web application,0.036638316222222245
database,0.03685636088888894
geographic information,0.03827165611111105
big data,0.03914559244444446
long short-term memory,0.03937637022222221
dependency injection,0.03996737888888893
text processing,0.04027003522222222
data,0.04158954022222222
web application security,0.04228326511111111
virtual machine,0.04301232699999996
compiler,0.04521432911111112
schema migration,0.04562269611111111
data binding,0.04631946433333334
package management system,0.04930994966666663
operating system,0.04946348011111115
data structure,0.057677018222222265
information processing,0.057877003666666704
information extraction,0.06142076588888887
software testing,0.0711554297777778
HTTP client,0.0711565503333334
client,0.07409117933333342
software development,0.07779052899999991
