domain,diff
Semantic Web,0.0006393032500000007
HTTP server,0.0023081408749999754
word embedding,0.002933755250000003
security,0.0038961371249999766
distributed multimedia communications platform,0.004285123125000012
static program analysis,0.004989250624999941
object detection,0.004990038749999953
digital security,0.006592068625000003
front end,0.007012418999999992
digital image processing,0.007073232624999953
telecommunications network,0.007279187750000055
penetration test,0.007321727750000007
face detection,0.0077703168749999885
language model,0.007781709874999987
content management system,0.00781848687500003
web service,0.007967443000000018
digital audio,0.007992085875000027
streaming media,0.008550362625000002
image recognition,0.008693589624999998
cloud computing,0.008723636000000035
server,0.009017460499999963
graph database,0.010727197124999949
random forest,0.01152840699999999
object–relational mapping,0.012283477624999983
File Transfer Protocol,0.01260001049999998
distributed computing,0.012637638499999937
machine learning,0.012756118250000004
user interface,0.013124009125000058
data binding,0.013183620374999983
support vector machine,0.013767312750000038
data visualization,0.01395989850000004
algorithm,0.014086991500000007
game server,0.014122153375000002
web server,0.014166216374999985
file system,0.01487007349999997
signal processing,0.014923371625000015
data mining,0.015315666000000006
data analysis,0.015949508
microservices,0.01718845100000005
recommender system,0.017325367750000015
distributed system,0.017645494624999952
audio signal processing,0.01780625175
smart contract,0.017835832625000048
facial recognition system,0.018947550374999983
data compression,0.019402110124999983
sorting algorithm,0.019822440624999993
search,0.02115256900000001
pattern matching,0.022159936000000047
information extraction,0.02265394512500002
command-line interface,0.024262763375000024
benchmark,0.025099540875000048
design,0.025762926374999967
instant messaging,0.026503191374999957
data structure,0.026578432874999947
back end,0.027436981749999978
password manager,0.027471187250000056
computer vision,0.027940184375000038
blockchain,0.02857518087499994
web browser engine,0.029201779249999976
database,0.02991906887500001
data,0.030108808624999983
logging,0.030268438249999946
application performance management,0.03055489699999997
time series,0.0327045795
text processing,0.03386718362500002
operating system,0.034776118999999994
cryptocurrency,0.0352191875
package management system,0.035767506125000015
big data,0.03631616674999999
database management,0.037414093625000006
distributed database,0.03819469937500003
stream processing,0.04003573662499993
anomaly detection,0.04083122387499993
web application security,0.04116554525000002
analytics,0.04173885800000002
automation,0.042880780749999986
network monitoring,0.043104618249999976
computer data storage,0.043880993874999996
dependency injection,0.04474029999999993
web application,0.045518160249999995
Web Components,0.04845184437500005
mobile application development,0.05054990937500001
3D modeling,0.05183811200000002
long short-term memory,0.052273211124999996
information processing,0.05480879512500003
software testing,0.05811050887500005
HTTP client,0.05848419137499994
synchronization,0.059755490500000064
web development,0.07048439037499998
client,0.07397040600000004
