domain,diff
knowledge graph,0.000320700875000024
language model,0.0003768738749999889
smart contract,0.0003975398749999637
website,0.001302046875000018
data mining,0.0014510010000000073
algorithm,0.0014619959999999932
regular expression,0.0023540536249999633
HTTP client,0.0030828944999999885
data analysis,0.0036977323750000124
penetration test,0.0044004534999999845
microservices,0.004751917125000005
data structure,0.004919229124999952
web application,0.005010820249999992
digital security,0.005534723624999988
authentication,0.00556549324999997
computer data storage,0.005868065125000016
test automation,0.006077725749999985
word embedding,0.006318498374999981
recommender system,0.007893490249999996
content management system,0.007899431250000005
serialization,0.00804040149999996
data compression,0.008479036375000026
web application security,0.008589998499999973
analytics,0.009228142374999998
Web Components,0.00958096125000002
database,0.00967536925000001
web browser,0.009937937374999928
object–relational mapping,0.010562959875
web browser engine,0.01072181324999999
computer configuration,0.010846501874999998
data visualization,0.01113888337500002
cloud computing,0.011453967250000058
application performance management,0.011827952624999971
static program analysis,0.012410705625000018
data,0.012939339875000011
distributed database,0.012952574999999966
automation,0.013181747625000018
data science,0.013289841000000024
object detection,0.014099721250000002
sorting algorithm,0.014897500624999976
logging,0.01512574949999998
big data,0.015131609249999983
command-line interface,0.015675381499999974
validator,0.015879121250000017
data binding,0.016847810374999994
Semantic Web,0.016873456750000015
game server,0.018339334124999995
file system,0.018461193375000046
machine learning,0.01956132574999997
distributed computing,0.02000228850000002
security,0.020240241500000006
unit testing,0.020987639625000054
time series,0.021893313250000074
text processing,0.021975459249999996
pattern matching,0.022120582875000017
Containerization,0.02268723662499994
back end,0.023385443625000002
design,0.02352676074999993
documentation,0.0247770695
information extraction,0.02579668137500002
streaming media,0.025962142624999962
middleware,0.02637282624999998
user interface,0.026440029125000042
server,0.027571356375000022
File Transfer Protocol,0.02759249925000007
text editor,0.02828438875
syntax highlighting,0.028389220750000055
web crawler,0.029217637500000004
digital image processing,0.029313315750000013
digital audio,0.030675932125
text classification,0.030937757499999996
World Wide Web,0.03190781174999996
distributed multimedia communications platform,0.03314717812499998
code generation,0.03324085975000002
web development,0.03332829912499999
telecommunications network,0.033459229000000035
web scraping,0.03424009287500002
dependency injection,0.03620141562500001
internet of things,0.03780558362500003
stream processing,0.03837846412500001
package management system,0.03844437612500001
graphical user interface,0.03999705887499996
operating system,0.04075600274999999
information processing,0.04185161074999999
web server,0.048892618624999995
web service,0.050003053249999985
HTTP server,0.05209922024999997
software testing,0.058115428249999934
instant messaging,0.058684098875000035
client,0.06299135787499999
WebSocket,0.07647534250000004
