domain,diff
kernel,6.336930555561615e-05
electronic trading platform,7.805798611112968e-05
data visualization,9.829736111108267e-05
image,0.00019565381944447457
analytics,0.0002006161111111071
visualization,0.0003666826388889488
computer vision,0.00042457597222222976
data,0.000576307708333279
text editor,0.0009183063194444507
video game,0.001059791250000025
data science,0.0012136404861110839
internet of things,0.0012318159027777664
data mining,0.0013256012500000025
unit testing,0.0015076568749999852
object–relational mapping,0.0015837425694445184
static program analysis,0.001630509097222177
static program analysis tool,0.001679642291666672
bioinformatics,0.0017533803472221943
linear regression,0.001757085347222187
back end,0.0019014750000000413
data analysis,0.001976866319444409
data compression,0.0020865297222222023
graph database,0.0021633777777778085
image segmentation,0.0022881179166666654
benchmark,0.002413318888888849
streaming media,0.0030641652777777806
virtual machine,0.003094118125000017
digital image processing,0.003474519791666686
language model,0.003490770972222168
game engine,0.003675149166666669
World Wide Web,0.003707612569444463
front end,0.0038079048611111
cloud computing,0.004100105277777738
web service,0.004275823333333373
Web Components,0.004336199722222267
cluster analysis,0.00465580979166666
embedded system,0.00479348173611116
recommender system,0.0049708470138888905
graph,0.005087816111111143
file system,0.005099404513888933
font,0.0053293856944444384
text processing,0.005499425694444421
machine learning,0.005697971874999985
machine translation,0.005865437986111166
algorithm,0.0060573415972222655
animation,0.006079650624999988
operating system,0.006130217291666629
web server,0.006175864513888907
logging,0.006302169652777773
algorithmic trading,0.006362751597222188
application performance management,0.00652709881944441
stock market,0.006664244444444467
computer configuration,0.007104417152777764
time series,0.0073056106944444366
command-line interface,0.007317004513888892
graph algorithm,0.007373002430555581
web application security,0.007376252708333364
penetration test,0.007389762083333334
information processing,0.007609655486111089
serialization,0.007674162013888874
instant messaging,0.007884302638888896
signal processing,0.007973299444444415
data structure,0.008102217986111132
reactive programming,0.008130848611111241
game server,0.008296467361111115
audio signal processing,0.008375643541666644
database,0.008593091944444409
geographic information system,0.008815921319444392
rendering,0.0088834251388889
image editing,0.009011792222222231
text classification,0.009035365069444468
search,0.00907979173611112
plot,0.009459921875000055
facial recognition system,0.009629888125000013
image captioning,0.01002945034722219
HTTP client,0.010045075486111055
computer data storage,0.010421631805555526
big data,0.010628361874999964
email,0.010687203611111112
server,0.010800731736111069
text mining,0.011126372500000009
security,0.011162030694444436
File Transfer Protocol,0.011404806111111165
web application,0.011919411805555558
WebSocket,0.011956625694444417
object-oriented programming,0.012616877013888916
telecommunications network,0.01277724888888887
graphical user interface,0.012778869027777806
HTTP server,0.012974206597222204
smart contract,0.013317041527777795
cryptocurrency,0.013342757777777825
scheduler,0.013924809999999954
microservices,0.0140545501388889
image classification,0.014135375416666707
sorting algorithm,0.01413966513888884
stream processing,0.014149035902777829
computer graphics,0.014154175555555537
question answering,0.014246412569444505
website,0.014298287708333302
natural language understanding,0.014927421597222185
authentication,0.015097078402777797
test automation,0.015449414722222221
data binding,0.01643441729166667
continuous integration,0.01647794145833334
object detection,0.016638679513888893
support vector machine,0.016848252013888898
image recognition,0.017259441805555553
face detection,0.017417905555555557
deep neural network,0.017845810277777763
long short-term memory,0.017954015277777735
middleware,0.018522859652777723
3D computer graphics,0.018554706388888897
automation,0.019369287986111122
encryption,0.019928798819444427
compiler,0.020490792499999966
design,0.0206809646527778
software testing,0.020759125624999986
web browser engine,0.020823809513888958
distributed computing,0.020895222013888853
distributed database,0.02126775430555558
web browser,0.02218365333333333
mobile application development,0.02248152270833334
client,0.023246818472222208
Kalman filter,0.023372262013888923
regular expression,0.023926648888888874
user interface,0.024946449583333308
backup,0.024952320625000024
password manager,0.02497028138888885
dependency injection,0.02708647840277778
content management system,0.028588253194444413
web development,0.029110160763888865
integrated development environment,0.030141621041666622
documentation,0.033676905277777724
pattern matching,0.03396808388888886
package management system,0.05834827208333332
