domain,diff
instant messaging,0.0001987787500000171
microservices,0.00031993687500003753
back end,0.00045509312499997234
database,0.0005317756249999528
operating system,0.0015291393749999882
regular expression,0.002820470624999988
graphical user interface,0.00329842562499999
streaming media,0.00348619624999999
server,0.0038871256249999875
recommender system,0.004134749374999969
blockchain,0.005423866874999933
command-line interface,0.005873212500000002
file system,0.006981710624999915
game server,0.007241977499999941
virtual machine,0.008430516249999992
information retrieval,0.008862349374999967
distributed system,0.009740049375000004
data,0.010153029374999956
classification,0.010872666249999996
unit testing,0.011593291874999967
smart contract,0.01239010749999997
software testing,0.013819443749999993
penetration test,0.014449976249999996
computer configuration,0.015046840625000002
security,0.015237251874999969
web server,0.01603827062499999
logging,0.01773260562499998
data compression,0.01828006874999999
user interface,0.01829038562499996
computer data storage,0.018318963124999976
HTTP server,0.020594346250000006
data binding,0.020645041875000048
telecommunications network,0.021257624375000034
World Wide Web,0.021285189375000013
big data,0.021760551875000006
data mining,0.02289355812500002
cluster analysis,0.024012779374999987
website,0.02495144562499993
data analysis,0.025101228750000038
File Transfer Protocol,0.02631440375000002
linear regression,0.026750155624999994
optical character recognition,0.027972772499999993
embedded system,0.028752847499999956
data structure,0.028906402499999984
application performance management,0.029523069999999985
support vector machine,0.030421830625000007
web application security,0.03061408562499998
web service,0.030829549374999987
machine learning,0.033396106875000026
audio signal processing,0.03571743625000004
client,0.036007348749999946
network analysis,0.038156734375
algorithm,0.042407483125000034
artificial neural network,0.04649635062499999
time series,0.04752263375000004
content management system,0.04792713937499993
web application,0.04872694625000004
stream processing,0.048807651875000024
signal processing,0.04892027187500006
package management system,0.05071744312499993
object detection,0.051323428125000015
pattern matching,0.05289902687499995
long short-term memory,0.05657448937500001
test automation,0.057488786249999924
benchmark,0.061223210625000024
automation,0.06376303437500003
