domain,diff
face detection,0.00026852357142856387
regression analysis,0.0005399298214286141
translation,0.0007828187500000527
reinforcement learning,0.0009314329464285842
web service,0.0013191492857142773
web browser engine,0.0015963415178570917
game engine,0.001956711785714299
streaming media,0.0032490446428571074
time series,0.0038349226785714396
object detection,0.003935207946428654
instant messaging,0.003996951607142862
back end,0.004662499285714217
cluster analysis,0.004920579017857196
linear regression,0.005440021160714292
image segmentation,0.005723243035714254
graphical user interface,0.005741235178571447
HTTP server,0.0058961486607143065
telecommunications network,0.005972826428571443
web server,0.005975402053571416
operating system,0.0063879949107143175
search,0.006413451339285725
router,0.0069351584821428225
data analysis,0.007333296696428598
front end,0.007440674107142831
File Transfer Protocol,0.0076157085714286255
unit testing,0.008584070982142866
software testing,0.008715991339285772
World Wide Web,0.008949308125
server,0.009807502053571393
penetration test,0.011339858749999987
analytics,0.011537977857142862
benchmark,0.012471627857142897
user interface,0.01282907946428577
machine learning,0.014310742589285746
facial recognition system,0.014424322410714285
HTTP client,0.01481752348214288
artificial intelligence,0.015099824732142886
database,0.015162102500000052
text editor,0.01571836116071429
big data,0.01584487883928576
web crawler,0.016077479642857107
recommender system,0.016189855267857156
interpreter,0.01672697080357144
algorithm,0.017298133660714338
information processing,0.01740786651785714
natural language processing,0.018253675178571432
embedded system,0.018561167767857212
application performance management,0.02084973008928573
compiler,0.021052076785714302
static program analysis tool,0.021842121517857083
word embedding,0.022368330446428608
web scraping,0.022612433928571457
smart contract,0.02269832089285717
data mining,0.0238889776785714
data,0.02402110633928567
static program analysis,0.024102733839285684
command-line interface,0.024394211339285765
website,0.0244753950892857
content management system,0.02463530374999995
natural language,0.0259391370535714
text classification,0.026066372053571457
machine translation,0.026255468125000014
support vector machine,0.026568897410714276
stream processing,0.028839873839285823
signal processing,0.028994475714285706
language model,0.02899493339285711
data binding,0.029256829910714294
neural machine translation,0.029808159017857133
sorting algorithm,0.03053687339285721
text processing,0.03338860767857138
client,0.03653292124999999
microservices,0.0368478698214286
audio signal processing,0.03811441830357143
logging,0.03849549187499998
mobile application development,0.038930945803571426
Web Components,0.03937683750000001
software development,0.042153388303571404
serialization,0.043460867589285745
dependency injection,0.04691413919642862
data compression,0.04706330178571422
file system,0.04771539580357148
Parser combinator,0.04995480598214294
data structure,0.05393920758928572
regular expression,0.057281308571428546
package management system,0.059345663035714286
computer data storage,0.06258142482142864
pattern matching,0.07142286857142857
