domain,diff
streaming media,0.0008295741666666523
File Transfer Protocol,0.001356009999999963
software testing,0.0015035643750000438
computer configuration,0.0034204889583333564
file system,0.0036957293750000397
design,0.005512403541666655
HTTP client,0.005659437291666625
back end,0.005674538333333368
microservices,0.006474263749999987
server,0.006893507291666684
web server,0.006895673958333348
Web Components,0.008786875833333319
website,0.009134554374999992
web application security,0.009405437291666624
digital security,0.010210405416666651
web application,0.013140191250000044
World Wide Web,0.015226326875000029
distributed database,0.01690214625
database,0.016991615833333307
web service,0.017694348333333332
HTTP server,0.019298349374999968
digital audio,0.01998735145833333
logging,0.020141395208333357
computer data storage,0.020255711249999975
content management system,0.02114571374999996
web scraping,0.02122500916666667
application performance management,0.02193296729166666
telecommunications network,0.023886780000000024
user interface,0.025803499583333334
distributed computing,0.026823798541666666
dependency injection,0.027817005624999946
client,0.031746256249999966
distributed multimedia communications platform,0.03225823854166668
automation,0.035180358541666706
penetration test,0.03556265041666662
instant messaging,0.040255872083333366
package management system,0.04255289875000001
test automation,0.04337124583333335
data binding,0.0437353972916667
word embedding,0.044784133541666715
data analysis,0.05084845145833333
big data,0.05463141145833336
digital image processing,0.05537323145833331
data structure,0.057150270208333354
data compression,0.05964348416666668
object detection,0.06044019395833336
data,0.06070658395833328
pattern matching,0.06165647333333327
anomaly detection,0.06198695374999996
