domain,diff
operating system,1.3141624999990498e-05
application performance management,0.00032203237500000315
computer configuration,0.0005261213750000215
database management,0.0006664721249999839
time series,0.0016312062500000168
smart contract,0.00163457924999999
audio signal processing,0.001636826874999997
microservices,0.0017226782499999427
machine learning,0.002536961124999987
instant messaging,0.0030365057500000847
stream processing,0.003730297125000004
streaming media,0.0037907224999999545
big data,0.004113600874999956
signal processing,0.004628479000000046
static program analysis,0.004632547875000004
file system,0.004652406375000029
algorithm,0.004755837374999988
regular expression,0.004904961000000013
data science,0.005443308375000011
information processing,0.005725988625000011
distributed computing,0.00613865887499998
recommender system,0.006148783125000029
text classification,0.006260644374999985
data binding,0.006299502625000009
cluster analysis,0.006311237124999952
logging,0.00673415387500001
object–relational mapping,0.006755535875000024
optical character recognition,0.0070125212500000145
back end,0.007384490999999993
test automation,0.00792646349999998
HTTP client,0.007946165624999946
user interface,0.00804854075
database,0.008146840499999919
analytics,0.00886020200000004
game,0.00887846012499996
web server,0.009203342625
object detection,0.009230292624999997
HTTP server,0.009552580375000064
File Transfer Protocol,0.009938595999999966
search,0.010445245625000016
web service,0.010920737000000041
data,0.011328607375000022
penetration test,0.011842578250000013
artificial intelligence,0.011874772875000023
distributed database,0.01194487424999996
distributed system,0.01229532562500002
unit testing,0.01287491187499995
graph algorithm,0.01375389987500003
linear regression,0.013789604125000021
security,0.014076340249999986
data structure,0.01492960487500003
natural language processing,0.01523033024999998
web application security,0.015467496625000021
computer data storage,0.01679587425000001
password manager,0.016802538500000047
language model,0.01830492975000006
website,0.01904598637499999
World Wide Web,0.020457978124999998
sorting algorithm,0.021846692249999994
synchronization,0.021871787750000038
graphical user interface,0.02255278574999997
server,0.024481114625000022
pattern matching,0.02791740199999998
telecommunications network,0.02858992199999999
geographic information system,0.02936375487499998
software testing,0.029806179624999957
client,0.03320801725
scheduler,0.034717129999999985
web application,0.035565779249999985
package management system,0.062199622750000017
