domain,diff
object detection,0.0005592000000000097
blockchain,0.0005929412500000064
computational science,0.000743549375000041
Malware Analysis,0.0011904131250000116
World Wide Web,0.001390493125000003
3D computer graphics,0.0017361512499999843
continuous delivery,0.00207555937499998
static program analysis,0.002151145625000017
operating system,0.0022867112500000175
audio signal processing,0.0023372431249999437
distributed system,0.00249837125000002
data compression,0.002641402499999973
text classification,0.0026531756250000316
plot,0.0027539487500000126
analytics,0.0029566343749999613
deep neural network,0.0029588918749999804
graph algorithm,0.0029936231249999834
benchmark,0.0030413868749999684
graph database,0.0030428574999999958
big data,0.0036539450000000195
data structure,0.003661759999999986
sorting algorithm,0.00369808625000001
cloud computing,0.0037939625000000254
education,0.003949985625000013
support vector machine,0.0043077993749999766
mobile application development,0.004317950625000011
e-commerce,0.004524058125000008
static program analysis tool,0.004715288124999939
continuous integration,0.004801013125000031
deep learning,0.004917848750000009
text mining,0.005050958750000056
computer configuration,0.005141416874999999
front end,0.00525049625000007
image,0.005591908749999958
code generation,0.005611962500000012
data,0.005691673749999904
3D modeling,0.005842066874999996
logging,0.006191278124999977
image segmentation,0.006336315625000005
image recognition,0.006384384999999992
text processing,0.00651199874999997
algorithm,0.006710463750000006
web crawler,0.0070338906249999555
compiler,0.007624347499999962
data science,0.007636940624999949
network analysis,0.00779113500000006
stock market,0.007808616250000011
computer vision,0.007826346874999973
shell tool,0.007914383124999924
translation,0.008667492500000012
linear regression,0.008685114374999997
machine learning,0.008820378749999969
unit testing,0.008965655624999957
information retrieval,0.009172621250000068
web application,0.009257496249999997
named-entity recognition,0.009526864374999972
search,0.010008714375000005
Web Components,0.010045994374999978
cryptocurrency,0.01016243750000001
website,0.010497616250000008
electronic trading platform,0.01051108124999997
geographic information system,0.010550325624999968
computer data storage,0.01148212937500001
topic modeling,0.011570681249999992
back end,0.011933522500000016
word embedding,0.01193752375000004
email,0.01218689124999997
natural language processing,0.013115396249999994
text editor,0.013457591249999984
artificial neural network,0.013593386250000034
sentiment analysis,0.013660974999999992
backup,0.014018658125
banking industry,0.014134403750000024
content management system,0.014802732499999971
signal processing,0.014864293750000007
distributed computing,0.015476264999999989
file system,0.016208426250000046
database,0.016284683125000088
facial recognition system,0.016702099374999946
test automation,0.017055804374999983
face detection,0.017612215624999927
database management,0.017962538124999955
streaming media,0.01796488874999999
algorithmic trading,0.018186864374999973
graphical user interface,0.01867961562499998
web server,0.018841200000000002
synchronization,0.019106052500000026
static site generator,0.019187131874999985
web browser,0.01944050562500002
penetration test,0.019525377499999996
command-line interface,0.020095589375
language model,0.020217544375000007
HTTP client,0.020828388749999927
game engine,0.021422962500000003
regular expression,0.021483046875000023
smart contract,0.021952942500000017
web service,0.02204576687500004
embedded system,0.022317566875000083
automation,0.02258070937499998
software testing,0.02282407999999997
Semantic Web,0.02328081437499996
linear algebra,0.02341830812499998
security,0.023583918749999988
dependency injection,0.02371310187500003
business dashboard,0.024021823749999976
recommender system,0.024887468125000006
pattern matching,0.025088045000000003
package management system,0.025256971249999982
File Transfer Protocol,0.025480936250000003
user interface,0.025529743125000004
client,0.026144276875000094
validator,0.026229095000000008
internet of things,0.02640371687500004
distributed database,0.02664840562500001
digital security,0.02693299562500004
stream processing,0.027223248125000044
HTTP server,0.027304003750000028
server,0.027392072499999975
application performance management,0.028117902500000014
microservices,0.029663620624999998
documentation,0.030511076874999987
scheduler,0.030533646875000015
web browser engine,0.030819467500000003
reactive programming,0.032761459999999964
internet bot,0.03317031125000003
password manager,0.03342231000000001
cryptography,0.033623809999999976
WebSocket,0.03396894312500001
game server,0.03406816937499996
telecommunications network,0.034872609374999974
middleware,0.03554439562499995
encryption,0.03623176312500001
serialization,0.036501173750000004
software development,0.036722676249999975
distributed multimedia communications platform,0.037127357499999986
network security,0.037187564374999926
object–relational mapping,0.03831789999999996
interpreter,0.038990786875000044
web application security,0.040073450625000034
router,0.04015910625000002
information processing,0.04385477625000003
instant messaging,0.044468011874999935
data binding,0.04498638187499995
authentication,0.04637620250000002
