domain,diff
test automation,0.00013480750000002817
machine learning,0.00020073312500001883
big data,0.0003388468749999929
e-commerce,0.0004201356944444068
data binding,0.00046268229166668284
object detection,0.0006521032638888979
distributed computing,0.0007528659027777884
microservices,0.0009018029166666941
cluster analysis,0.0009600618750000012
graph database,0.0009665499999999827
image compression,0.001001303263888892
face detection,0.001080555555555529
object–relational mapping,0.0014227202083333113
Naive Bayes classifier,0.0015861804861110884
logistic regression model,0.0017230715277777309
information processing,0.001796723263888883
language model,0.0018363706944444225
business dashboard,0.0019887111111110967
stock market,0.0020982950000000278
linear regression,0.002308313124999961
web crawler,0.003110178611111042
automation,0.003140585763888898
data,0.0031677522916667145
streaming media,0.0032697119444445033
algorithm,0.0033112371527778406
statistics,0.0034105635416666336
sorting algorithm,0.0036461434722221964
shell tool,0.0038701738888888837
data science,0.0039690871527778004
regression analysis,0.004036177083333342
middleware,0.004048937430555566
web application security,0.004065329513888882
data analysis,0.004111341319444378
question answering,0.004222303680555567
data mining,0.00428015625
artificial intelligence,0.004449361875000002
smart contract,0.004458478472222305
logging,0.004478519652777818
text classification,0.004681875069444397
kernel,0.00475422986111107
application performance management,0.0047848138194444
back end,0.004864767777777834
World Wide Web,0.005003531458333321
web browser,0.0050182116666667165
search engine,0.005133587638888909
image recognition,0.005157860138888887
digital image processing,0.005207807430555572
facial recognition system,0.005220015902777736
image classification,0.0053410493055555675
classification,0.005689251180555549
regular expression,0.005731361111111166
analytics,0.005765557777777763
plot,0.005813539791666628
distributed system,0.005985241180555545
web scraping,0.005989654166666636
banking industry,0.006025176527777787
operating system,0.006164121736111111
serialization,0.006167236458333308
scheduler,0.006318465555555541
file system,0.006341463958333238
blockchain,0.00634226347222222
text processing,0.0063634559722222095
graph algorithm,0.006433933541666659
data compression,0.007141939166666722
database,0.00715884750000001
audio signal processing,0.00745547020833337
video,0.007596170555555587
user interface,0.007827640972222272
web browser engine,0.008055684374999983
password manager,0.008234503611111138
geographic information system,0.008281306874999977
anomaly detection,0.00844109486111111
email,0.008785655277777804
named-entity recognition,0.008847588958333347
Parser combinator,0.008954944236111123
speech synthesis,0.009355885694444455
time series,0.00936228069444442
linear algebra,0.009669996250000007
computer configuration,0.009927987708333336
deep learning,0.010173674652777742
command-line interface,0.010375329513888865
parsing,0.010392990555555509
web service,0.010607384444444368
optical character recognition,0.010818413194444432
penetration test,0.010851310972222195
computer science,0.010904010763888777
image segmentation,0.010975449305555579
natural language processing,0.011036833472222202
robotics,0.011064996319444437
computer vision,0.01109888458333333
distributed database,0.011102066250000014
static program analysis,0.011103174097222168
algorithmic trading,0.01127204604166665
chatbot,0.011474022569444492
synchronization,0.011899504305555586
virtual machine,0.012010458541666713
information extraction,0.012037660694444452
data structure,0.012372899652777769
embedded system,0.012422086180555514
validator,0.01264449638888887
database management,0.012923064791666689
signal processing,0.013465915000000023
security,0.013610681249999979
client,0.013698756805555545
static program analysis tool,0.01375126118055553
image captioning,0.01475941187499999
continuous integration,0.014810227569444473
mobile computing,0.014930554722222239
backup,0.015071315625000054
graphical user interface,0.01543028875000002
network analysis,0.01563327881944443
syntax highlighting,0.015824557638888903
electronic trading platform,0.01588034020833337
translation,0.01603686680555555
unit testing,0.01608579465277782
image,0.016196442152777768
benchmark,0.0163054366666667
authentication,0.016333945624999985
computer data storage,0.016803150694444435
Image analysis,0.017351335694444442
deep neural network,0.017457039722222206
convolutional neural network,0.017570505902777755
Kalman filter,0.017666152569444482
information retrieval,0.017832986111111115
cloud computing,0.018123375277777798
support vector machine,0.018320473125000042
search,0.018370476736111113
data visualization,0.018706765138888887
random forest,0.01898454381944442
digital security,0.019599479861111047
stream processing,0.020015496458333337
internet bot,0.02020873951388888
website,0.021444038819444455
File Transfer Protocol,0.02161638222222223
internet of things,0.021688060347222177
reinforcement learning,0.02253571270833335
continuous deployment,0.022849630000000037
artificial neural network,0.023257138194444416
interpreter,0.023688281041666676
distributed multimedia communications platform,0.023911269097222188
game engine,0.024484804166666596
front end,0.024672682916666716
engineering,0.025073049305555567
recommender system,0.02529603034722222
mobile application development,0.025778796597222237
HTTP client,0.026948849930555574
web application,0.027282188472222246
"extract, transform, load",0.028072427708333347
long short-term memory,0.028157421944444427
software testing,0.02816934062500001
encryption,0.029238999375000074
Containerization,0.029291215902777834
static site generator,0.029331889027777808
instant messaging,0.03029343986111116
recurrent neural network,0.030830777013888866
sentiment analysis,0.031228360277777728
compiler,0.03155194361111108
code generation,0.03177918659722223
Q-learning,0.032034790972222255
debugger,0.03298512395833328
game server,0.03392553736111109
web server,0.034307862847222204
cryptography,0.03454923354166664
pattern matching,0.034590438333333334
3D modeling,0.035265670972222246
Reverse engineering,0.03721842500000003
HTTP server,0.039881234375000074
WebSocket,0.04122223458333335
dependency injection,0.042064301736111115
network monitoring,0.04309481624999997
network security,0.0433950579166667
text editor,0.043948732013888964
content management system,0.04585642930555553
server,0.04667717562500012
integrated development environment,0.0473271882638889
Web Components,0.04884933583333334
telecommunications network,0.05077405666666665
software development,0.06146720520833335
package management system,0.06659106708333334
