domain,diff
statistics,0.00048406178571427927
signal processing,0.000763621964285699
web scraping,0.0008073439285714856
unit testing,0.0025319632142856985
text mining,0.0036671933035714033
data,0.0037609560714285117
network analysis,0.004427626250000011
game server,0.004521534375000025
data compression,0.0050842575892856845
streaming media,0.005109363125000044
pattern matching,0.00526818598214282
web browser,0.0056638369642856845
word embedding,0.005717424999999998
website,0.006016041071428613
data mining,0.006086232946428599
File Transfer Protocol,0.00703664080357147
logging,0.00717090991071434
information processing,0.007500823839285631
web service,0.007582043214285683
server,0.007741395892857106
image,0.008642529375000069
HTTP server,0.008673240178571406
Malware Analysis,0.008779927589285669
geographic information system,0.008782713571428569
question answering,0.008824929821428545
machine learning,0.00991094651785715
optical character recognition,0.009955979196428572
artificial intelligence,0.010350761964285665
audio signal processing,0.010803382410714268
World Wide Web,0.010900842053571447
game engine,0.011056566785714289
language model,0.011511437678571407
hyperparameter optimization,0.011524149107142861
text processing,0.01165945714285721
web server,0.011669442946428576
linear regression,0.011737700535714324
data analysis,0.011759599285714323
data binding,0.012831786785714255
embedded system,0.013303894464285732
web application,0.013380474464285752
malware,0.013514591696428518
validator,0.015214019999999967
user interface,0.015291199196428573
database,0.016567711249999978
object detection,0.016828504374999997
web browser engine,0.017211437410714236
password manager,0.017432117142857112
text classification,0.01750031875000002
data structure,0.018243843928571396
HTTP client,0.018563571964285652
Web Components,0.018893008303571435
automated machine learning,0.0190306211607143
stock market,0.019201510535714256
authentication,0.019274877142857194
smart contract,0.019410695714285775
automation,0.019807505089285693
test automation,0.01982502660714286
static program analysis,0.020152135267857113
kernel,0.020231271964285702
scheduler,0.020287562500000023
web application security,0.020609681607142855
big data,0.021180162678571424
software testing,0.021544740625000003
time series,0.02154582928571433
analytics,0.022101057410714248
image segmentation,0.022613768928571393
continuous delivery,0.02454601732142858
client,0.024873037053571412
regular expression,0.026102285982142898
command-line interface,0.02643671366071426
internet bot,0.027331032410714273
computer data storage,0.027438677589285726
stream processing,0.027476670267857106
static program analysis tool,0.028190145178571463
graphical user interface,0.028190998392857103
dependency injection,0.029057746339285734
penetration test,0.029093566428571388
static site generator,0.03004151660714291
object–relational mapping,0.03011175741071423
text editor,0.030614769732142888
content management system,0.030729862499999983
computer configuration,0.03108811366071426
WebSocket,0.031519296071428615
back end,0.03222261589285713
application performance management,0.032357098392857137
code generation,0.0337469623214286
email,0.03496755642857144
interpreter,0.03559256160714286
operating system,0.03664258678571422
chatbot,0.037154466964285704
encryption,0.037440661607142905
graph database,0.037793128392857145
benchmark,0.03907838366071428
data visualization,0.03910924678571423
cloud computing,0.039531676339285754
security,0.04034009017857143
telecommunications network,0.045885458392857126
continuous deployment,0.049073636250000024
continuous integration,0.049312894374999944
distributed computing,0.04966882410714285
recommender system,0.05090698517857145
file system,0.051587213125
package management system,0.057541358125000025
instant messaging,0.06046582991071431
microservices,0.061060487142857084
DevOps,0.07572415785714279
