domain,diff
deep learning,6.495375000004078e-05
software testing,0.00013527276785707532
content management system,0.00048807035714287794
linear regression,0.001720204464285724
search,0.002114170535714305
big data,0.00303117125000002
kernel,0.003035810535714306
instant messaging,0.004869135625000076
dependency injection,0.005115361517857131
database,0.0074570062500000645
File Transfer Protocol,0.008154285624999952
logging,0.008426467053571363
user interface,0.010151210803571398
website,0.010792323214285693
server,0.013058588750000072
World Wide Web,0.014299432053571426
embedded system,0.018508474464285635
Web Components,0.018903713125000055
benchmark,0.020655444374999943
file system,0.02074041598214288
web server,0.02221895080357139
web service,0.02255627321428566
command-line interface,0.0231466165178571
smart contract,0.024033138571428525
cloud computing,0.02436704205357143
telecommunications network,0.024922384821428584
penetration test,0.029691627857142827
algorithm,0.029752723839285733
automation,0.03414878794642856
web application,0.034451277678571424
distributed system,0.03639899214285716
back end,0.03774281589285711
package management system,0.03799587455357145
recommender system,0.03812338660714287
microservices,0.040788717142857145
web application security,0.05982756946428572
