domain,diff
search,0.00021409624999998988
game server,0.00039898749999994765
information retrieval,0.0008358793749999871
web scraping,0.00086464125000002
web service,0.0009287975000000781
linear regression,0.0013401906249999873
optical character recognition,0.001394894375000011
signal processing,0.001835315625000028
logging,0.0019192231249999803
data analysis,0.0020980781250000136
analytics,0.0022148093750000153
text classification,0.0023147187499999444
middleware,0.002363312499999992
data structure,0.002449234374999998
database,0.002531794375000007
web crawler,0.0029680912499999434
web browser,0.0029906468750000303
distributed database,0.0033796331250000033
web application,0.003404027499999962
big data,0.0037162024999999876
information processing,0.0037485349999999973
reinforcement learning,0.003985269374999989
pattern matching,0.004079542499999977
support vector machine,0.004471059375000003
web server,0.004589026875000013
geographic information system,0.00487438312500002
internet bot,0.005392289999999994
regression analysis,0.005889092499999943
cluster analysis,0.005911999375000032
machine learning,0.005944284374999997
data compression,0.005976504999999965
database management,0.00609575999999995
unit testing,0.0061520000000000186
computer data storage,0.0063946593749999725
object–relational mapping,0.00671407437499999
static program analysis,0.006756898749999962
deep learning,0.006886004375000004
business dashboard,0.006934139374999981
dependency injection,0.0069630031250000335
website,0.007142558750000028
long short-term memory,0.008070668125000013
data mining,0.00819528312499998
web browser engine,0.008247490624999965
convolutional neural network,0.008415796249999996
user interface,0.008703495000000006
time series,0.009384001249999996
object detection,0.00943907187500001
application performance management,0.009520911875000038
HTTP server,0.009662561250000035
automated machine learning,0.010013758750000018
schema migration,0.010244932500000054
data science,0.010322281874999978
digital security,0.010342805625000034
artificial intelligence,0.010462018749999996
Parser combinator,0.010487308750000035
client,0.010783301249999933
stream processing,0.010973820624999964
Semantic Web,0.011086418124999942
digital audio,0.011406438125000001
data visualization,0.011786201249999961
instant messaging,0.011895531874999976
serialization,0.01207533500000002
server,0.01240982499999993
software testing,0.012652953750000001
scheduler,0.012753323124999993
search engine,0.013037290625000031
hyperparameter optimization,0.013090980000000058
HTTP client,0.01309165000000001
data,0.013187028125000055
validator,0.01325311999999998
engineering,0.013530407500000036
semi-supervised learning,0.01377057625
translation,0.013816661875000025
data binding,0.01387398562500003
artificial neural network,0.014017527500000015
File Transfer Protocol,0.014260081874999997
static program analysis tool,0.014506036875000017
benchmark,0.01456055249999999
cloud computing,0.015001941249999984
Web Components,0.015023230624999995
email,0.015330613125000031
regular expression,0.015359695000000034
"extract, transform, load",0.015654080000000015
Q-learning,0.015664583750000044
software architecture,0.015826478124999988
graph database,0.016263928124999966
game engine,0.016647039374999978
object-oriented programming,0.01698232999999999
test automation,0.017119481250000013
graphical user interface,0.0175529425
text processing,0.017613425625000012
smart contract,0.01769698812499998
automation,0.018072246250000035
transfer learning,0.018484705625000014
password manager,0.018620072499999973
streaming media,0.018867520624999967
graph,0.019265391249999986
embedded system,0.021125497500000007
language model,0.021376687500000047
authentication,0.022115408124999986
penetration test,0.022158315625000008
distributed computing,0.022765846250000055
static site generator,0.02296131625000003
WebSocket,0.02376210562500003
e-commerce,0.023909395624999996
distributed system,0.024155914999999972
syntax highlighting,0.024579235000000005
reactive programming,0.02524866375000001
telecommunications network,0.025485146250000035
World Wide Web,0.02549197312500001
Containerization,0.026218948124999975
video,0.027177435624999968
microservices,0.027696901874999957
blockchain,0.028227721250000004
command-line interface,0.02831769125
security,0.02861648187499999
content management system,0.030451559375000048
web application security,0.030888545625000013
backup,0.031125433125000018
code generation,0.032805598125
continuous integration,0.034763263125
back end,0.034945788125000044
shell tool,0.035773379999999994
file system,0.03677721999999997
compiler,0.04417467624999999
software development,0.04812333062500007
package management system,0.049325792499999965
DevOps,0.05090812374999995
