domain,diff
signal processing,0.00026834687499999177
web scraping,0.0006015018749999657
database,0.0006568231249999834
stock market,0.0008232675000000023
unit testing,0.0010681087500000186
validator,0.0012716593750000116
WebSocket,0.001283912499999984
data mining,0.0013993387500000065
optical character recognition,0.0018950893750000475
search,0.002066590625000031
Kalman filter,0.002447813124999948
logging,0.0026276093750000062
time series,0.002696257500000021
hyperparameter optimization,0.002974976875000007
web crawler,0.003278581250000051
authentication,0.0033102456250000967
network analysis,0.00381822312500002
computer configuration,0.004036916249999994
distributed database,0.004275008750000003
internet bot,0.004681570000000024
web server,0.0050824062500000045
statistics,0.0051460587500000154
banking industry,0.00527950499999999
interpreter,0.0052861062500000056
data analysis,0.005337403749999997
translation,0.006341407500000007
embedded system,0.0065485775000000135
distributed multimedia communications platform,0.006657694375000023
geographic information system,0.007334437499999985
convolutional neural network,0.007443251875000001
sorting algorithm,0.007478695000000063
scheduler,0.008253103750000046
command-line interface,0.008390556250000014
graph,0.008783839374999991
file system,0.008879015624999986
Reverse engineering,0.009326413124999988
streaming media,0.009548127500000031
algorithm,0.00957388437499998
security,0.009759156875000036
long short-term memory,0.010020704999999991
virtual machine,0.010264138124999933
game server,0.010268740000000054
software testing,0.01033002375
pattern matching,0.010401838125000007
application performance management,0.010819449374999957
artificial neural network,0.010927848749999969
audio signal processing,0.011051563124999997
benchmark,0.011102568749999986
graph algorithm,0.011178926250000026
data compression,0.01153070687499999
virtual reality,0.011766284375000019
operating system,0.011793340625000037
middleware,0.011820837499999959
support vector machine,0.011882294374999991
internet of things,0.012148938125000008
website,0.012269239375000018
data binding,0.012383697500000013
data structure,0.012631873124999998
computer data storage,0.012828448124999975
"extract, transform, load",0.01291775687500002
File Transfer Protocol,0.012953255624999993
object–relational mapping,0.01312444124999998
database management,0.013373701874999977
serialization,0.013397780625000022
stream processing,0.013427154999999968
web application security,0.01344461812500003
server,0.013516807500000005
data,0.01375703124999994
password manager,0.013786874999999976
regression analysis,0.014128511250000003
engineering,0.01421418000000002
game engine,0.014312660625000029
machine learning,0.014316897500000009
user interface,0.014660623750000046
graph database,0.014842428125000001
synchronization,0.014917547499999989
graphical user interface,0.014937891249999946
email,0.01515986437499997
static program analysis,0.015608001875
big data,0.01568019937500001
information processing,0.016091829375000033
web application,0.016133865000000025
instant messaging,0.017260483125000003
static program analysis tool,0.017706589374999915
test automation,0.018059190625000054
cluster analysis,0.018210334375000026
text classification,0.018615565624999997
natural language,0.01932181500000002
data visualization,0.019616340625000034
logistic regression model,0.01978416437499997
distributed system,0.019883350625000018
World Wide Web,0.02071248375000001
classification,0.020828803749999986
blockchain,0.021398040624999948
object detection,0.021512266250000023
regular expression,0.021939581250000034
static site generator,0.022344888750000014
automated machine learning,0.022800625624999987
HTTP server,0.023587460624999945
Parser combinator,0.02385563437499999
analytics,0.02416149062500003
encryption,0.024531759374999962
data science,0.024691524374999996
text processing,0.025454718749999994
backup,0.025581348750000038
automation,0.02580215250000001
client,0.02642703062499996
cloud computing,0.02645006375000003
Web Components,0.026793964375000007
natural language understanding,0.026995256875000012
distributed computing,0.027067218125000014
visualization,0.027081278750000076
penetration test,0.027705954999999977
network monitoring,0.027851688750000048
business dashboard,0.027993285624999975
web service,0.028244351249999966
network security,0.02864544124999996
HTTP client,0.03055544312500008
dependency injection,0.030884555624999976
smart contract,0.030894564375000044
computational science,0.030920048750000012
front end,0.03101576812500001
telecommunications network,0.031849562499999956
code generation,0.032115404375000045
back end,0.03296123500000003
language model,0.033156674375
natural language processing,0.03318867749999996
Semantic Web,0.036295176875
question answering,0.03644887437500002
functional programming,0.03762255375000001
continuous integration,0.037995259375000034
software design pattern,0.040873303750000034
knowledge graph,0.04215164875000005
content management system,0.043599334375000076
compiler,0.04429003312499999
integrated development environment,0.048704278125
microservices,0.05392880250000001
web development,0.05543770062499995
package management system,0.05582182562499999
recommender system,0.05921616749999992
