domain,diff
convolutional neural network,0.00023901701388892582
linear regression,0.00040665763888889095
text classification,0.0004244701388889105
File Transfer Protocol,0.0005194277083333254
test automation,0.0005643829166666614
game engine,0.0006526491666666856
optical character recognition,0.0007199082638889298
software testing,0.0014033178472222518
static program analysis,0.0014079457638888626
graph database,0.001660651250000006
stream processing,0.0017289846527777653
long short-term memory,0.0017484568055554928
static program analysis tool,0.0017489231944444183
instant messaging,0.0019199450694444287
automation,0.002003500625000043
embedded system,0.002282133750000026
translation,0.0023841638194444514
computational biology,0.002402081736111089
automated machine learning,0.002432456319444387
cluster analysis,0.002623387361111118
hyperparameter optimization,0.0028828693055555354
HTTP server,0.0030211698611110893
command-line interface,0.0030270465972222493
data visualization,0.0034538252777777667
analytics,0.003547075208333361
object detection,0.003549163263888877
support vector machine,0.0035999522222222857
digital security,0.004112877847222252
distributed database,0.0042311449305555415
information processing,0.00440029798611119
machine learning,0.00450221729166661
web application security,0.004548344583333336
computer data storage,0.004676268680555595
geographic information system,0.004778865555555567
big data,0.0050034098611110855
blockchain,0.006582573194444469
database management,0.006715066875000064
security,0.0071539204166666814
language model,0.00729332402777777
machine translation,0.007399942569444484
email,0.007520523333333334
application performance management,0.0077840543055555655
password manager,0.007859988333333345
regular expression,0.008724059236111137
data compression,0.00886482701388891
text processing,0.008990712777777687
user interface,0.009702196736111113
web server,0.009803299930555509
smart contract,0.00991826944444446
HTTP client,0.00999887374999997
distributed system,0.01024565722222226
syntax highlighting,0.010287369166666699
object–relational mapping,0.010342196874999987
schema migration,0.010396354027777832
game server,0.010680988958333304
validator,0.011049168333333276
computer configuration,0.011474400486111147
database,0.011721523194444528
logging,0.011869182291666669
middleware,0.012077708888888816
shell tool,0.012195455000000022
"extract, transform, load",0.012261978472222268
serialization,0.012838099652777796
unit testing,0.01302957972222224
pattern matching,0.013083511458333336
data analysis,0.013130807222222235
streaming media,0.013509812013888928
signal processing,0.013592905416666662
web crawler,0.013739398472222192
data science,0.014007033541666686
penetration test,0.014152466666666669
graphical user interface,0.014220079027777777
operating system,0.014732758055555573
virtual machine,0.01477896736111109
network security,0.01512856868055551
code generation,0.015860803194444495
server,0.015970679027777768
data,0.016004165277777815
time series,0.01646238
software architecture,0.016660351944444457
business dashboard,0.016703993680555557
data mining,0.01702316840277779
website,0.017285359166666653
information retrieval,0.01757019944444449
mobile application development,0.017673710902777834
file system,0.01770195256944443
dependency injection,0.017827247847222283
data structure,0.019421474166666702
data binding,0.01973584750000007
web application,0.022462758749999978
scheduler,0.02312594694444442
network monitoring,0.02359613277777778
artificial neural network,0.023940650416666653
cloud computing,0.02413019284722226
static site generator,0.024157519861111088
continuous integration,0.02612000215277782
web browser engine,0.026471662569444415
client,0.026708795625000004
3D modeling,0.026815530069444482
compiler,0.027141440555555563
web service,0.02883234361111109
World Wide Web,0.0300303022916667
integrated development environment,0.033186247777777844
Web Components,0.034826212986111105
content management system,0.034999039166666635
DevOps,0.035450991666666654
package management system,0.036251478680555616
back end,0.03969055374999997
recommender system,0.04159133819444441
microservices,0.0425040527777778
