domain,diff
network analysis,0.0003288624999999712
HTTP server,0.0004000143750000351
distributed database,0.0004009743749999739
data science,0.00048348249999999315
reinforcement learning,0.000756293124999946
information processing,0.0010255462500000645
streaming media,0.002523436875000007
File Transfer Protocol,0.002667613125000079
database management,0.002799088749999956
object detection,0.003505592500000043
file system,0.004125048749999971
server,0.004350414374999945
language model,0.004645906249999943
linear regression,0.004746778125000017
artificial intelligence,0.00529067875
test automation,0.00556545937499997
website,0.007308463125000053
security,0.007349889375000002
analytics,0.008533352500000063
text processing,0.009398886875000068
data visualization,0.011331931875000034
automation,0.011337774375000054
web server,0.011757459999999997
application performance management,0.01179993874999996
software testing,0.01224756187499998
digital security,0.012436850625000023
graph database,0.012890151249999982
graphical user interface,0.01312417499999996
synchronization,0.013776806250000051
stream processing,0.013864581250000008
computer configuration,0.014062008125000025
telecommunications network,0.014209592500000007
audio signal processing,0.01446441750000002
big data,0.014522135000000103
database,0.014750471250000008
logging,0.015302165000000006
dependency injection,0.015426978749999987
web application,0.015910979375000023
smart contract,0.01593417562499999
schema migration,0.01602186312499998
email,0.01607155125000001
instant messaging,0.016090283124999993
signal processing,0.01675590937499996
data analysis,0.017152507500000025
command-line interface,0.017203940625000025
machine learning,0.017233840000000028
translation,0.017599938750000044
computer data storage,0.018472327499999996
unit testing,0.019133390000000028
geographic information system,0.019459513749999963
convolutional neural network,0.019878103750000015
web application security,0.020067534999999997
password manager,0.020133265625000007
user interface,0.02039790812500003
content management system,0.021929043124999992
data structure,0.025555006875000036
web service,0.02580369812499994
data,0.02647742999999997
cloud computing,0.02670657249999997
distributed computing,0.02824184250000006
deep learning,0.028297232499999964
object–relational mapping,0.028326143750000032
data mining,0.02854667687500001
World Wide Web,0.029483028125000033
pattern matching,0.03116568437500003
regular expression,0.03356137375000001
microservices,0.03371788749999993
penetration test,0.03429666562500003
data binding,0.03443195187499998
client,0.0354597525
back end,0.03879223249999997
package management system,0.03947519374999997
artificial neural network,0.03987489500000002
optical character recognition,0.041201939375000024
validator,0.04473129937499995
data compression,0.05086972312499999
serialization,0.06139051937500001
