domain,diff
validator,0.0008972193750000079
computer configuration,0.001287093749999968
graph database,0.003240751249999979
convolutional neural network,0.00369930687500003
blockchain,0.00446606062499999
data science,0.004948226249999965
web server,0.004961222500000029
unit testing,0.005320941250000044
data analysis,0.006019320000000022
big data,0.006213525625000049
smart contract,0.006398820000000083
object detection,0.0064294293750000175
File Transfer Protocol,0.006924465624999959
game engine,0.007689881249999975
word embedding,0.007852370625000021
website,0.008048897499999985
linear regression,0.008311671250000069
analytics,0.008340694375000068
artificial intelligence,0.009480529374999963
text classification,0.00964856624999999
streaming media,0.00969467437499999
translation,0.009746170624999995
digital image processing,0.010108795625000028
logging,0.01032946874999996
distributed system,0.010521448749999995
static program analysis,0.010921466250000011
digital audio,0.01193702499999999
static site generator,0.012575331874999984
dependency injection,0.01279944937500005
serialization,0.012992858750000003
information processing,0.01305204124999998
regular expression,0.013130556250000008
cloud computing,0.013198446875000047
file system,0.013400418124999924
optical character recognition,0.013487731874999992
static program analysis tool,0.013603446249999929
client,0.014118318749999914
software testing,0.014651287499999999
data compression,0.015030437499999993
distributed computing,0.01563721687499997
instant messaging,0.01584257499999997
database management,0.01603157312500003
HTTP server,0.016224627500000033
HTTP client,0.016755651875000055
computer data storage,0.01681425687499999
artificial neural network,0.017227429374999992
data binding,0.01824937999999998
pattern matching,0.01833575750000002
data,0.01861524687499999
Web Components,0.018675623124999985
web application,0.018934967500000066
geographic information system,0.019081879999999996
user interface,0.01920490749999998
data structure,0.01962105250000004
web service,0.02017931437499998
graphical user interface,0.020964514374999965
language model,0.021288130000000016
command-line interface,0.02177506937500001
computational science,0.023475351874999995
telecommunications network,0.02406966374999997
benchmark,0.02420890437499998
object–relational mapping,0.024320133124999976
server,0.02453011749999995
Containerization,0.02497107625
scheduler,0.025007164999999998
digital security,0.025481379999999998
continuous integration,0.026281640625000047
design,0.027727560625000036
distributed database,0.027825009999999928
World Wide Web,0.02844651375000004
database,0.028933483124999992
automation,0.030098060624999978
test automation,0.03054398875
backup,0.03075464562500005
web application security,0.03185921062500002
security,0.031934683750000054
compiler,0.03461011312500001
password manager,0.03512888624999996
penetration test,0.03555426999999994
microservices,0.035830046874999966
content management system,0.037780114375000035
back end,0.04071543249999998
recommender system,0.042320451875
encryption,0.044941233125000035
package management system,0.05028751312500007
