domain,diff
computer configuration,0.0004233323750000295
game engine,0.00044317949999997386
graphical user interface,0.0005812677499999475
server,0.0011561837499999839
web application,0.0018907077500000535
embedded system,0.0019011517500000519
shell tool,0.0019974500000000117
deep learning,0.0029338262499999657
computer data storage,0.00326039287499999
File Transfer Protocol,0.0035407003749999277
search,0.003617393750000003
text editor,0.0038597198750000006
static site generator,0.004132658250000032
data,0.004955300500000065
pattern matching,0.0062027318750000615
serialization,0.008022673125000046
World Wide Web,0.008351093624999972
user interface,0.008980919624999972
object detection,0.009495521374999982
validator,0.009826428999999942
web server,0.010076155624999972
data binding,0.010409091499999995
unit testing,0.010458528499999953
password manager,0.010653738999999968
website,0.010868472500000004
telecommunications network,0.010942346250000068
streaming media,0.010996096875
HTTP server,0.011388646749999953
support vector machine,0.011591868999999949
web scraping,0.011879964500000006
"extract, transform, load",0.012416752750000037
home automation,0.012692387249999992
software testing,0.01305247162499995
operating system,0.013156645500000008
security,0.01340222374999997
command-line interface,0.013420531375000044
email,0.013948336000000061
linear algebra,0.01419978787499998
web crawler,0.014462404750000019
file system,0.014792133124999995
instant messaging,0.01487102137499996
content management system,0.01610244949999995
machine learning,0.017342679375000003
Web Components,0.01798411112499998
artificial intelligence,0.01857099725
regular expression,0.02003890112499998
semi-supervised learning,0.020406644624999998
database,0.021140100250000016
test automation,0.021494918750000036
continuous delivery,0.022045378750000066
package management system,0.022398543125000003
continuous integration,0.023027348375000034
HTTP client,0.02386960425000001
benchmark,0.02426621637500001
smart contract,0.024584962999999987
penetration test,0.02493834000000003
client,0.025123083625000042
automation,0.026061683375000033
object–relational mapping,0.02648658412499999
cloud computing,0.029147417625000005
distributed system,0.02945596500000003
web service,0.030208111499999968
web browser engine,0.033944231875000064
computer programming,0.03406070950000001
web application security,0.034473606749999997
big data,0.03521952725000002
data science,0.03534788087499999
language model,0.03939607925000008
DevOps,0.040063024
back end,0.04031131775000002
microservices,0.040718942000000036
web browser,0.045711916249999984
recommender system,0.05241916075
