domain,diff
translation,9.744715277779092e-05
computer configuration,0.0002440177083332662
web browser engine,0.0004214640972222683
object–relational mapping,0.0005444679861111579
text classification,0.0008675109722222352
software testing,0.0013975643749999378
internet of things,0.0015221880555555678
analytics,0.0016559924305555862
support vector machine,0.001730725000000044
HTTP client,0.0018379518055555155
regular expression,0.0018829074305555804
text processing,0.002093716111111088
time series,0.0022798055555554864
File Transfer Protocol,0.0025693660416666875
optical character recognition,0.0028930065972222196
continuous integration,0.003169797708333366
geographic information system,0.003381527222222236
operating system,0.00354249305555554
cloud computing,0.004403598263888919
command-line interface,0.004477943263888895
database management,0.004683301458333372
object detection,0.004820880069444394
search,0.004963962083333329
automated machine learning,0.00509832479166672
test automation,0.005236221250000006
data compression,0.005242615902777831
blockchain,0.005498776527777721
streaming media,0.005666692430555537
cluster analysis,0.005723874583333344
database,0.005731932361111081
malware,0.005787298125000007
Image analysis,0.0058528543055555715
validator,0.006302878333333317
smart contract,0.006423050000000041
data analysis,0.006606926666666624
computer data storage,0.007002642569444384
data,0.007023261388888868
graph database,0.007104204583333329
machine learning,0.007925345625000052
language model,0.007948186250000044
dependency injection,0.008245923958333234
big data,0.008634771527777696
graphical user interface,0.008687249583333334
user interface,0.009262644513888862
game engine,0.009340543055555567
unit testing,0.009419919722222253
web application security,0.009566847638888876
scheduler,0.00978051027777782
graph algorithm,0.009958565624999971
Kalman filter,0.009980533541666697
long short-term memory,0.010019493750000025
distributed system,0.010165824999999962
static program analysis tool,0.01038060680555547
distributed database,0.010412317708333285
web server,0.010647212847222198
distributed computing,0.010842192638888859
internet bot,0.01086069479166668
audio signal processing,0.010927775763888842
interpreter,0.011020567083333349
data structure,0.011422603055555564
data science,0.011539342430555571
instant messaging,0.011612824513888842
data binding,0.011661134166666642
automation,0.011689063402777866
virtual machine,0.011751570972222236
hyperparameter optimization,0.011924934305555579
web scraping,0.012531693611111117
email,0.012838583888888921
benchmark,0.01291532562500003
code generation,0.01411003263888888
encryption,0.014267569861111107
stock market,0.014339955138888916
shell tool,0.014413266111111045
website,0.014524110833333381
logging,0.01511012506944448
statistics,0.015167947500000029
penetration test,0.01581965499999996
security,0.01706399208333334
HTTP server,0.017412590972222197
static site generator,0.01771675097222225
pattern matching,0.01829970423611113
signal processing,0.018350649861111096
static program analysis,0.01838032798611111
web service,0.018452167500000005
neural network,0.018828950972222203
Malware Analysis,0.0190258024305556
embedded system,0.019790036805555467
web application,0.020735967083333362
Semantic Web,0.021012600277777765
file system,0.021149965347222244
World Wide Web,0.021406333402777866
information processing,0.021424271874999956
stream processing,0.021823137430555584
backup,0.021967470694444463
password manager,0.022029042777777785
search engine,0.022061816875
game server,0.02255042006944441
microservices,0.022824366666666707
client,0.02403594062500003
artificial neural network,0.024652438749999978
content management system,0.02568071472222233
anomaly detection,0.025715671944444407
telecommunications network,0.027180930694444383
server,0.02725876180555553
Web Components,0.029553102430555533
package management system,0.030038745902777775
back end,0.03172624319444439
application performance management,0.03371420152777782
network monitoring,0.04188928833333325
recommender system,0.04885220708333332
