domain,diff
education,0.00018493187499996067
time series,0.00024800312500003474
deep neural network,0.0004628743750000053
analytics,0.0004933593750000298
static program analysis,0.0006774293749999827
computer configuration,0.000757976250000042
audio signal processing,0.0007686756250000204
data structure,0.0015075268749999982
sorting algorithm,0.0015482506249999695
Web Components,0.001685758124999992
big data,0.0019261349999999955
digital audio,0.0022577681250000037
deep learning,0.0022591137500000136
command-line interface,0.002298815625000006
continuous integration,0.0024157675000000545
test automation,0.0024271506250000408
electronic trading platform,0.0025233274999999777
text classification,0.002604614999999977
security,0.0029325299999999888
World Wide Web,0.0029831543749999634
data,0.0029898743750000345
logging,0.003004962500000069
object detection,0.0031070487500000077
data compression,0.0032145249999999403
language model,0.0032635731250000577
cloud computing,0.0037446756249999713
digital image processing,0.004151292499999987
algorithm,0.004189586250000016
streaming media,0.0041998075000000135
mathematics,0.004401474999999988
question answering,0.004540540624999978
plot,0.004567973125000013
static program analysis tool,0.004768837500000012
penetration test,0.004772720625000032
malware,0.00497700812499996
benchmark,0.005059536250000024
text processing,0.005089315625000035
operating system,0.00509521437499999
graphical user interface,0.0055329825000000055
e-commerce,0.005797026875000055
Malware Analysis,0.005945415625000033
unit testing,0.006092581249999979
semi-supervised learning,0.006106407499999966
functional programming,0.006618369374999961
game engine,0.00674543437499997
compiler,0.006845541874999972
computational science,0.007362563124999971
data science,0.007681053125000031
natural language,0.007799413124999988
web application,0.0078123100000000445
distributed system,0.00790308125
distributed computing,0.007928541874999973
website,0.008201126249999913
user interface,0.008217615000000011
anomaly detection,0.008249737499999965
web crawler,0.008758097500000062
linear regression,0.008871296249999994
database,0.009231051875000007
computer data storage,0.009299769999999985
machine learning,0.009670421250000005
static site generator,0.00994705312500005
support vector machine,0.01009340750000004
mobile application development,0.010233955000000017
schema migration,0.01027194437499998
signal processing,0.01054420812500001
smart contract,0.010708100624999994
algorithmic trading,0.010810964999999978
web scraping,0.010815926874999965
File Transfer Protocol,0.01119676
word embedding,0.011351745624999993
digital security,0.011665753124999956
server,0.012125510000000006
database management,0.012381905624999967
web service,0.012993596250000072
network security,0.013060554374999978
dependency injection,0.013090574374999997
data analysis,0.013522018125000007
backup,0.013697606249999994
topic modeling,0.01447651124999999
regular expression,0.014965703125000007
web server,0.015522049374999958
validator,0.016115654375000038
artificial neural network,0.016222155624999984
encryption,0.016839746250000037
content management system,0.01727843937500001
stock market,0.017469858749999956
automation,0.017669536250000034
cryptocurrency,0.017840256874999988
"extract, transform, load",0.018326391875000042
game server,0.018395950624999935
microservices,0.018455420624999996
HTTP client,0.01893155999999996
code generation,0.01899789687500003
serialization,0.019176239374999987
web browser engine,0.019201353749999983
blockchain,0.01954722374999998
file system,0.019549417500000027
recommender system,0.01963229874999997
distributed database,0.020155546874999986
web browser,0.020349569999999984
package management system,0.021073118125000068
embedded system,0.021195013125000023
long short-term memory,0.021777815625000002
HTTP server,0.022352436875000048
integrated development environment,0.025606691874999976
software testing,0.02561772000000001
back end,0.025696547499999944
password manager,0.026021298749999977
application performance management,0.026204914375
web application security,0.026776104375000026
middleware,0.026874534999999977
information processing,0.027226919999999988
instant messaging,0.027337566875000052
design,0.02746561062499997
telecommunications network,0.02751461375
distributed multimedia communications platform,0.02784440750000003
documentation,0.027872520000000067
data binding,0.02874241812500003
pattern matching,0.029269268124999998
router,0.03164644437500003
geographic information system,0.03202028312499999
hyperparameter optimization,0.033221296250000004
home automation,0.037458858124999994
scheduler,0.03801238812499999
client,0.04014529687500007
web development,0.043980163124999944
object–relational mapping,0.047399246874999995
debugging,0.047510298125000044
