domain,diff
user interface,5.225062500002764e-05
blockchain,7.734875000003916e-05
command-line interface,9.095687499999228e-05
file system,0.00024135562500005037
website,0.0004737462499999623
computer configuration,0.0016532156249999819
automation,0.0025822681249999535
HTTP client,0.0027217600000000175
graphical user interface,0.002779005000000001
HTTP server,0.003323647499999971
operating system,0.004783015000000002
scheduler,0.004786977500000011
streaming media,0.004810790625000005
instant messaging,0.005492118125000056
distributed computing,0.006531288750000086
File Transfer Protocol,0.007597179374999985
web server,0.007935658125000022
web application security,0.008255501249999991
language model,0.00956312250000002
continuous integration,0.009803434374999975
static site generator,0.009921293750000004
server,0.010229731249999985
smart contract,0.011952597499999995
logging,0.012558133124999982
cloud computing,0.013022741875000021
object–relational mapping,0.013249661874999985
object detection,0.014349411874999995
security,0.015002211250000008
code generation,0.015342808750000048
database,0.01574916999999998
WebSocket,0.016629167499999986
test automation,0.01689536250000001
recommender system,0.01811773875
web service,0.018684022500000008
logistic regression model,0.020139212499999948
microservices,0.020455622500000048
client,0.020605364375000046
web application,0.02085389375000002
data binding,0.020892743749999998
analytics,0.02185604187500001
Web Components,0.025066965624999993
World Wide Web,0.026717034375000004
computer data storage,0.027403833125000027
support vector machine,0.028478511250000005
data,0.02953962874999999
static program analysis,0.029583679375000005
application performance management,0.02990125250000003
game engine,0.03024720249999996
big data,0.03178375499999997
telecommunications network,0.034287946250000007
unit testing,0.03694056875000004
package management system,0.03728250312500003
data analysis,0.03753467874999997
software testing,0.03788972312500005
machine learning,0.04117382187499996
content management system,0.04229575125000004
data structure,0.05288866499999992
benchmark,0.08040845687500003
