domain,diff
embedded system,0.00025205499999997327
website,0.00030735749999999395
optical character recognition,0.0006322037500000321
data compression,0.0007501618749999883
machine learning,0.001867741249999999
web server,0.0020183949999999506
software testing,0.0027305124999999764
big data,0.0030943131250000255
middleware,0.003197711875000009
data,0.0038446893749999878
data analysis,0.004390536249999993
smart contract,0.004402493124999962
reinforcement learning,0.0045758287500000105
object–relational mapping,0.004676295625000021
graph database,0.005157731874999988
deep learning,0.0052594643750000225
instant messaging,0.005631091249999998
File Transfer Protocol,0.005855780625000029
HTTP client,0.0062411637500000006
linear regression,0.006415721875000002
application performance management,0.006465686249999991
geographic information system,0.006771155000000029
logging,0.0069510093749999835
convolutional neural network,0.0073879731250000025
authentication,0.007621546875000024
streaming media,0.008040140624999997
HTTP server,0.008275511249999978
automation,0.00846119125
computer configuration,0.008700957499999995
search,0.010172724375000053
object detection,0.010483642500000001
Web Components,0.011217586875000018
schema migration,0.011484900625000016
penetration test,0.011592704374999985
distributed database,0.011646696874999973
time series,0.012041737499999983
web application,0.01217981062500001
anomaly detection,0.012602130000000045
game server,0.01264957062499994
data structure,0.012714494375000024
home automation,0.013149750000000016
graphical user interface,0.014016717499999998
stream processing,0.014609500624999994
user interface,0.014636864375000003
translation,0.01487657874999998
server,0.015026220624999975
artificial neural network,0.015101023749999998
analytics,0.01534358874999997
test automation,0.01577540999999999
data binding,0.01588268937499998
operating system,0.016292004375000058
computer data storage,0.016852290624999988
data visualization,0.01700560874999993
database management,0.017144828750000063
dependency injection,0.017195426874999975
information processing,0.018604351874999953
file system,0.01913039437499997
pattern matching,0.019901587499999956
database,0.02105839187499997
continuous integration,0.021126181249999987
distributed system,0.021414256875000037
text mining,0.022134126874999993
cloud computing,0.022152829375000016
network monitoring,0.022970834999999995
language model,0.023060583125000006
telecommunications network,0.02405128062499995
World Wide Web,0.024820623749999993
security,0.025548233749999982
web application security,0.025932869375
network security,0.028023118749999965
content management system,0.029636067499999974
client,0.03044165249999997
microservices,0.03255976687500006
web service,0.032960998750000026
password manager,0.03472565749999998
back end,0.04220549500000004
package management system,0.04396467187499992
DevOps,0.06286435812500005
