domain,diff
image,8.371249999999941e-05
digital image processing,8.499062499997545e-05
unit testing,0.0001519356250000159
distributed database,0.00017404999999998116
logging,0.00024223812500007158
image classification,0.000472196250000001
deep learning,0.0005661449999999624
game engine,0.00071140562500005
image recognition,0.0008354174999999908
information processing,0.0009182593750000079
computer data storage,0.0010140518750000327
static program analysis,0.0011539331250000062
hyperparameter optimization,0.0011645249999999996
machine translation,0.0012016575000000085
long short-term memory,0.0014381012500000456
optical character recognition,0.0014547918750000277
object–relational mapping,0.0018607693749999599
plot,0.0019938775000000186
application performance management,0.0025212262500000082
data structure,0.0028358174999999763
web service,0.002835954375000005
data,0.0030217350000000254
audio signal processing,0.0030420118749999725
middleware,0.0035492924999999675
authentication,0.003845861875000023
synchronization,0.004760831249999986
password manager,0.004892471875000054
smart contract,0.005037281250000025
regular expression,0.005248138124999996
blockchain,0.005362691874999936
deep neural network,0.005440823750000018
translation,0.005531148124999996
embedded system,0.005697831875000003
distributed computing,0.006078145625000031
virtual machine,0.006110563124999968
face detection,0.006199896874999999
validator,0.006263317500000032
distributed system,0.006295097500000013
big data,0.007132211875000044
text classification,0.007215463750000012
dependency injection,0.0077143918750000595
static program analysis tool,0.007909464375000008
machine learning,0.008084512500000002
facial recognition system,0.008158946249999965
object detection,0.008447198749999968
search,0.008837106250000004
language model,0.008971663750000025
web browser,0.009138570000000013
streaming media,0.009435944999999973
scheduler,0.009458804375000018
image segmentation,0.009514727500000014
command-line interface,0.009953432500000026
security,0.010015631875000014
web browser engine,0.010127769999999925
web scraping,0.010181065625000013
web application security,0.010206399375000008
pattern matching,0.010655024999999985
signal processing,0.010981827499999958
data mining,0.011123620000000028
computer vision,0.011180372500000008
linear regression,0.011287642500000028
time series,0.011950103749999996
data analysis,0.013181576249999993
digital security,0.013417171874999995
mobile application development,0.013429171249999983
data binding,0.014347598125
stream processing,0.014722751249999944
natural language processing,0.014902380624999989
website,0.014941513750000024
word embedding,0.015023048124999994
graph algorithm,0.015459120625000017
data compression,0.015498728749999968
cloud computing,0.01569152062500001
algorithm,0.01616212187499999
logistic regression model,0.016725875624999997
sorting algorithm,0.016751116250000003
support vector machine,0.017163601249999993
web server,0.01727363000000004
internet bot,0.017329150000000015
database,0.017342662500000022
regression analysis,0.017437191249999956
automated machine learning,0.017948413749999975
text processing,0.01836322625000003
artificial neural network,0.018490784374999986
web application,0.01858745562499997
World Wide Web,0.019192323750000045
software testing,0.019301166249999974
computer science,0.019523259999999987
benchmark,0.021392130000000037
microservices,0.021527416250000042
computer configuration,0.021991336249999965
user interface,0.022197225624999983
education,0.022531514375000034
graphical user interface,0.022614764374999985
penetration test,0.023351649375000005
automation,0.023393694374999996
shell tool,0.023405553124999978
test automation,0.024674180625000014
client,0.025442562499999988
instant messaging,0.025504502500000026
server,0.026022780624999964
e-commerce,0.026062098125000044
back end,0.026573756874999965
operating system,0.02674195562499998
backup,0.02678641812499999
Web Components,0.027640051875000016
encryption,0.02856127187499999
File Transfer Protocol,0.028665145000000003
schema migration,0.02875352937500003
game server,0.030515769375000057
analytics,0.030871364374999988
continuous integration,0.03135428999999995
documentation,0.031948930000000014
network monitoring,0.03247377812499999
file system,0.03251024250000001
front end,0.03560703500000001
WebSocket,0.03603755750000004
HTTP server,0.038679331875
network security,0.0392156025
content management system,0.039543309375
HTTP client,0.039703561875000015
distributed multimedia communications platform,0.04014167124999998
compiler,0.04326680625000001
serialization,0.04455089187499997
business dashboard,0.04824173062499995
package management system,0.054121629999999976
DevOps,0.05655642812499995
telecommunications network,0.05714200250000004
web development,0.061730886250000006
recommender system,0.06490594875
