domain,diff
game engine,3.299249999996756e-05
audio signal processing,8.651062500003581e-05
facial recognition system,0.0001910706250000116
static program analysis,0.00020164000000000293
machine learning,0.00037607624999996814
object detection,0.0008726974999999915
data compression,0.0008765162499999868
graph algorithm,0.000987610624999996
computer data storage,0.0010638812500000094
web server,0.0012728887499999786
stream processing,0.0013914143749999552
internet bot,0.0015083231249999884
automation,0.0015409293750000552
geographic information system,0.0016854893750000433
digital security,0.002158656874999998
middleware,0.0022449112500000368
data binding,0.0024191649999999454
serialization,0.0024241962500000103
time series,0.0025053625000000246
unit testing,0.0027852750000000037
data,0.002894004374999981
support vector machine,0.002941502500000026
logging,0.0031462850000000264
distributed database,0.003652977500000043
big data,0.003833284374999968
image recognition,0.00403307125000002
automated machine learning,0.004065975000000027
algorithm,0.004199499374999971
benchmark,0.00451470625
password manager,0.0047284118749999215
distributed system,0.004794346875000022
distributed computing,0.0048037512500000434
embedded system,0.004866091874999978
long short-term memory,0.005089541249999968
sorting algorithm,0.005259110625000035
File Transfer Protocol,0.005317116875000055
application performance management,0.005714118124999945
test automation,0.005762256875000038
computational biology,0.00581417250000002
instant messaging,0.005908371250000044
object–relational mapping,0.00600598000000005
static program analysis tool,0.006175481250000003
web application security,0.006597933124999983
translation,0.006694040000000012
encryption,0.006754648125000012
computer vision,0.007414024999999991
operating system,0.007594750625000007
regular expression,0.007759721875000042
face detection,0.007905328749999996
Bayesian inference,0.008267460000000004
mathematical optimization,0.008327889374999953
database,0.00851715312500001
data structure,0.008652161875000036
"extract, transform, load",0.008666093749999992
HTTP server,0.008821283124999968
penetration test,0.009380601249999981
security,0.00954257437500003
software testing,0.009598381250000038
graph,0.009617280000000034
analytics,0.009979426249999951
scheduler,0.010254233750000008
digital image processing,0.010328884999999982
cloud computing,0.010439738124999987
validator,0.010713675624999974
internet of things,0.010930517500000014
hyperparameter optimization,0.010939316874999994
command-line interface,0.011344226249999978
email,0.011848075625000037
streaming media,0.011867591874999972
computer configuration,0.011895471250000011
HTTP client,0.011897092500000012
signal processing,0.011973638749999987
pattern matching,0.012526591250000024
router,0.012841600624999977
database management,0.013898929375000035
blockchain,0.014790038125000016
shell tool,0.016031794374999964
smart contract,0.016935849375000034
dependency injection,0.017406394375000023
continuous deployment,0.01779588500000001
static site generator,0.01799511437500001
language model,0.018133696874999994
web scraping,0.018286229374999963
website,0.01939436499999997
graph database,0.02009832000000006
file system,0.020722573125000032
data visualization,0.021165158749999996
mobile application development,0.021956255624999976
backup,0.02311582062500006
user interface,0.02322666437500004
game server,0.02396737812500005
visualization,0.02475276062500001
graphical user interface,0.024890960625000014
web service,0.024978483749999947
continuous integration,0.025343917500000035
telecommunications network,0.02741773125000005
microservices,0.028277690625000018
server,0.029189620625000023
World Wide Web,0.03087727812499999
compiler,0.031372176249999995
web application,0.031543185625000025
business dashboard,0.03198318062499997
client,0.0325427218749999
package management system,0.03877754374999992
DevOps,0.039744141249999976
content management system,0.040051728124999936
back end,0.041198080000000026
Web Components,0.041940101875
recommender system,0.051520081874999984
