domain,diff
pattern matching,5.8996874999966975e-05
data,0.0004714345000000897
object detection,0.0011206723750000203
sorting algorithm,0.0014675066250000035
data compression,0.0020217181249999883
support vector machine,0.002524307999999975
security,0.0028028842499999707
artificial neural network,0.004303762749999995
computer graphics,0.0043146296250000105
user interface,0.004690012625000017
digital security,0.005029667374999963
search,0.005288209250000037
text editor,0.005547353125000043
algorithmic trading,0.005547883874999993
Image analysis,0.005994725750000013
penetration test,0.006881217999999967
text classification,0.008003644249999997
data structure,0.008138022500000036
translation,0.008585749375000007
Web Components,0.00863748487499999
game engine,0.008638842499999994
serialization,0.008688551125
unit testing,0.008742072499999975
linear algebra,0.008816922124999987
password manager,0.008821888000000055
graphical user interface,0.010197214249999975
telecommunications network,0.010488854750000054
data mining,0.010641227375000006
web application security,0.010743010250000046
data analysis,0.01086267499999996
website,0.01138801750000007
deep learning,0.011513261250000018
geographic information system,0.011990004000000026
algorithm,0.013112737124999968
machine learning,0.014320013374999968
image,0.01626140637499998
database,0.016700862250000004
object–relational mapping,0.017066836124999984
convolutional neural network,0.01735011712500001
computer data storage,0.01901206487500004
static program analysis,0.019465850125000073
test automation,0.020338920750000017
instant messaging,0.02053334437500004
code generation,0.02156362275000001
software testing,0.021716436624999974
text processing,0.022513391999999965
natural language,0.023807906249999983
electronic trading platform,0.024614752125
automation,0.025225843375000057
big data,0.026596421249999974
optical character recognition,0.02670150762499998
transfer learning,0.026795965000000033
embedded system,0.026998586750000025
text mining,0.02742833487499996
front end,0.027779339999999986
recurrent neural network,0.028221053875000013
data science,0.02843519987500001
time series,0.028704072999999997
computer configuration,0.02871580537499996
language model,0.02874974224999996
benchmark,0.029641633374999976
long short-term memory,0.030039782249999952
information processing,0.030892661125000026
logging,0.03460637437499994
web browser engine,0.035306225124999924
compiler,0.03545511600000001
regular expression,0.03669945712500003
data binding,0.03684371449999996
web application,0.03703598175000003
File Transfer Protocol,0.03886565762500002
streaming media,0.03891836712500002
analytics,0.03925971112500001
documentation,0.04048742812499995
database management,0.04076782612499996
server,0.04119546174999994
HTTP client,0.04364474174999999
WebSocket,0.04423868149999996
smart contract,0.044407436999999994
backup,0.04475159125
client,0.04570765362500001
World Wide Web,0.04672866362499997
synchronization,0.04825644137499996
HTTP server,0.048305483249999975
command-line interface,0.04894808037499998
continuous delivery,0.050277070749999986
file system,0.051497497124999986
validator,0.05435847500000002
blockchain,0.05926544274999995
content management system,0.06291446849999999
web server,0.065329528375
back end,0.06610265875000002
package management system,0.06769904712499997
web service,0.06827811150000002
distributed database,0.069120282625
continuous integration,0.06991151037500007
cloud computing,0.07082438862500001
microservices,0.0846610579999999
distributed system,0.08594606699999999
