domain,diff
cloud computing,0.0031595852083333154
data analysis,0.003722164166666625
big data,0.005870287916666661
machine learning,0.006861646875000044
regular expression,0.006902738958333349
geographic information system,0.006963636666666689
telecommunications network,0.007987162083333332
data compression,0.008502577291666674
database,0.008970669583333368
web application security,0.00915879624999999
server,0.009292895416666669
object–relational mapping,0.009415246458333332
penetration test,0.009456606666666673
password manager,0.010162705000000022
security,0.010649670416666701
logging,0.01136482020833332
data science,0.011667617708333383
File Transfer Protocol,0.012066008958333346
pattern matching,0.01348292020833336
streaming media,0.014697520625000016
data structure,0.01472445750000001
distributed system,0.01646594416666669
unit testing,0.01829866249999998
object detection,0.01929342687499999
website,0.01956645000000007
validator,0.019702422500000066
data binding,0.01992714333333337
web server,0.02023537770833339
content management system,0.020351576666666593
analytics,0.021516532291666696
HTTP server,0.022206257916666694
application performance management,0.022720465416666724
embedded system,0.022794817083333335
data,0.023029226666666625
information processing,0.027316646458333343
web crawler,0.028426667916666676
static site generator,0.02890634625000002
software testing,0.029266837291666736
command-line interface,0.03491087770833334
HTTP client,0.03502297458333331
automation,0.03690266187499994
smart contract,0.037607100833333296
client,0.03788656562499995
microservices,0.039411411666666785
user interface,0.039873663124999986
package management system,0.03991543729166663
test automation,0.04008062208333338
DevOps,0.0423917250000001
web application,0.043890750416666596
text processing,0.045283149166666675
language model,0.045284289583333304
instant messaging,0.04633978020833329
web browser engine,0.04933267062500002
computer data storage,0.05009703395833337
file system,0.05010268770833337
web service,0.05036430333333336
question answering,0.050988802916666714
dependency injection,0.051481862291666625
World Wide Web,0.051598919791666725
Web Components,0.06090092937499997
