domain,diff
internet bot,3.877812500002742e-05
stream processing,0.00021654562500000862
automated machine learning,0.0004774849999999997
algorithm,0.0005448312500000718
facial recognition system,0.0006388556250000177
embedded system,0.0007848468750000226
application performance management,0.0008651937499999929
distributed database,0.0009219999999999784
face detection,0.0012185593750000112
information processing,0.0012794637500000428
audio signal processing,0.0014635175000000111
Image analysis,0.0015563431249999982
static program analysis tool,0.0016690618749999886
big data,0.0016881531249999804
natural language,0.0017200187500000241
computer data storage,0.0017217275000000198
support vector machine,0.0017376000000000336
search,0.0017525737500000693
security,0.0017554300000000023
benchmark,0.0019689637499999413
digital image processing,0.0019812525000000303
streaming media,0.002075610624999974
File Transfer Protocol,0.0021074643750000344
text classification,0.0021792043749999934
artificial intelligence,0.002255918750000002
regression analysis,0.0023654681249999643
test automation,0.002369412500000001
network analysis,0.0025494425000000265
web application security,0.002825588125000028
reinforcement learning,0.0029139906250000014
machine learning,0.0029381843750000136
computational biology,0.003040114999999982
word embedding,0.0031212712500000295
Parser combinator,0.003185333750000019
instant messaging,0.0033085806250000016
geographic information system,0.0034248400000000123
scheduler,0.0034527075000000407
computer vision,0.003514051249999983
image recognition,0.003523185625000008
HTTP client,0.003528298749999992
game engine,0.0035771525000000137
data analysis,0.0038805475000000256
object detection,0.0039280243750000055
image,0.004257896875000028
password manager,0.004425297500000008
cryptography,0.004636683749999981
automation,0.004802394999999959
cluster analysis,0.00525468812499999
time series,0.005385855625000047
optical character recognition,0.0053954750000000384
linear regression,0.005499163124999984
digital security,0.005649119375000039
text mining,0.005787626875000007
digital audio,0.0058378956249999225
language model,0.005854775624999975
unit testing,0.005940943124999987
WebSocket,0.005977470624999981
validator,0.005980531875000028
sorting algorithm,0.005990625625000023
image compression,0.006113571250000005
command-line interface,0.006460833750000006
static program analysis,0.006769635624999992
web server,0.006803787499999936
synchronization,0.00686721625000003
code generation,0.007013194999999972
database management,0.00711904437500005
graph database,0.007198394375000028
data compression,0.007363394374999971
HTTP server,0.007512344999999976
image captioning,0.007605098124999987
distributed multimedia communications platform,0.007760269375000017
analytics,0.008078267500000014
smart contract,0.008559076249999964
logging,0.008566722499999985
encryption,0.00892825624999996
object–relational mapping,0.00921784375000001
Kalman filter,0.009393007499999995
game server,0.009573960625000044
translation,0.009622213124999945
web scraping,0.009872577500000007
authentication,0.010036401875000045
software testing,0.010113958750000013
static site generator,0.010529522499999944
email,0.010650595625000009
convolutional neural network,0.010851078125000024
database,0.010877503125000021
signal processing,0.011081175625000023
data mining,0.011088896874999948
plot,0.011382092500000052
schema migration,0.011468017500000038
middleware,0.011843785624999992
regular expression,0.012088622500000035
data structure,0.012175486875000058
stock market,0.012280318125000023
data science,0.012549142499999999
penetration test,0.012740859375000024
dependency injection,0.01281120124999996
question answering,0.013217746249999995
website,0.013291810625000011
blockchain,0.013815718125000043
pattern matching,0.01392313249999999
data visualization,0.014027022499999986
server,0.014503896249999981
computer configuration,0.014640640624999979
shell tool,0.014724903125000022
network monitoring,0.015955634375000027
continuous delivery,0.015986110000000053
text processing,0.016405771874999975
web crawler,0.016608733749999993
data,0.017105512499999975
web browser,0.017594409999999977
visualization,0.018679063125000034
compiler,0.01915593562500001
graphical user interface,0.01968931937499996
web browser engine,0.020027553749999955
interpreter,0.020061311874999987
distributed system,0.020268865624999965
parsing,0.02069436562499999
user interface,0.020955993750000013
distributed computing,0.021617773750000013
backup,0.022214725624999987
computational science,0.02254116249999988
cloud computing,0.022716667500000093
hyperparameter optimization,0.022741209374999988
serialization,0.023091479375
mobile application development,0.023420156875000014
design,0.023453276250000016
artificial neural network,0.025191087499999987
telecommunications network,0.025194665000000033
data binding,0.025426578125000043
operating system,0.02549843375000002
World Wide Web,0.025540475625000003
e-commerce,0.026203524999999978
continuous deployment,0.02748775312499996
client,0.027580008124999944
web application,0.027647873125
3D modeling,0.02929988062500008
file system,0.02932532062499993
web service,0.029861332500000004
Web Components,0.030526271250000014
continuous integration,0.03244875624999999
text editor,0.03497095312500001
content management system,0.036969442500000005
back end,0.03785143499999993
front end,0.038192246250000006
DevOps,0.03938647562499997
microservices,0.03939285437499995
package management system,0.04789670812500002
software development,0.04802040250000003
recommender system,0.054549756249999914
