domain,diff
distributed system,0.0005421749999999226
unit testing,0.0007473149999999984
computer data storage,0.0010337589583333529
distributed computing,0.0012859720833333088
statistics,0.0013682058333333857
embedded system,0.002365325416666675
cloud computing,0.0024197202083333647
data compression,0.0034365018749999976
audio signal processing,0.0037340564583333846
signal processing,0.003737828750000005
command-line interface,0.004789787291666681
computer configuration,0.005182722708333393
information processing,0.0054946043749999895
operating system,0.005587255000000013
benchmark,0.006037093125000059
logging,0.006328568124999989
web browser engine,0.006645626458333331
continuous delivery,0.00746523541666666
regular expression,0.00760395354166668
software testing,0.007812098125000028
scheduler,0.008082700833333345
artificial intelligence,0.00829610624999999
machine learning,0.008715650208333314
File Transfer Protocol,0.008758592708333346
pattern matching,0.008819637291666682
game engine,0.009416551666666662
web application security,0.00954027125000001
security,0.00966444458333332
time series,0.01139387750000001
automation,0.01176993270833332
search,0.01253297291666669
data binding,0.013403100000000001
object detection,0.013917912708333341
artificial neural network,0.013927248749999982
client,0.013965435624999967
web server,0.014246095624999955
data,0.014256704166666662
streaming media,0.0144764393749999
test automation,0.014683338749999941
synchronization,0.015100368958333388
anomaly detection,0.015693506666666662
data structure,0.016201283333333316
data analysis,0.01633227750000002
big data,0.017030557916666716
graphical user interface,0.01764816375
user interface,0.018219978125000036
geographic information system,0.01839212999999998
continuous integration,0.018726461041666698
internet bot,0.019026081458333344
smart contract,0.019144059166666727
web service,0.01961020499999999
linear regression,0.020018097083333325
server,0.021285542916666622
password manager,0.021389217499999974
analytics,0.022029736458333338
application performance management,0.022373384583333322
website,0.023233105833333323
instant messaging,0.024413493958333365
web application,0.02476342875000004
World Wide Web,0.02662217812499998
penetration test,0.027963525833333308
HTTP server,0.028684451249999965
database,0.029612962083333333
game server,0.029819398958333354
microservices,0.030927210833333385
back end,0.03206244791666668
file system,0.03586556979166666
HTTP client,0.036728681250000006
telecommunications network,0.04054141541666664
Web Components,0.0423341560416666
content management system,0.04512998249999997
package management system,0.04798387895833328
recommender system,0.05849441875
