domain,diff
user interface,0.00019705611111117682
big data,0.00028995666666664643
HTTP client,0.0003213222222222534
security,0.0007186661111111547
blockchain,0.0009648055555556145
object detection,0.0010180838888889099
back end,0.0025189805555556055
code generation,0.003928118333333286
serialization,0.003960081111111152
static program analysis tool,0.004656059999999962
compiler,0.004912902777777728
game engine,0.005070166666666709
smart contract,0.005697799444444429
3D modeling,0.00588196055555551
language model,0.005937992222222244
World Wide Web,0.006281637222222247
convolutional neural network,0.006780371666666674
website,0.007058459999999989
embedded system,0.007502515555555561
object–relational mapping,0.007939662222222255
HTTP server,0.008629956111111114
scheduler,0.009001726666666654
software testing,0.009150623888888959
regression analysis,0.009249202777777743
static program analysis,0.009313469999999963
optical character recognition,0.009567467222222209
analytics,0.009905965555555507
data structure,0.010029187222222263
client,0.010542435000000017
automation,0.011085862222222187
command-line interface,0.011477599444444403
server,0.011780941111111054
graphical user interface,0.011938135000000072
linear regression,0.012060884444444392
web crawler,0.01381605944444439
translation,0.014077739444444431
database,0.014270822222222201
Web Components,0.014732684444444422
instant messaging,0.015930579444444398
unit testing,0.016437163333333338
application performance management,0.01665440055555556
web service,0.016827827777777804
information processing,0.018456448333333375
regular expression,0.018694506111111148
data binding,0.01975190444444444
database management,0.019948300555555493
test automation,0.020111403333333305
validator,0.020959273888888907
penetration test,0.021622822777777745
file system,0.022359372222222257
pattern matching,0.022520252777777777
dependency injection,0.023376752777777732
microservices,0.02620492166666666
continuous integration,0.029001397222222197
data,0.031148737222222195
web application security,0.032642181666666686
software development,0.033003429444444426
web server,0.03378284888888894
web application,0.042502974444444425
package management system,0.0504179661111111
cloud computing,0.05594625388888888
