domain,diff
static site generator,0.00015545756944451705
sorting algorithm,0.0011401842361111192
big data,0.0011655743750000336
email,0.0012295326388889471
File Transfer Protocol,0.0014703812499999858
computer science,0.0015895877083333954
WebSocket,0.001602204097222254
computer data storage,0.0016065541666666905
back end,0.001926179791666649
software testing,0.0023151880555555837
"extract, transform, load",0.0024254990277778055
logging,0.0025131248611111046
smart contract,0.002533706527777735
web crawler,0.0027875931944444654
World Wide Web,0.00288399333333339
password manager,0.003001539791666702
graphical user interface,0.0032138040972222726
3D modeling,0.0032710404166666762
graph database,0.0033757172916666356
scheduler,0.003499686597222218
command-line interface,0.00431679375000002
data compression,0.0044212093750000125
algorithm,0.004489720555555576
web application security,0.004542833194444512
web browser engine,0.004947472916666695
recommender system,0.004951621736111161
network security,0.005115103402777765
streaming media,0.005327768402777794
translation,0.005659200833333294
web server,0.005843826458333368
web application,0.006136614722222267
game engine,0.006160674861111104
web browser,0.00675592840277775
classification,0.007027387152777759
application performance management,0.007089943402777743
object–relational mapping,0.007177128125000043
game server,0.007469970416666583
telecommunications network,0.007496718888888865
deep learning,0.00749694888888891
network analysis,0.00802320479166671
internet bot,0.00803880409722224
plot,0.008347004583333345
hyperparameter optimization,0.00852936798611112
operating system,0.008567544374999986
embedded system,0.008594651111111101
blockchain,0.009163414861111135
security,0.00923466694444447
machine learning,0.009244135972222178
malware,0.00938599076388888
encryption,0.009875552847222219
validator,0.00991751243055558
compiler,0.010073403749999932
geographic information system,0.010182166041666663
server,0.010200201527777786
automated machine learning,0.010276492430555506
Web Components,0.010496711458333308
search,0.011193059027777813
language model,0.01121410500000003
data structure,0.011472522222222281
artificial neural network,0.011514861736111104
continuous delivery,0.01159992951388894
data science,0.0118067186111111
microservices,0.011833715763888919
client,0.011965592430555505
website,0.01203205861111109
middleware,0.012181843749999921
web service,0.012688457916666673
database management,0.013198110763888882
regression analysis,0.013214714652777848
database,0.013342075416666599
front end,0.013539317847222204
file system,0.014209135277777785
object detection,0.014228508333333362
user interface,0.014248537152777768
serialization,0.014739833055555596
static program analysis,0.014820962708333385
web scraping,0.015032301180555568
HTTP server,0.01510194798611103
optical character recognition,0.015682882638888895
static program analysis tool,0.015746217083333403
neural network,0.015960988333333315
Reverse engineering,0.016704150555555575
linear regression,0.016744553194444428
stream processing,0.016807363263888875
convolutional neural network,0.017553623958333348
Malware Analysis,0.017784901736111136
continuous integration,0.017845262152777763
sentiment analysis,0.01800352993055554
analytics,0.018045781111111076
bitcoin,0.018656168194444434
instant messaging,0.018684929444444442
video,0.018720932291666686
HTTP client,0.01942632124999999
Bidirectional recurrent neural networks,0.019585682847222285
shell tool,0.019994994374999908
speech synthesis,0.020048032847222202
authentication,0.020098041874999972
distributed database,0.02019677534722225
web development,0.020979656458333384
automation,0.020997408819444507
data visualization,0.021211494444444423
virtual machine,0.02172513381944441
data mining,0.02185558819444447
information processing,0.02235745006944448
computer configuration,0.022609087499999986
content management system,0.022999513819444456
dependency injection,0.02365338722222221
image captioning,0.023731099583333304
text classification,0.023782427777777754
unit testing,0.02498073465277778
text processing,0.025124386875000043
data binding,0.02546698409722223
information extraction,0.025508082499999973
synchronization,0.02555018381944446
information retrieval,0.026049678611111127
virtualization,0.026625698472222237
cluster analysis,0.0278714661805555
data analysis,0.027895705694444384
support vector machine,0.028006271875000044
anomaly detection,0.028035881527777806
schema migration,0.028266766388888864
software development,0.028846131805555564
data,0.030036658263888877
cloud computing,0.03128228402777783
penetration test,0.03133323465277779
test automation,0.03156739590277782
pattern matching,0.03303946486111112
distributed computing,0.033705686874999974
regular expression,0.03416688763888889
distributed system,0.03433376354166662
time series,0.03558549062500002
statistics,0.03560461472222229
DevOps,0.03637899520833332
integrated development environment,0.0385283659722222
Containerization,0.03854936208333326
continuous deployment,0.04248656229166664
package management system,0.05029390326388894
