domain,diff
World Wide Web,0.0004401398611110774
network analysis,0.0005133522222222076
text processing,0.0006168766666666825
deep neural network,0.001101413541666707
digital image processing,0.001135690624999991
test automation,0.0014985904166666675
penetration test,0.0015587491666666509
face detection,0.0017773629166666916
optical character recognition,0.002100337083333348
blockchain,0.002130468611111075
facial recognition system,0.0021564504861111278
natural language processing,0.0022210411805555774
sorting algorithm,0.0022254810416666437
data structure,0.0022595256249999807
time series,0.002327619166666628
linear regression,0.0028021527083333664
logging,0.0029111312499999764
machine learning,0.00307477638888895
audio signal processing,0.003625712916666718
computer configuration,0.0036684731944443827
information retrieval,0.0037008868055555255
static program analysis,0.003706729305555545
benchmark,0.003908203611111133
distributed system,0.004262472013888907
support vector machine,0.004335898888888884
language model,0.0044571691666666635
Web Components,0.004847092499999928
graphical user interface,0.004934739027777746
convolutional neural network,0.005106542083333332
cryptocurrency,0.005301124027777743
web application,0.0053268584027777455
image recognition,0.005781104930555531
game engine,0.005804419791666682
image,0.005829082222222226
algorithm,0.005969936458333325
cloud computing,0.006066394097222205
deep learning,0.006143100069444435
statistics,0.0064191900694444415
security,0.006425915069444371
text classification,0.006666510972222206
computer graphics,0.006697022500000038
long short-term memory,0.006826556458333355
data,0.006901040972222217
image compression,0.006969604166666671
data compression,0.0070040550000000645
user interface,0.007013851875000032
plot,0.007069026944444473
web crawler,0.007389397430555555
unit testing,0.00744414076388894
artificial intelligence,0.007823242361111121
image segmentation,0.007852731041666672
backup,0.007900247499999985
automation,0.007966191527777777
big data,0.008170944652777762
graph database,0.008425498194444409
search engine,0.008964695555555569
streaming media,0.00903008874999997
kernel,0.00909439583333338
signal processing,0.009102044583333302
dependency injection,0.009245742083333341
3D computer graphics,0.009417202361111071
geographic information system,0.009579241041666714
computational science,0.009755714861111098
database,0.010225805000000004
translation,0.010670261875000031
artificial neural network,0.010786206736111137
stock market,0.011019041111111072
mathematics,0.01106725326388891
static program analysis tool,0.011320343680555567
network monitoring,0.0119784236805556
application performance management,0.0120329944444445
back end,0.01231664055555548
file system,0.01242567902777783
compiler,0.01250613784722221
natural language,0.012682016111111138
object detection,0.012826220486111123
syntax highlighting,0.012852238333333321
operating system,0.013104389652777743
regression analysis,0.013148081388888871
website,0.013521490000000025
code generation,0.013865515277777796
distributed computing,0.0138719717361111
validator,0.013896148750000031
email,0.014018402847222194
analytics,0.014165707847222236
web browser,0.014711336249999929
search,0.014933117222222264
mobile application development,0.015877660694444434
command-line interface,0.016774620138888863
computer data storage,0.016988977638888875
data analysis,0.01710642750000002
reactive programming,0.017146917152777774
regular expression,0.017180314305555555
data science,0.017278666736111115
middleware,0.017343223611111014
linear algebra,0.019349874652777738
web scraping,0.019789770277777757
computer vision,0.020358615555555543
web service,0.02056334527777781
text mining,0.020902312916666693
web browser engine,0.021027560902777742
stream processing,0.021127016388888864
3D modeling,0.021601272777777764
front end,0.021614134027777787
content management system,0.02178946305555554
embedded system,0.02284582680555558
smart contract,0.02323732486111113
authentication,0.024175842847222184
sentiment analysis,0.024732185555555564
client,0.025303266458333307
pattern matching,0.025360257361111138
information processing,0.025428006597222164
Image analysis,0.025431794861111134
package management system,0.025911443402777817
network security,0.026234794097222208
web application security,0.027054791180555482
object–relational mapping,0.027661489236111086
data visualization,0.02863089333333335
password manager,0.029416141180555522
topic modeling,0.029492771180555544
scheduler,0.0309458476388888
server,0.03228353819444446
router,0.03242023902777774
data binding,0.03285607298611115
web server,0.03312017347222218
internet bot,0.03415367375
software testing,0.03433706152777777
encryption,0.03475245076388886
microservices,0.0348302415972222
telecommunications network,0.03545830430555555
File Transfer Protocol,0.037122956180555555
distributed multimedia communications platform,0.037461587569444454
game server,0.03799568715277779
serialization,0.04134885937499999
HTTP client,0.04276940791666661
instant messaging,0.04284199562499996
HTTP server,0.04562999465277773
software development,0.04836858555555562
recommender system,0.048665291597222216
WebSocket,0.050717766388888946
