domain,diff
Web Components,0.0004548438095238194
smart contract,0.0006792806349205649
web browser engine,0.0006857095238094746
automated machine learning,0.0007856130158729879
hyperparameter optimization,0.0008319860317460293
web application security,0.0008645694444444629
big data,0.0014952142857142525
graph database,0.0015802904761905157
object detection,0.001892568333333372
network security,0.0019073027777777585
telecommunications network,0.0019196018253967717
back end,0.0019649376190476464
animation,0.002137190714285725
static site generator,0.0023544980158730078
web crawler,0.0030245923015873033
password manager,0.003342813809523837
web service,0.004767128809523791
operating system,0.004919592857142885
convolutional neural network,0.005011160476190435
World Wide Web,0.005068938809523832
internet bot,0.005614870793650806
graphical user interface,0.005659949365079381
data science,0.006423158253968303
compiler,0.006509920714285716
artificial neural network,0.00668051460317462
file system,0.006976850079365021
security,0.007012656587301602
router,0.007343672460317474
web application,0.007982017936507935
banking industry,0.008160879682539701
geographic information system,0.008543329523809512
website,0.0086028232539683
database management,0.008926614682539746
software testing,0.009040348015873001
distributed database,0.009293405079365102
HTTP server,0.009438144682539673
plot,0.009585525476190515
application performance management,0.009819939365079355
3D modeling,0.009994533809523837
blockchain,0.010202935396825402
data mining,0.01024161944444446
network monitoring,0.01078495904761903
continuous integration,0.010786279206349225
user interface,0.011128799206349155
regression analysis,0.011163043492063512
game server,0.011394422380952285
embedded system,0.011395966111111155
language model,0.011401981428571434
logging,0.011552894603174602
analytics,0.011682421825396833
game engine,0.011910472539682554
web server,0.011975218333333315
client,0.012499028412698343
kernel,0.012627311349206333
sentiment analysis,0.012638583412698412
automation,0.012780143730158733
support vector machine,0.013155029285714298
linear regression,0.013214463015873007
server,0.013483785634920697
data structure,0.013527269365079336
optical character recognition,0.013594613888888885
recommender system,0.014041603253968249
File Transfer Protocol,0.014771124999999996
middleware,0.014797352857142787
data visualization,0.014975858730158748
web scraping,0.015110424126984129
email,0.015184007539682576
content management system,0.01657375301587305
streaming media,0.016746165079365022
command-line interface,0.017148680714285713
"extract, transform, load",0.017538783492063503
translation,0.017819091190476172
object–relational mapping,0.01823048357142862
dependency injection,0.01902833079365085
HTTP client,0.01911602999999998
software development,0.019165306984126995
static program analysis,0.019439881190476238
search engine,0.019640382301587322
data compression,0.019641699285714326
signal processing,0.0197163344444444
time series,0.019969609285714313
front end,0.02060055722222226
synchronization,0.02062290730158725
static program analysis tool,0.0220622169047619
computer data storage,0.02222610476190473
search,0.022925133492063515
data analysis,0.023158394444444425
benchmark,0.02316487246031748
encryption,0.023342398650793683
computer configuration,0.023640947857142852
authentication,0.023737075714285683
instant messaging,0.023938674444444447
microservices,0.024882586031745924
stream processing,0.025534514603174574
validator,0.027127545555555493
text processing,0.027775560714285774
serialization,0.030165436984126964
scheduler,0.030315537222222244
test automation,0.030570832063492093
information processing,0.03336492873015878
database,0.03457322523809514
unit testing,0.03462170777777776
DevOps,0.034989165476190465
data,0.03683345031746035
shell tool,0.036969078571428615
continuous deployment,0.03902254880952383
penetration test,0.03951980063492064
debugger,0.03968898373015872
pattern matching,0.04091056182539676
regular expression,0.04124389317460311
distributed computing,0.04397313071428571
data binding,0.043981661507936476
distributed system,0.04473709166666667
cloud computing,0.046717318492063536
package management system,0.04881000746031744
