domain,diff
quantum computer,0.0002394916666667024
smart contract,0.00100019166666665
web application,0.0012110005555556191
operating system,0.0013964533333333251
data science,0.001663416666666695
sorting algorithm,0.0017003316666667212
electronic trading platform,0.002023666666666646
analytics,0.0022415472222221955
password manager,0.0023732616666666817
static site generator,0.0025690099999999827
back end,0.0029773405555555965
algorithmic trading,0.0030389444444444136
game server,0.0032418044444444405
web server,0.0034600727777777673
recommender system,0.0036933372222222316
logging,0.004102248333333364
graph database,0.004317349999999998
benchmark,0.0045217894444444795
graph algorithm,0.004607436111111057
compiler,0.004735298888888934
blockchain,0.004745145555555608
cryptocurrency,0.00512340388888885
computer data storage,0.0054873016666666385
dependency injection,0.005535231111111094
regression analysis,0.00592943999999998
algorithm,0.005931678888888847
middleware,0.006751338333333301
reinforcement learning,0.007304782777777824
automated machine learning,0.007694453888888869
code generation,0.007773730555555497
data visualization,0.007878756666666625
server,0.008604563888888916
animation,0.009105533333333388
client,0.009126900000000049
big data,0.009369881666666635
static program analysis,0.009649082777777762
static program analysis tool,0.010151612777777763
automation,0.010407238333333346
graphical user interface,0.010773551111111085
reactive programming,0.010871461111111091
hyperparameter optimization,0.011131654444444444
data compression,0.011164645000000029
artificial neural network,0.011356318888888883
Web Components,0.012118533888888894
web application security,0.012317221666666628
machine learning,0.01247595999999998
3D modeling,0.012753507222222238
linear regression,0.012851931666666622
streaming media,0.013067080555555582
file system,0.013399872222222275
time series,0.013932772222222223
software testing,0.01395494555555557
network monitoring,0.014039155555555571
security,0.014305332222222189
command-line interface,0.014475018888888858
stock market,0.015028970555555576
synchronization,0.015339755555555584
distributed multimedia communications platform,0.015633856111111122
documentation,0.015874965555555592
deep learning,0.01613698388888893
debugger,0.016248072222222187
game engine,0.016293856111111088
database,0.016356205000000013
microservices,0.01656421277777781
data analysis,0.016609717777777783
content management system,0.016963233333333327
embedded system,0.01698792944444441
network security,0.01788691666666664
database management,0.018136376666666676
data structure,0.018405577777777765
web development,0.01871758500000001
schema migration,0.019229486666666684
Semantic Web,0.019400865555555535
validator,0.019455392222222256
semi-supervised learning,0.01953841666666664
test automation,0.019745232222222187
mathematics,0.01999880777777782
video processing,0.02049454444444443
search,0.02072772277777782
network analysis,0.02105007500000003
object detection,0.0212271772222222
application performance management,0.02128083777777784
malware,0.02142227055555551
web crawler,0.021887639444444412
kernel,0.0219905866666667
website,0.022064023888888923
web browser engine,0.0227671055555555
geographic information system,0.022864400555555497
distributed database,0.022871447777777776
File Transfer Protocol,0.023304877222222187
sentiment analysis,0.024256442777777804
language model,0.02438592666666664
continuous delivery,0.025006056111111064
World Wide Web,0.02518273666666665
audio signal processing,0.025334056666666716
user interface,0.025556329444444442
Malware Analysis,0.0258508233333333
signal processing,0.0259733183333333
virtual machine,0.026010782777777797
web service,0.026109370555555622
long short-term memory,0.02673229833333335
stream processing,0.027017725000000103
continuous integration,0.02702967222222219
data,0.02865155388888896
computer configuration,0.0287573938888889
telecommunications network,0.028831099444444397
support vector machine,0.02917708111111114
convolutional neural network,0.02928989333333329
unit testing,0.029758604999999966
object–relational mapping,0.03030073555555557
optical character recognition,0.03059483111111111
Kalman filter,0.03081611055555561
natural language processing,0.030861099444444456
HTTP server,0.03111912444444448
virtualization,0.03122917666666669
front end,0.03132227500000004
WebSocket,0.03162938499999998
serialization,0.032267672222222155
web browser,0.0322770716666666
internet bot,0.03477712111111114
text processing,0.03528261611111111
text classification,0.03541442111111115
web scraping,0.03554271333333331
router,0.03562457611111103
scheduler,0.03774751888888894
information processing,0.03907009222222227
software development,0.03978269499999998
penetration test,0.039821091111111095
search engine,0.040067408888888906
distributed computing,0.04197656000000005
distributed system,0.0420098172222223
regular expression,0.04573817777777772
data binding,0.04628442222222218
instant messaging,0.04689566499999989
HTTP client,0.04776058166666669
pattern matching,0.048432145555555584
Parser combinator,0.04961951333333331
information retrieval,0.04981011555555556
cloud computing,0.05530518777777782
package management system,0.05918165611111112
DevOps,0.05954874055555548
continuous deployment,0.06064061166666662
