domain,diff
artificial neural network,0.000473666111111104
software testing,0.0005255216666667506
social network,0.0006099605555555943
game server,0.00096373222222218
algorithmic trading,0.0012230027777777874
graphical user interface,0.0013460538888888929
file system,0.0013796577777777375
WebSocket,0.0015501688888888976
web crawler,0.0016198227777778074
web server,0.0021708577777777016
streaming media,0.0022237477777777848
artificial intelligence,0.0022617861111110527
server,0.0022897355555555055
hyperparameter optimization,0.0023571633333333286
sorting algorithm,0.002411955555555567
middleware,0.002772341111111132
algorithm,0.0029373261111110827
recommender system,0.003016188333333336
big data,0.003055948333333336
File Transfer Protocol,0.0030695561111111214
machine learning,0.0032511000000000068
game engine,0.00327063166666669
password manager,0.0033653616666667052
electronic trading platform,0.0034627988888888683
Web Components,0.0035022561111111017
regression analysis,0.0035972388888889095
graph database,0.003641264444444431
logging,0.0036758827777777503
web browser engine,0.0038796655555555504
3D modeling,0.0040191649999999635
compiler,0.00446265500000001
cryptocurrency,0.004840460555555565
augmented reality,0.004863480000000031
Semantic Web,0.005831298888888892
web service,0.005838220000000061
web application security,0.005884832777777765
e-commerce,0.005956511666666664
convolutional neural network,0.006364194444444471
object–relational mapping,0.006539026111111068
data visualization,0.006731780555555511
data compression,0.0072616144444443975
static program analysis,0.0073985805555555895
automated machine learning,0.0074786272222222006
application performance management,0.007543350000000004
security,0.00765450499999995
smart contract,0.007720125555555624
back end,0.00785579333333336
network analysis,0.007865849444444462
linear regression,0.008048770555555529
blockchain,0.008298711666666597
content management system,0.008327671111111101
analytics,0.008589701111111125
web browser,0.008651867222222248
static site generator,0.008686472222222186
object detection,0.008725884999999989
translation,0.008879528888888877
database management,0.008995803333333385
education,0.009569276666666654
language model,0.009652028888888914
internet of things,0.009666983888888925
computer configuration,0.009817991666666637
World Wide Web,0.009882599444444418
continuous integration,0.010141503888888848
static program analysis tool,0.010382509999999956
"extract, transform, load",0.010717730555555555
serialization,0.010776919999999968
optical character recognition,0.010809321111111075
data mining,0.010926203333333329
operating system,0.011109416666666622
stream processing,0.011412635555555495
HTTP client,0.01197399499999996
web scraping,0.012027744444444433
client,0.012066857777777773
computer data storage,0.012178373333333298
microservices,0.012215243333333292
distributed database,0.012218268888888884
validator,0.012747014999999917
user interface,0.012789908888888979
embedded system,0.01300311666666662
data structure,0.013007917222222193
website,0.013041111111111142
network security,0.013054684444444409
dependency injection,0.01342098222222221
HTTP server,0.013446998333333293
command-line interface,0.014218905000000032
data analysis,0.014357441111111091
web application,0.01509471722222222
stock market,0.015301168888888883
database,0.015375947222222186
scheduler,0.015445685555555588
continuous delivery,0.015451227222222252
signal processing,0.01652579333333329
text classification,0.016763435555555567
virtual machine,0.017170607222222162
telecommunications network,0.01719360055555555
sentiment analysis,0.017311618888888936
authentication,0.017630123888888904
support vector machine,0.01771114888888886
semi-supervised learning,0.01782942944444449
automation,0.018712830555555504
benchmark,0.019269274999999975
search,0.01952200277777777
mobile application development,0.019562458333333338
cluster analysis,0.020475722777777844
virtualization,0.020627508333333378
instant messaging,0.020940426666666623
audio signal processing,0.02163306722222222
unit testing,0.022232978333333375
search engine,0.022688821666666692
network monitoring,0.022797167222222275
Containerization,0.023922866111111107
text processing,0.024305986111111122
distributed computing,0.024984633888888774
data binding,0.025073866666666667
data,0.025371432777777758
synchronization,0.025553213333333352
web development,0.027557746111111142
test automation,0.02756030222222225
information processing,0.02777368555555554
continuous deployment,0.0287852916666666
distributed system,0.029067063888888856
software development,0.03016027111111111
penetration test,0.031051738888888847
pattern matching,0.033045807777777714
integrated development environment,0.0330513899999999
regular expression,0.03442558833333337
parsing,0.036402235000000005
DevOps,0.03726730888888896
cloud computing,0.03759347944444452
Parser combinator,0.040129142222222164
package management system,0.04366639166666664
