domain,diff
image recognition,9.330486111111536e-05
pattern matching,0.00024598750000004443
convolutional neural network,0.00026773638888893947
support vector machine,0.0003086159722222037
digital security,0.0003233993055555273
telecommunications network,0.0005892826388888828
mobile computing,0.0006213851388889025
synchronization,0.000945725416666654
computer configuration,0.001023116666666657
search,0.0015299011111110372
kernel,0.0015308144444444727
benchmark,0.0016540291666667095
information retrieval,0.0017526959722222457
question answering,0.002190694583333347
evolutionary algorithm,0.0023147052777777732
back end,0.002394455555555508
test automation,0.002489618333333332
middleware,0.0024971018055555683
artificial neural network,0.002655967222222222
functional programming,0.0030776791666666803
front end,0.003362822916666619
chatbot,0.0034574297222222383
facial recognition system,0.003669989166666665
automation,0.00409769375000002
e-commerce,0.004158906666666656
World Wide Web,0.004360190416666659
face detection,0.0045944844444444355
image classification,0.004858522499999962
information extraction,0.004956234166666712
algorithmic trading,0.004960184583333305
client,0.004977083888888845
machine learning,0.005042579861111118
compiler,0.005054487222222265
HTTP client,0.005120533333333288
Bayesian inference,0.005148124722222203
instant messaging,0.005240999027777804
computational science,0.005260799305555536
image editing,0.005290974444444457
security,0.0053251405555556075
validator,0.005365583055555567
time series,0.0054357440277777724
static program analysis,0.005906166805555557
mobile application development,0.00597102305555558
WebSocket,0.006059101944444478
game engine,0.006237783055555557
Malware Analysis,0.006289870138888903
"extract, transform, load",0.006322366666666579
authentication,0.006349514722222227
network monitoring,0.006432884861111099
graphical user interface,0.006437533055555611
plot,0.006448008750000039
artificial intelligence,0.0066512105555555645
software testing,0.006763206388888887
dependency injection,0.0068206958333333345
penetration test,0.00694049083333334
language model,0.007074463750000037
web application security,0.007302002916666689
malware,0.0076210818055555685
email,0.007631135833333358
microservices,0.007644449444444479
File Transfer Protocol,0.00807461875000004
internet bot,0.008461820138888881
mathematical finance,0.008495785555555552
logging,0.00864700083333328
Web Components,0.008859954999999975
optical character recognition,0.008924052361111101
code generation,0.008936344583333311
reactive programming,0.008948343333333275
search engine,0.009000888194444417
object detection,0.00900373138888888
graph database,0.00913611374999998
linear regression,0.009173532500000026
data mining,0.009381830833333327
operating system,0.009584842361111123
algorithm,0.009825895972222248
application performance management,0.010118609722222255
image,0.010323589166666675
web application,0.010400174583333366
unit testing,0.010596318750000056
information processing,0.011048674722222207
static program analysis tool,0.011157105972222275
signal processing,0.011206560416666705
data structure,0.011557217777777795
router,0.01160097847222219
streaming media,0.011898627083333335
password manager,0.012157272499999983
web browser engine,0.012181263750000004
embedded system,0.012597129305555538
user interface,0.01263689430555559
regular expression,0.012828411944444423
named-entity recognition,0.012840284444444433
Kalman filter,0.012948589166666635
website,0.013133790694444425
machine translation,0.013370981805555515
backup,0.013600703888888899
static site generator,0.013633264583333304
3D modeling,0.014248004722222207
data compression,0.01455731972222224
image captioning,0.01485360152777776
analytics,0.01485900361111106
command-line interface,0.015067735138888927
distributed computing,0.015293374027777806
translation,0.015361122083333345
server,0.016153723750000015
syntax highlighting,0.016224424166666668
text mining,0.016925696111111138
text editor,0.01714283597222216
text classification,0.017200089861111156
web server,0.018133816666666663
continuous integration,0.01818128847222228
distributed system,0.018725929722222256
virtual machine,0.018726486527777753
Semantic Web,0.019762291944444427
computer data storage,0.019829323333333315
web scraping,0.019858237916666632
Containerization,0.020331767500000042
web browser,0.02046266499999999
package management system,0.02059848902777775
file system,0.020609177916666638
text processing,0.02070777486111111
HTTP server,0.0209308769444444
data analysis,0.02154024652777778
data visualization,0.02191031125000001
content management system,0.022058550833333357
virtualization,0.022108749861111138
data science,0.02234721694444447
encryption,0.022614346666666646
stream processing,0.022934898055555625
recommender system,0.02321186166666661
blockchain,0.02358030236111111
electronic trading platform,0.024024590138888857
web crawler,0.02538371888888888
smart contract,0.0256647891666667
cloud computing,0.02627725083333332
big data,0.02734266263888885
data binding,0.027672297222222197
cryptocurrency,0.027881029722222228
DevOps,0.02808115736111108
data,0.028338957638888884
web service,0.028858729999999944
stock market,0.030383715694444452
database management,0.03113761847222224
database,0.0320876540277778
distributed database,0.03236973777777774
geographic information system,0.033339441944444465
scheduler,0.03491406666666663
business dashboard,0.035248568888888804
object–relational mapping,0.03555764930555552
serialization,0.03607223236111112
finance,0.03745526930555554
schema migration,0.04053552986111114
