domain,diff
graphical user interface,0.000363223333333329
authentication,0.0006214566666666865
security,0.0015575516666666567
natural language,0.0017452958333333268
front end,0.002361799583333324
web browser engine,0.003967711250000006
analytics,0.004017705833333329
deep learning,0.004466599583333342
pattern matching,0.00497017583333334
anomaly detection,0.005039248750000003
benchmark,0.005143399166666646
Bayesian inference,0.005605427499999982
compiler,0.0059503641666666385
test automation,0.006638025833333339
content management system,0.006729116666666701
long short-term memory,0.007370709166666656
database,0.007458090416666674
validator,0.007480702499999992
time series,0.0076216637499999795
data structure,0.00825632083333333
static site generator,0.008282928749999974
backup,0.009022807500000007
information processing,0.009212721666666646
malware,0.010298503750000021
computer configuration,0.010575799999999969
router,0.010578967083333307
data analysis,0.01077054791666665
World Wide Web,0.01140928708333333
Web Components,0.012028024999999998
text processing,0.01235944125000002
logging,0.01243163083333329
data,0.012480100416666667
website,0.012541575416666617
game engine,0.013202045833333287
language model,0.01325261375000003
back end,0.013279535833333356
translation,0.01333073708333335
middleware,0.013618937916666685
automation,0.013929765416666684
file system,0.014229922083333374
data binding,0.014330414166666694
penetration test,0.014400619166666712
web application security,0.01457600458333333
audio signal processing,0.014681764166666694
code generation,0.014755719583333354
Semantic Web,0.015173339166666716
web browser,0.01557342666666664
information extraction,0.01577492666666666
user interface,0.016449726249999963
Malware Analysis,0.016644673750000005
computer data storage,0.01700647833333338
signal processing,0.018229937083333314
object detection,0.018479346666666674
static program analysis,0.018829113749999987
data science,0.019000321666666653
application performance management,0.01970063666666666
regular expression,0.01991130083333334
data compression,0.020654046666666676
big data,0.02090962958333334
object–relational mapping,0.02164228708333335
web application,0.022593542083333362
operating system,0.02305467208333334
streaming media,0.023058126250000005
package management system,0.02407415708333338
client,0.024661570833333313
software testing,0.02494798750000002
web scraping,0.025887748749999967
unit testing,0.02793695125000001
embedded system,0.02909645124999999
instant messaging,0.03080512041666661
bitcoin,0.03128127083333335
continuous integration,0.033183052916666705
geographic information system,0.033391933333333346
blockchain,0.03352873791666669
stream processing,0.03356703499999997
telecommunications network,0.03397296791666671
dependency injection,0.035359940000000034
microservices,0.035880120000000015
smart contract,0.03739536583333333
command-line interface,0.038630504583333336
game server,0.04097268208333332
File Transfer Protocol,0.04218572208333332
web service,0.04706690583333334
WebSocket,0.049786630833333345
server,0.049878998750000014
distributed computing,0.050787592916666624
serialization,0.05130950958333333
web server,0.05335533499999995
cloud computing,0.05436368499999997
HTTP client,0.056050274166666636
HTTP server,0.057807688333333246
