domain,diff
data binding,8.313937499992985e-05
email,0.0002560993750000129
website,0.0004497068749999833
security,0.0004930112500000083
search,0.0007970143750000158
static site generator,0.0009521468750000039
Semantic Web,0.0014423831249999741
Parser combinator,0.0015409081249999623
middleware,0.0015917587500000052
word embedding,0.0016546718750000133
HTTP client,0.0017178399999999705
dependency injection,0.0022150475000000114
internet bot,0.002337532500000017
automation,0.0023850293749999585
web application security,0.002602651250000032
back end,0.002612110624999997
software design pattern,0.002875139375000002
telecommunications network,0.0032660781250000437
World Wide Web,0.004104424374999999
test automation,0.0045153743750000475
support vector machine,0.004539326250000003
content management system,0.004553243749999991
natural language,0.004721909374999944
graph database,0.004975249999999959
text classification,0.005259418749999967
web application,0.005420209999999981
graphical user interface,0.006106895000000001
functional programming,0.006442576249999998
random forest,0.006495402500000025
long short-term memory,0.0065505256250000254
natural language processing,0.006646175000000004
web browser engine,0.006834563125000026
authentication,0.006872133750000037
backup,0.006939995625000028
analytics,0.007387916249999987
database management,0.007390949374999983
graph algorithm,0.007492777499999992
reinforcement learning,0.007531128125000008
language model,0.007780690000000007
unit testing,0.007890891250000032
data mining,0.008312108125000023
code generation,0.00846812500000002
Bayesian inference,0.008898537499999998
algorithm,0.008993809999999991
client,0.009067103125000031
time series,0.00908601687500002
interpreter,0.00910265624999998
software testing,0.009421591874999968
translation,0.00962738437500002
machine learning,0.010199219374999985
text processing,0.01022632625
front end,0.010553031250000011
artificial intelligence,0.011114936875000037
shell tool,0.01112519125
evolutionary algorithm,0.011330581875000023
password manager,0.01134049749999999
animation,0.011511677500000012
web service,0.011583383125000013
linear regression,0.01160757312500002
web development,0.011637466250000006
pattern matching,0.011735351250000026
mathematical optimization,0.012069915000000014
optical character recognition,0.012197307500000032
schema migration,0.012250944375000017
microservices,0.012381184999999961
logging,0.012482916250000003
package management system,0.012919007499999996
object–relational mapping,0.013019503750000022
database,0.013360827500000061
sorting algorithm,0.013696675624999988
malware,0.013928440624999983
artificial neural network,0.014084061250000002
instant messaging,0.014085593124999962
data,0.01436256687500001
information processing,0.014397843124999976
data science,0.01480242312500002
"extract, transform, load",0.014986931250000002
data visualization,0.01507614687500003
Malware Analysis,0.015348231250000038
computer configuration,0.016340968750000018
cluster analysis,0.01639047437500002
penetration test,0.01640657499999998
kernel,0.016717184375
audio signal processing,0.01701892187499998
Web Components,0.01737340812499999
geographic information system,0.017529191875000016
WebSocket,0.017553584375000042
web browser,0.01765774124999997
information retrieval,0.017665944374999992
3D modeling,0.017905421249999998
regular expression,0.017909271250000025
File Transfer Protocol,0.017989001249999997
information extraction,0.018410393749999976
computational science,0.018670900624999986
compiler,0.01875213874999998
object detection,0.019410048750000047
data analysis,0.01973058687500001
game engine,0.020186864374999974
validator,0.020211697500000014
data structure,0.020454918749999967
distributed database,0.021281118749999967
application performance management,0.02207296999999997
streaming media,0.022475089375000007
game server,0.02268549374999998
static program analysis,0.022735759999999994
big data,0.023161647499999993
static program analysis tool,0.023224896250000016
user interface,0.02347437625000004
distributed multimedia communications platform,0.02451700000000001
synchronization,0.025164779375
operating system,0.025281506875
serialization,0.02531263562499997
data compression,0.025330165000000043
file system,0.026009594999999996
signal processing,0.026329112499999974
command-line interface,0.026481866874999982
encryption,0.027068511875000034
web crawler,0.027316191875000034
distributed computing,0.027470619375000005
computer data storage,0.027891810624999985
smart contract,0.02792738874999995
scheduler,0.027990546250000026
distributed system,0.028482503124999947
HTTP server,0.029057699375000023
linear algebra,0.02969083499999997
video processing,0.029823333750000014
server,0.029988916249999997
web server,0.030761338749999978
benchmark,0.031941818124999966
continuous integration,0.031955933125
web scraping,0.032573226250000004
recommender system,0.033255970000000024
Containerization,0.034057596250000044
blockchain,0.034799284999999985
stream processing,0.03679704062500003
cloud computing,0.037397060625000006
embedded system,0.038647015000000035
computer benchmarking,0.0391274975
cryptography,0.04495801000000002
quantum computer,0.04707469812499998
