domain,diff
security,0.0007289187499999739
password manager,0.001015705624999974
graphical user interface,0.0011571487500000033
web application,0.0016248518749999996
information extraction,0.0016755699999999873
time series,0.0019496062499999856
graph database,0.0019552562499999537
e-commerce,0.002173927499999978
back end,0.002246315624999995
search,0.0023825024999999944
benchmark,0.0024666343750000264
network analysis,0.0030262706250000215
analytics,0.0031036274999999836
test automation,0.00317086875
data mining,0.0032102262500000034
network monitoring,0.0033959893749999914
World Wide Web,0.0036698912500000014
linear regression,0.004150479375000016
web browser engine,0.004212699374999962
website,0.004239844374999996
validator,0.004460430000000015
web application security,0.004505018749999978
knowledge graph,0.004655541249999978
Web Components,0.004956719374999974
logging,0.005454254999999991
neural network,0.005818215625000012
chatbot,0.005930480624999984
education,0.006004445625000021
machine learning,0.006536252500000034
software development,0.007260238750000064
support vector machine,0.0072988018750000105
regression analysis,0.007643394374999973
data structure,0.008024779375000013
synchronization,0.008832878124999999
client,0.009494323124999982
word embedding,0.00952912187499999
data binding,0.010270720625000007
long short-term memory,0.010822537500000007
documentation,0.011155989374999953
authentication,0.011321990625
user interface,0.011409328750000003
search engine,0.011416625624999954
telecommunications network,0.011713832500000021
artificial intelligence,0.012018865625000014
classification,0.012293440624999985
deep learning,0.012346279999999987
middleware,0.012420623124999974
web browser,0.013481717499999962
digital security,0.01353013437500003
automation,0.014392569374999942
pattern matching,0.014435217499999986
instant messaging,0.014475091875000012
syntax highlighting,0.014600548125000001
software testing,0.014628803125000006
WebSocket,0.014703984375000007
penetration test,0.01473747625000002
text classification,0.014739531249999993
data analysis,0.014789091250000053
application performance management,0.015197436874999998
regular expression,0.015262732499999987
algorithm,0.01543574374999998
computer data storage,0.01607697500000002
data science,0.016079703124999983
data,0.01612770124999996
operating system,0.01636803874999998
object detection,0.016396689374999968
content management system,0.016468323749999958
information processing,0.016539856875000036
static site generator,0.017037881249999942
compiler,0.017068507499999996
database,0.017238404375000016
data visualization,0.01755578312500003
unit testing,0.018280871249999997
file system,0.01848952125
software engineering,0.018691432499999966
File Transfer Protocol,0.01873108250000005
package management system,0.01892574312500006
game server,0.01930680937500004
data compression,0.01933949812500002
language model,0.019437200624999956
signal processing,0.01984975749999998
streaming media,0.020291974374999966
text processing,0.02029483625000003
audio signal processing,0.020439540625000002
big data,0.020532064374999992
microservices,0.02075970687500006
HTTP client,0.021079766875000017
geographic information system,0.021632922499999985
static program analysis,0.021786529374999974
web scraping,0.022466401249999962
smart contract,0.023029943125000063
dependency injection,0.023367303125000016
Semantic Web,0.02368500625000003
web crawler,0.024489801874999995
game engine,0.025155621249999982
web service,0.02539650562500001
linear algebra,0.02546857375
server,0.02636162437500006
embedded system,0.02702486874999996
web server,0.029120025624999962
command-line interface,0.030779777499999966
distributed database,0.03097953187500002
distributed computing,0.031027386250000066
recommender system,0.032264993124999974
stream processing,0.03259754125000003
scheduler,0.03265169562500003
object–relational mapping,0.03398663999999996
DevOps,0.03442392062499999
HTTP server,0.03448236437500002
distributed system,0.03466663374999998
continuous integration,0.035457871249999995
cloud computing,0.035562605
distributed multimedia communications platform,0.040590555
serialization,0.045733266250000015
Containerization,0.05136332000000007
