domain,diff
graphical user interface,0.0003560969444444395
Web Components,0.0007346505555555494
client,0.0010382044444444127
web application,0.0012493501388889383
front end,0.0022888948611111126
HTTP client,0.002725122777777811
test automation,0.004631361666666611
data binding,0.005161058333333357
content management system,0.007888851944444442
unit testing,0.009003101527777807
automation,0.00960599624999997
web application security,0.011145611805555539
security,0.01125888888888893
middleware,0.012016983749999988
shell tool,0.014377560833333414
code generation,0.015326189027777826
search,0.015332948888888948
World Wide Web,0.017261812083333355
user interface,0.017634279861111157
instant messaging,0.018225215694444408
web service,0.01860520388888892
website,0.02188851069444442
back end,0.023148738333333363
language model,0.023906978194444456
telecommunications network,0.025319546527777764
command-line interface,0.025323767916666684
pattern matching,0.026352383055555567
game engine,0.02706143138888889
package management system,0.029000189583333336
software architecture,0.02958809833333334
penetration test,0.030334924166666638
database,0.030677859027777754
smart contract,0.03092785749999999
scheduler,0.031284358888888975
algorithm,0.032891885694444345
microservices,0.03338046555555557
regular expression,0.03458461027777776
game server,0.03462443458333331
geographic information system,0.034654483055555546
software testing,0.03515654638888896
streaming media,0.03552595097222222
File Transfer Protocol,0.036691694305555606
object–relational mapping,0.03673568208333336
graph database,0.036762404305555524
analytics,0.03755368361111111
encryption,0.037580964444444476
time series,0.03758408736111116
file system,0.03840688902777781
data,0.039533684861111085
linear regression,0.04031223027777772
data science,0.041939151944444475
data structure,0.04229214055555558
computational science,0.042905099305555555
Image analysis,0.04509562722222221
data mining,0.04525950638888887
support vector machine,0.045573285138888975
computer data storage,0.04561616944444444
random forest,0.046765180277777735
object detection,0.047432861388888914
data compression,0.047729396944444474
sorting algorithm,0.04828977749999999
HTTP server,0.049310694722222215
Containerization,0.05024966416666668
server,0.05045596763888893
machine learning,0.051075420972222174
data visualization,0.05153745291666667
data analysis,0.05269669986111106
big data,0.05529712097222225
benchmark,0.05623725972222224
web server,0.06176186666666664
blockchain,0.06438765291666662
distributed database,0.06485130277777779
continuous deployment,0.06572571611111111
continuous integration,0.0667241729166666
stream processing,0.06685276916666666
distributed computing,0.0722744695833333
cloud computing,0.07370688749999998
distributed system,0.07569814972222216
