domain,diff
web crawler,0.000762598124999958
reinforcement learning,0.0011220606249999765
static site generator,0.0011718049999999702
graphical user interface,0.0013186218749999812
regular expression,0.0017668725000000163
web development,0.002373166250000003
knowledge graph,0.0025753731249999745
hyperparameter optimization,0.0026134543749999906
automation,0.0027501668749999597
Web Components,0.002926768749999975
test automation,0.003597428125000024
routing,0.004252834374999959
dependency injection,0.004620700624999974
software development,0.004779323124999985
syntax highlighting,0.005289432499999996
web scraping,0.005683511249999995
analytics,0.007069959375000018
debugger,0.007213548750000021
automated machine learning,0.007233516875000012
software design pattern,0.007745753750000028
search engine,0.008369366249999982
front end,0.009046255000000003
business dashboard,0.009244561874999974
data mining,0.009256291249999993
authentication,0.009826102500000045
web browser,0.010000269999999978
information extraction,0.011213144374999984
search,0.011380996249999997
graph database,0.011867195000000025
integrated development environment,0.0119786375
web application security,0.01205921124999998
time series,0.01205945125000002
validator,0.012252482499999995
security,0.012475350624999992
user interface,0.01298788937499995
client,0.013043179999999988
unit testing,0.013285774999999972
digital security,0.01338708937500005
home automation,0.013420778125000005
algorithm,0.01343597000000002
logistic regression model,0.013552300000000017
design,0.01373956937500001
anomaly detection,0.013903678125000013
web application,0.01392738062499993
linear regression,0.014349883125000018
software testing,0.01441692375000006
data binding,0.014510711875000026
application performance management,0.014536829375000004
compiler,0.014754396249999968
logging,0.015158395624999987
password manager,0.015272868125000005
Naive Bayes classifier,0.015388246875000039
website,0.01576002500000001
microservices,0.015978756250000004
web browser engine,0.01600622437499999
support vector machine,0.016296795000000003
router,0.016515461874999998
functional programming,0.016670652499999994
recommender system,0.01674453125
sorting algorithm,0.016770353749999967
code generation,0.01677849124999997
classification,0.01697050624999996
graph algorithm,0.01747895062499999
middleware,0.017665089374999998
Semantic Web,0.01780599500000002
deep learning,0.018166887500000006
backup,0.01827625625000001
machine learning,0.018506777499999988
statistics,0.01859862125000003
database,0.018633464374999964
shell tool,0.0187520625
Q-learning,0.018925832500000017
animation,0.018987050624999974
data visualization,0.01921057312500002
content management system,0.019617983750000068
Bayesian inference,0.019633089374999968
question answering,0.019752733749999973
back end,0.019806254374999943
random forest,0.020564267499999983
long short-term memory,0.020630070000000028
natural language processing,0.02086104812500003
Parser combinator,0.021034332499999975
network analysis,0.02103763249999996
genetic algorithm,0.02116536999999996
computer configuration,0.021205643125000007
static program analysis,0.021280635625000016
data science,0.02182000875000001
network monitoring,0.021950740624999965
static program analysis tool,0.022413930000000082
artificial neural network,0.022416399999999975
sentiment analysis,0.022611505000000004
artificial intelligence,0.022632170624999948
package management system,0.02288241750000003
word embedding,0.023171633125000007
cluster analysis,0.02333083437499997
data,0.023354324375000013
geographic information system,0.023556916875
evolutionary algorithm,0.023710565624999985
World Wide Web,0.02374567500000002
game engine,0.024017881249999984
Image analysis,0.02412206437500003
data analysis,0.024128605000000025
benchmark,0.02433871687499997
internet of things,0.025264728124999997
3D modeling,0.025565386250000016
reactive programming,0.026075071875000022
penetration test,0.027115730000000005
neural machine translation,0.027135983750000064
text classification,0.027304898125000004
object–relational mapping,0.027369056249999968
natural language,0.02742875437500003
data structure,0.027805465624999998
email,0.02783118000000001
telecommunications network,0.028227911250000043
Malware Analysis,0.028312675624999978
game server,0.02841232812499997
internet bot,0.02932570562500003
object detection,0.02967251812500002
digital image processing,0.030052909999999988
continuous delivery,0.03012063875000001
HTTP client,0.030159281250000003
computational science,0.030406568749999974
banking industry,0.030737096250000012
information processing,0.03141450312499999
physics,0.03202764062499999
smart contract,0.03226396312499999
big data,0.032613253750000015
file system,0.03296229562499997
operating system,0.03304994624999999
translation,0.03355567125
digital audio,0.034395192500000005
command-line interface,0.03495903312500001
simulation,0.035398223749999985
language model,0.03561218562499999
web service,0.03570531625000001
continuous integration,0.03586604874999999
server,0.036427728125
bitcoin,0.03696963374999998
pattern matching,0.03768168250000001
scheduler,0.03783129812499997
optical character recognition,0.03828799062499999
instant messaging,0.03876785249999998
streaming media,0.03877297124999998
Containerization,0.03935441687499999
distributed database,0.03937152937499999
stock market,0.03959553874999999
audio signal processing,0.03963939124999999
text processing,0.039686990000000005
signal processing,0.041358053749999985
data compression,0.04191372062500004
embedded system,0.04241895812499996
distributed computing,0.04284931937500003
cryptocurrency,0.04301648625000001
computer data storage,0.04313604812500002
blockchain,0.04373831249999999
virtual machine,0.044111896250000004
HTTP server,0.045226367499999975
File Transfer Protocol,0.04553721062499999
serialization,0.04744238437500001
stream processing,0.04747295062500001
cloud computing,0.047834666875000015
WebSocket,0.048163022499999986
web server,0.04912512187499998
encryption,0.04924513937499997
distributed system,0.04926178624999997
distributed multimedia communications platform,0.05783616500000005
cryptography,0.05923786312500001
