domain,diff
automation,0.000400634999999927
evolutionary algorithm,0.0015693950000000012
linear regression,0.0018065206250000299
analytics,0.001900636250000004
data structure,0.0024663850000000154
support vector machine,0.002749168124999979
compiler,0.0036488687499999783
database,0.003726564374999991
client,0.004221428124999926
graphical user interface,0.004395420000000039
web application,0.004555429374999975
authentication,0.005029496249999987
deep learning,0.005158696250000011
graph algorithm,0.005294747499999974
pattern matching,0.005642975624999991
knowledge graph,0.0060057131249999784
web application security,0.006482651249999999
search,0.006610008125000011
front end,0.0077361850000000065
back end,0.0077591750000000625
user interface,0.007922241875000013
anomaly detection,0.008030910000000002
object–relational mapping,0.008055033749999996
algorithm,0.00846241812500001
test automation,0.009221219375000034
information extraction,0.00938550624999998
object detection,0.010025717499999975
data binding,0.010110808124999954
unit testing,0.011055885625000011
Semantic Web,0.011482621249999991
application performance management,0.014775436249999996
backup,0.014838416874999982
time series,0.015305112499999995
natural language,0.016738453749999965
internet bot,0.017476018124999992
security,0.01776883187500003
logging,0.019055511875000014
data,0.01996959749999999
penetration test,0.02072882000000001
HTTP client,0.021354219374999983
file system,0.023758770625000036
microservices,0.023806644999999987
package management system,0.024061201250000053
sentiment analysis,0.0253815
language model,0.025669229999999987
password manager,0.025982691874999964
middleware,0.026008230625000073
web service,0.027875251875000007
computer data storage,0.028700589375000002
data compression,0.03126536187499998
big data,0.031965355625000025
information processing,0.03198245624999993
email,0.032041426875
game server,0.03344605875000006
audio signal processing,0.03515884875
scheduler,0.035999496249999985
linear algebra,0.03708952187499995
bitcoin,0.03959823999999998
serialization,0.04111728562499997
signal processing,0.04234781374999996
internet of things,0.043544038125000045
smart contract,0.04375182500000002
regular expression,0.044625825624999976
stream processing,0.04637467125
streaming media,0.04650772687499999
server,0.04685447125000003
command-line interface,0.047786604375000014
File Transfer Protocol,0.04868572000000004
cloud computing,0.04926027249999998
distributed computing,0.049755543749999964
telecommunications network,0.04996458937500001
encryption,0.05095026437499994
web server,0.05197836624999999
HTTP server,0.05291138437500004
embedded system,0.054270220624999976
instant messaging,0.05561504875000001
blockchain,0.05700944499999999
WebSocket,0.072889196875
