domain,diff
machine learning,0.00029159875000001056
continuous integration,0.0003510175000000504
algorithm,0.0005539693749999908
linear regression,0.000683858750000016
natural language processing,0.00114108437499999
database management,0.0016106424999999813
image recognition,0.0016780887500000008
bitcoin,0.0016926249999999754
database,0.00181526999999998
static program analysis tool,0.0022420893750000337
optical character recognition,0.0022498756249999807
electronic trading platform,0.0022863993750000255
support vector machine,0.002388503124999969
test automation,0.0024426781249999863
data structure,0.0025683774999999964
deep learning,0.0026489024999999944
distributed system,0.0026827299999999665
operating system,0.002683160624999986
artificial intelligence,0.003063022500000012
time series,0.0031892374999999973
automated machine learning,0.003202548750000006
network analysis,0.003249758125000002
image segmentation,0.003276580625000025
World Wide Web,0.003318180000000004
sorting algorithm,0.00331998750000001
virtual reality,0.0033780149999999842
logging,0.0034616100000000316
anomaly detection,0.003571660624999945
geographic information system,0.0037825012499999866
deep neural network,0.0037892706250000074
language model,0.0037935056250000265
cluster analysis,0.004056367499999991
search engine,0.004085725000000012
digital image processing,0.0041103112499999706
computational science,0.004171462499999973
penetration test,0.004211478124999973
benchmark,0.0043582787500000275
static program analysis,0.0049321143749999075
blockchain,0.0051660868749999755
backup,0.005391843749999986
web application,0.005582842500000018
cryptocurrency,0.005584204999999953
image,0.005945141250000008
facial recognition system,0.006080779999999952
automation,0.00661369249999999
text classification,0.006629950624999964
user interface,0.006707593125000022
Kalman filter,0.007014834374999973
Web Components,0.007096159375000022
malware,0.007217945625
translation,0.007220861250000016
text processing,0.007259206874999979
image captioning,0.007309580624999978
big data,0.007373757499999967
education,0.007429509375000004
analytics,0.007473286874999929
data mining,0.0077529268749999825
cloud computing,0.008016684999999996
face detection,0.008169159374999957
mobile application development,0.008390874374999996
Malware Analysis,0.008432311250000019
game engine,0.00846704125000003
classification,0.008487982499999991
information retrieval,0.008547518750000066
e-commerce,0.00876588812500001
algorithmic trading,0.008990221875000037
graphical user interface,0.009195585625000058
security,0.009219381249999964
unit testing,0.009247423749999983
digital audio,0.009271168124999979
"extract, transform, load",0.009341708749999955
object detection,0.009443719999999989
regression analysis,0.009459174999999986
web crawler,0.010010765625000057
computer configuration,0.010054261249999974
compiler,0.010082954999999949
email,0.010158631875000018
data,0.010213024374999935
Semantic Web,0.010291197500000016
statistics,0.010292214999999966
long short-term memory,0.010453356874999986
lexical analysis,0.010725797499999995
data compression,0.010848655625000009
computer vision,0.010957054999999993
plot,0.011019501250000008
validator,0.011035269374999934
dependency injection,0.011054245624999959
web service,0.011297496249999983
back end,0.011905906249999931
audio signal processing,0.012190126874999985
digital security,0.012354183124999946
smart contract,0.012511585625000043
search,0.012843158125000032
functional programming,0.013004182500000017
stock market,0.013121196249999995
speech synthesis,0.013308082500000012
data science,0.014442020624999968
website,0.014815234999999982
computer data storage,0.01504635999999998
web scraping,0.015389416875000006
file system,0.01566263562500006
kernel,0.015974642499999997
network monitoring,0.016291692499999955
syntax highlighting,0.016348429374999973
embedded system,0.016438597500000013
regular expression,0.0166610425
password manager,0.016736518750000012
synchronization,0.016918814375000035
code generation,0.01823921812500004
object–relational mapping,0.018476480624999958
distributed computing,0.018531887499999955
word embedding,0.018696175625000033
command-line interface,0.018794656875000038
web browser,0.019075791874999998
data analysis,0.019335343749999984
image compression,0.019460744999999946
signal processing,0.019571280000000052
image editing,0.01992687062500001
middleware,0.02093253124999994
client,0.021019430000000006
front end,0.021801091250000015
pattern matching,0.02198955062500005
distributed database,0.023280307499999986
web browser engine,0.02335443875000001
content management system,0.023368653749999968
data binding,0.023910920000000002
microservices,0.024581701874999973
reactive programming,0.02476465312499998
server,0.025541741875000024
web server,0.02620739875
authentication,0.026535992500000022
Bayesian inference,0.02710876312499999
network security,0.028027239374999985
text editor,0.028304701874999977
application performance management,0.028801155000000023
package management system,0.028819564999999936
game,0.02902209125000005
topic modeling,0.029122356249999953
internet bot,0.029408450625000027
software testing,0.02970807000000003
router,0.02994784500000003
game server,0.03044726124999997
telecommunications network,0.030821295624999967
Parser combinator,0.031086028124999998
serialization,0.031844336249999994
debugger,0.03196714625000002
web application security,0.03198715312499997
design,0.032348498124999986
static site generator,0.03246824750000005
scheduler,0.032676961874999966
data visualization,0.032949161250000025
streaming media,0.03450490687499999
interpreter,0.03571125374999998
recommender system,0.03666266124999998
encryption,0.03676009875000005
HTTP server,0.03866725625000006
File Transfer Protocol,0.039041343125000016
information processing,0.04013400624999999
instant messaging,0.04197279437500001
distributed multimedia communications platform,0.04321839500000005
web development,0.0434206875
HTTP client,0.04363915687500003
documentation,0.04416340875000005
WebSocket,0.04631015437499997
stream processing,0.049893305
DevOps,0.05026153687499993
debugging,0.05322574187499998
