domain,diff
automation,0.0005127426388888967
security,0.0006344088888889099
machine learning,0.001636686527777792
text classification,0.0027890662499999996
cluster analysis,0.0029681943055555327
back end,0.0030505966666666273
support vector machine,0.003110835416666652
artificial intelligence,0.003205221111111073
web browser,0.0033588149999999595
search,0.0035757594444444096
artificial neural network,0.0036601855555555285
test automation,0.003986078888888855
user interface,0.004808031527777812
web application security,0.004849911250000033
language model,0.005600528750000028
router,0.005885941527777744
analytics,0.006219976944444455
data structure,0.006766420555555541
Web Components,0.00685689055555555
email,0.007256314722222268
pattern matching,0.007394728055555522
password manager,0.008131685277777773
time series,0.008300094027777732
semi-supervised learning,0.008713815555555587
penetration test,0.009479634166666667
static site generator,0.00955157847222221
compiler,0.009627386111111053
text processing,0.009723714861111094
backup,0.010323132222222198
graphical user interface,0.010513963611111066
front end,0.010847211250000044
optical character recognition,0.011634610694444464
website,0.0116348056944445
web application,0.01191337291666672
client,0.012165430555555523
translation,0.012373735972222244
Semantic Web,0.012783848055555547
World Wide Web,0.013258653194444414
malware,0.013647903472222195
data,0.01368384652777771
information processing,0.01400474972222221
database,0.014097984583333306
data binding,0.014433224444444448
benchmark,0.014474478055555573
static program analysis,0.015524309027777822
database management,0.01598818569444449
software testing,0.017264232500000032
game engine,0.017602021944444435
object–relational mapping,0.018093502638888953
object detection,0.018252986944444438
middleware,0.018403715416666633
Malware Analysis,0.01850627625000001
instant messaging,0.018551729583333287
scheduler,0.019450242222222247
data compression,0.019651344166666723
big data,0.019934149305555565
unit testing,0.020090112083333306
content management system,0.020557285833333327
signal processing,0.02121955263888889
logging,0.0213599025
static program analysis tool,0.022039848194444434
reactive programming,0.02285690888888897
validator,0.024184990833333336
microservices,0.02477218999999997
application performance management,0.026433394166666624
web service,0.02689820833333334
telecommunications network,0.02767333152777779
web scraping,0.028224580694444418
streaming media,0.028666726527777797
internet of things,0.030014044583333316
computer configuration,0.03069460666666668
encryption,0.03136909611111113
package management system,0.03296360569444448
computer data storage,0.03302154333333332
geographic information system,0.03443164916666666
smart contract,0.03477438305555558
stream processing,0.03481489194444437
regular expression,0.03606343027777775
file system,0.037041635694444436
blockchain,0.03813054013888889
WebSocket,0.0382088941666667
File Transfer Protocol,0.038471594861111125
recommender system,0.03932725833333331
HTTP client,0.040064589444444465
distributed database,0.04159565888888889
serialization,0.04235667069444443
game server,0.04386706069444443
embedded system,0.04465812986111109
command-line interface,0.04478718347222224
server,0.04517505208333339
distributed computing,0.0476296345833333
continuous integration,0.04956533125000001
HTTP server,0.050941133611111106
cloud computing,0.051017088611111094
distributed system,0.05141914805555553
web server,0.053026198333333385
virtualization,0.060376340416666674
virtual machine,0.06530950541666669
