domain,diff
analytics,3.396464285715384e-05
security,0.00026755285714283317
pattern matching,0.0003857439285714359
router,0.0004801173214285803
graphical user interface,0.0005995989285714209
logging,0.0010342910714285503
web scraping,0.0013736151785714856
network monitoring,0.0014541512500000076
network analysis,0.002311845000000007
computer data storage,0.002524359285714317
file system,0.003168699107142847
software testing,0.004546696071428574
computational science,0.005092768750000004
operating system,0.0056477769642857
data structure,0.006221544285714281
penetration test,0.007017683214285697
long short-term memory,0.007157540357142861
web development,0.0074708082142857235
named-entity recognition,0.008644143571428592
artificial intelligence,0.008720610000000018
electronic trading platform,0.009452256249999985
audio signal processing,0.010044585357142838
instant messaging,0.0103753448214286
user interface,0.010386765178571455
question answering,0.01048925339285714
language model,0.010615115178571416
back end,0.010919714285714255
validator,0.011413695357142872
telecommunications network,0.011572313750000063
functional programming,0.011702173928571424
plot,0.012059362321428596
database,0.012188033392857178
integrated development environment,0.012282641071428568
compiler,0.012615947142857131
World Wide Web,0.012735013035714282
support vector machine,0.01273593482142854
game server,0.0136657448214286
big data,0.013782996607142828
static site generator,0.013834684107142836
automation,0.013992655892857142
text classification,0.014827280892857148
application performance management,0.015171217500000028
stock market,0.015174709107142859
test automation,0.01596565928571428
information processing,0.016248824642857096
signal processing,0.016556780892857115
time series,0.016778453750000005
content management system,0.017166202500000005
data compression,0.017224716071428586
blockchain,0.017297156964285715
internet of things,0.01739721624999996
cryptocurrency,0.01747842464285712
client,0.017604444285714282
streaming media,0.017974537321428563
website,0.018165336249999997
data,0.01937553732142855
static program analysis,0.01968668910714283
algorithm,0.020107109464285705
regular expression,0.020258958928571436
static program analysis tool,0.02089471017857142
distributed system,0.021573330357142845
text processing,0.02198930446428568
File Transfer Protocol,0.022690328035714274
algorithmic trading,0.0229618755357143
package management system,0.023245086964285733
object detection,0.023281053214285696
data binding,0.023570135714285678
distributed computing,0.024173648392857155
Web Components,0.024193948571428592
WebSocket,0.02420541678571428
web application security,0.026101579107142836
reactive programming,0.026132394999999975
server,0.026135161607142854
embedded system,0.026440784464285688
smart contract,0.028953455357142888
web application,0.029724348392857147
microservices,0.02986053714285708
command-line interface,0.031904976249999994
stream processing,0.03278029107142855
cloud computing,0.036884061785714295
distributed multimedia communications platform,0.03903873107142852
scheduler,0.044418814285714314
web server,0.04481573714285711
dependency injection,0.0460270139285715
object–relational mapping,0.04747089160714282
web service,0.05378807214285719
serialization,0.05514519910714294
HTTP server,0.05755623535714288
HTTP client,0.05844214214285709
