domain,diff
telecommunications network,0.0003933720833333709
natural language processing,0.0005560825000000269
back end,0.0007507983333333579
web application,0.0014926918055555016
penetration test,0.0016836552777777791
client,0.002381562222222189
World Wide Web,0.0037100531944444515
HTTP client,0.0049254750000000125
analytics,0.00506163305555557
security,0.006932378888888868
Kalman filter,0.008087540833333379
graphical user interface,0.0084153441666667
web application security,0.008657045416666703
algorithmic trading,0.009761379861111086
File Transfer Protocol,0.009826589861111124
router,0.010162856805555592
software testing,0.01086391805555556
pattern matching,0.011952154722222219
recommender system,0.012019920000000017
WebSocket,0.012212604166666668
streaming media,0.012768174861111092
computer configuration,0.013105370555555579
support vector machine,0.013267635694444446
test automation,0.015501397222222157
content management system,0.01870430472222223
website,0.018864855694444377
information processing,0.01940073694444444
user interface,0.019425910416666692
HTTP server,0.020905254722222266
instant messaging,0.022491962916666774
e-commerce,0.023789163333333307
regular expression,0.026927586388888897
language model,0.02797993819444447
object detection,0.028138383611111095
unit testing,0.02841189819444445
web server,0.02930067277777776
big data,0.030829209305555605
microservices,0.03159320111111111
static program analysis,0.03406741125000001
data science,0.034313826388888885
command-line interface,0.03450117291666663
database management,0.03461498791666667
server,0.03462644041666671
web service,0.03472854888888888
compiler,0.03503271833333338
smart contract,0.0353002658333334
stock market,0.036346497916666665
data,0.036947428749999955
electronic trading platform,0.03943443513888889
file system,0.0397254945833333
database,0.043031494027777784
cryptocurrency,0.043383777500000026
distributed system,0.04361586138888887
package management system,0.045155980694444375
data binding,0.047888196111111114
dependency injection,0.05112082249999994
embedded system,0.05169209097222216
distributed database,0.052364787777777755
data structure,0.0535257972222222
serialization,0.060740146250000016
object–relational mapping,0.07848697652777772
