domain,diff
search,1.5089374999971428e-05
mathematical optimization,0.0002393018750000142
data structure,0.0010184043750000038
time series,0.0025072949999999927
static site generator,0.003000805625000047
authentication,0.0032095412499999476
question answering,0.003344268124999994
data binding,0.003357741250000046
analytics,0.0036984081250000245
code generation,0.004401503750000008
long short-term memory,0.0045418750000000285
graphical user interface,0.004645086249999986
database,0.004685019374999988
software development,0.004900741875000031
support vector machine,0.004950730000000014
machine learning,0.004986670624999967
web browser engine,0.005760934375000026
linear regression,0.005872701874999997
password manager,0.0060093712499999785
compiler,0.006035029374999945
benchmark,0.006357124999999991
automation,0.007680125625000034
user interface,0.007892444375000085
backup,0.009114411875000006
security,0.009410006249999964
object–relational mapping,0.009757760625
penetration test,0.009809280625000028
validator,0.00996765000000005
test automation,0.01011987999999997
website,0.010167534374999954
e-commerce,0.010271105625000054
algorithm,0.010996550000000022
web application security,0.011107920625000045
web application,0.011290880000000059
animation,0.011450427499999999
pattern matching,0.011784162500000028
network analysis,0.011853175625000018
game engine,0.012367313125000029
data,0.012745259375000012
Web Components,0.01344415062500004
anomaly detection,0.01377513375000003
DevOps,0.014157597500000008
back end,0.014589196874999988
regular expression,0.014614670624999992
software testing,0.015137036875000037
client,0.016169195000000025
language model,0.016348616875
content management system,0.01706138437499999
information processing,0.01729479375000001
translation,0.017988410000000038
unit testing,0.018024375625000005
World Wide Web,0.018112434374999986
computer configuration,0.01850320250000001
malware,0.01855409249999998
integrated development environment,0.019007956250000013
file system,0.01909415249999999
Malware Analysis,0.01928496437500002
text processing,0.02009066312499999
search engine,0.020116586250000013
internet bot,0.020246629999999988
web scraping,0.020506451250000002
application performance management,0.02164820687500002
big data,0.02208490937499996
object detection,0.02234962562499998
data compression,0.022363646874999976
computer data storage,0.02243097000000005
dependency injection,0.022661920000000058
reactive programming,0.023074314999999956
package management system,0.02512349687500004
middleware,0.026350633124999967
web crawler,0.02953377812500002
logging,0.02969254812499994
network security,0.03075553750000004
blockchain,0.031296550625
microservices,0.03598623749999996
streaming media,0.036009966874999993
instant messaging,0.03769573125000003
smart contract,0.038758862500000046
File Transfer Protocol,0.03878080000000003
telecommunications network,0.03955883937499993
continuous integration,0.039573576875000016
embedded system,0.03992082375
command-line interface,0.04002062687499999
network monitoring,0.04177931125000006
serialization,0.043870866875
stream processing,0.04446103500000004
server,0.04523241000000003
HTTP client,0.04687147624999999
cloud computing,0.048722425000000014
web service,0.050235283124999974
web server,0.05195285187500001
WebSocket,0.05552988687499996
HTTP server,0.056896852499999984
