domain,diff
language model,0.0004587265277778141
pattern matching,0.0005376836111111172
unit testing,0.00057080902777773
computer configuration,0.000670677777777795
data structure,0.0009316544444444019
machine learning,0.0013298148611110838
game engine,0.0019530097222222043
linear regression,0.0023425352777778075
graph database,0.00357873402777778
deep learning,0.004392014305555525
database,0.004437219027777772
data binding,0.004494253888888855
anomaly detection,0.004796139861111104
software testing,0.005026411388888902
e-commerce,0.005209275555555559
object–relational mapping,0.005350952638888906
analytics,0.006552510833333303
graphical user interface,0.0068555697222222045
information processing,0.006873838611111127
text processing,0.007229624861111089
static site generator,0.007310057638888867
web scraping,0.009302935138888913
authentication,0.00983513027777777
client,0.010103117777777781
Web Components,0.010366592777777739
data mining,0.01095554805555557
object detection,0.011427065833333305
algorithm,0.011600667083333321
user interface,0.012254109861111084
penetration test,0.012357507499999976
logging,0.012435069166666646
website,0.012466677361111123
information retrieval,0.012680588750000027
benchmark,0.01285686805555561
application performance management,0.013019578055555592
data analysis,0.013083579861111139
automation,0.013421066527777803
package management system,0.014098672916666721
password manager,0.01419433361111111
data visualization,0.014572171250000016
web application,0.014843290694444455
Kalman filter,0.014978796388888937
email,0.01504858249999999
code generation,0.015254427638888873
data,0.015367648749999963
back end,0.015827501666666688
internet bot,0.016608210416666686
security,0.016654821666666625
web application security,0.016935777916666617
data compression,0.01895125416666668
geographic information system,0.019117886944444412
content management system,0.02016508805555553
World Wide Web,0.02084125375000001
big data,0.02086099763888888
test automation,0.021592897222222185
command-line interface,0.022505315694444472
file system,0.02411864458333332
computer data storage,0.02418521444444441
instant messaging,0.025777719027777757
microservices,0.025969486111111162
bitcoin,0.027242202222222206
telecommunications network,0.028104953194444476
smart contract,0.02845987416666665
serialization,0.0288231079166667
continuous integration,0.030604602916666696
regular expression,0.030791117499999965
server,0.032386317638888884
File Transfer Protocol,0.03254633819444441
validator,0.03413759250000001
synchronization,0.03674077375000001
stream processing,0.037799760277777816
encryption,0.040200353333333355
cloud computing,0.04117356472222225
streaming media,0.04204894319444441
web service,0.042633898333333364
blockchain,0.04423877847222224
HTTP client,0.04542484944444436
HTTP server,0.05169585138888888
web server,0.05193828944444445
