domain,diff
analytics,0.0015883975000000328
validator,0.0021730193750000293
data mining,0.0022640868749999876
database,0.002576587500000005
user interface,0.0031750174999999325
graphical user interface,0.0032055418749999953
client,0.0032085631249999524
data structure,0.003605989375000007
logistic regression model,0.0037037900000000124
data,0.0059991612500000235
search,0.006330496875000008
support vector machine,0.006463218125000003
web crawler,0.007117448750000033
search engine,0.00765485437500002
static site generator,0.008272076874999978
logging,0.008383198124999963
language model,0.008553013125000009
linear regression,0.00892478374999997
regular expression,0.009247743750000037
data analysis,0.009515201875000018
big data,0.010591638749999993
penetration test,0.010841852499999999
machine learning,0.012313834375000027
automation,0.01233219937500002
security,0.012430166874999982
data compression,0.013039468124999981
Kalman filter,0.013113241875000042
website,0.014160163749999954
object–relational mapping,0.014196586875
test automation,0.014200084375000033
content management system,0.01514173249999995
file system,0.016589208124999977
game engine,0.016677241250000002
package management system,0.016847861875000092
data binding,0.019560225000000014
software testing,0.020201923124999965
instant messaging,0.020360745624999982
smart contract,0.020439359999999962
recommender system,0.020448192499999934
web browser engine,0.02058248500000004
application performance management,0.020904713124999974
Semantic Web,0.02090706062500003
blockchain,0.021001960624999982
DevOps,0.02113553249999997
World Wide Web,0.021533584999999966
pattern matching,0.022633865624999916
telecommunications network,0.022653891875
microservices,0.023031446874999972
web application security,0.023105691874999945
web application,0.023600902499999965
back end,0.023856294999999972
server,0.024111649375000044
Web Components,0.024244499375000006
dependency injection,0.02508796562500004
unit testing,0.02607381187500002
static program analysis,0.02618956750000001
HTTP client,0.026861075000000012
File Transfer Protocol,0.028352535624999953
embedded system,0.028604112499999973
object detection,0.03103575187499996
command-line interface,0.03223165625000002
reactive programming,0.03395009062500004
web service,0.03815339687499997
cloud computing,0.03820945312499999
HTTP server,0.03944596937500003
distributed system,0.04135385562499999
continuous integration,0.041839253124999976
web server,0.04510182874999999
stream processing,0.045588165000000014
