domain,diff
video tracking,2.878562500008286e-05
speech synthesis,0.00014038160714285874
client,0.00016474249999998136
mobile computing,0.00034660249999998727
back end,0.0003596483928571259
continuous delivery,0.0003755617857142679
lexical analysis,0.000507587232142892
Containerization,0.0006138327678572031
application performance management,0.0007303212499999989
game,0.0007465246428571826
microservices,0.0007550809821428861
data structure,0.0009640335714285742
natural language processing,0.001040463839285688
linear algebra,0.0011245264285714152
logging,0.0011275327678570979
parsing,0.0011440602678571277
image compression,0.0012180129464285927
shell tool,0.001242126071428512
bitcoin,0.0013703810714286169
distributed system,0.001370712857142825
synchronization,0.0016189576785714255
kernel,0.0016559076785714333
continuous integration,0.0016668758928571337
Semantic Web,0.0017632766964286173
electronic trading platform,0.001896367321428588
support vector machine,0.002021185714285695
language model,0.002188169732142864
web server,0.00237057696428572
word embedding,0.0024094902678571395
statistics,0.002481649017857135
penetration test,0.0025006262500000265
geographic information system,0.0025161630357142806
security,0.0025716470535714075
content management system,0.0026306900000000466
validator,0.002879937410714295
computer data storage,0.003045804196428553
text classification,0.003223592678571474
artificial neural network,0.003263442678571399
neural network,0.003360571785714278
translation,0.003385311964285709
reactive programming,0.0034334588392857524
image segmentation,0.0034532985714285924
topic modeling,0.003613630892857156
text processing,0.0036314767857142938
video game,0.003681206964285727
dependency injection,0.003805307232142896
analytics,0.0038653824107142964
sentiment analysis,0.004137590089285714
blockchain,0.004290684107142839
mathematical finance,0.004442474999999946
e-commerce,0.004529791428571489
semi-supervised learning,0.004584525446428539
benchmark,0.004626604196428602
natural language,0.004641141964285722
schema migration,0.004959457142857199
data compression,0.004989547946428585
machine translation,0.005083982053571412
simulation,0.005146013928571447
information extraction,0.005201911071428589
video,0.005203340357142816
time series,0.005344493928571392
question answering,0.0054765865178571516
pattern matching,0.005484688392857151
distributed computing,0.005659341339285667
front end,0.005753699732142847
text mining,0.0060210973214285535
data,0.006065069642857135
web application security,0.006099553839285676
optical character recognition,0.006215960714285651
virtual reality,0.006260771964285677
password manager,0.006356179107142923
deep learning,0.006448642232142865
social network,0.006719160803571433
hyperparameter optimization,0.006809818749999974
plot,0.006902500178571469
digital security,0.007098685089285656
facial recognition system,0.0072256355357142865
genomics,0.007482280178571388
audio signal processing,0.0075088728571428565
artificial intelligence,0.007718497410714287
image captioning,0.007783678482142842
cloud computing,0.008028293660714308
web service,0.00811844571428566
middleware,0.008270140000000037
data analysis,0.008312268392857203
Kalman filter,0.008408441964285696
banking industry,0.008414502053571415
automation,0.008819433303571489
cryptocurrency,0.008849934821428596
search,0.009045672500000018
speech recognition,0.009081590982142868
embedded system,0.00913019133928572
data science,0.00915977321428571
digital image processing,0.009199195000000021
physics,0.009223927767857187
image classification,0.009268124017857121
functional programming,0.009280486160714252
Parser combinator,0.009489244642857136
cluster analysis,0.009642586071428566
regular expression,0.009680594821428579
routing,0.009746401339285726
object detection,0.00983644008928572
data mining,0.009939372946428604
regression analysis,0.01009218116071428
named-entity recognition,0.010092975624999972
image,0.010411159107142881
graph database,0.010640959553571416
deep neural network,0.011037362767857134
face detection,0.011081319107142829
linear regression,0.011258160089285735
router,0.0112610186607143
File Transfer Protocol,0.011301370178571413
camera,0.011494648035714261
big data,0.011507061607142849
robotics,0.011824368482142855
anomaly detection,0.011995267321428554
computational science,0.012016773928571367
game engine,0.012107346428571447
distributed database,0.012272410714285725
scheduler,0.01238910696428569
database management,0.012613959374999928
hacking tool,0.012657508303571402
"extract, transform, load",0.012657954999999999
geometry,0.01304679669642858
data binding,0.013079146964285748
database,0.013113823125000035
cryptography,0.01319607767857145
unit testing,0.013197687499999972
random forest,0.013289838571428597
neural machine translation,0.01338030776785712
real-time computing,0.013435340714285648
knowledge graph,0.01344612285714289
static site generator,0.01350975910714286
interpreter,0.013578258839285706
email,0.013588754821428572
stock market,0.013718521160714259
file system,0.01376676651785716
network security,0.013993140803571419
backup,0.014069935625000057
network analysis,0.01416573892857137
productivity,0.01430435991071427
serialization,0.014335580714285673
software design pattern,0.01437826473214282
machine learning,0.014595655982142824
computer vision,0.014693528035714248
World Wide Web,0.01474072750000005
network monitoring,0.015148230535714263
signal processing,0.01517765285714287
continuous deployment,0.015457733392857165
encryption,0.015504425535714295
engineering,0.015519671874999974
Image analysis,0.015722371785714256
information processing,0.015770045178571446
DevOps,0.01587150044642857
streaming media,0.015983285535714264
server,0.016011983928571394
data visualization,0.01605820830357141
graph,0.016181855357142838
HTTP server,0.01627693151785714
game server,0.016829348214285722
authentication,0.016944205892857195
reinforcement learning,0.016976811875000053
internet of things,0.01715940008928571
internet bot,0.017195956696428594
smart contract,0.01741407500000003
chatbot,0.018193917589285735
object–relational mapping,0.018672879910714313
virtual machine,0.01887673008928567
automated machine learning,0.01899593151785714
digital audio,0.019101560535714268
graph algorithm,0.01940259428571431
Bayesian inference,0.019425013482142844
design,0.019611129017857137
computer configuration,0.019660139821428585
code generation,0.019947756964285746
information retrieval,0.020043610535714323
HTTP client,0.02009810508928561
web browser engine,0.020106396607142918
Malware Analysis,0.020710853035714294
classification,0.02088519517857143
logistic regression model,0.021154494999999995
Web Components,0.021225413571428597
mathematics,0.021402510357142884
static program analysis,0.0214988050892857
algorithm,0.02195564919642856
web scraping,0.021991323035714244
serverless computing,0.022340965803571394
augmented reality,0.022433065000000002
distributed multimedia communications platform,0.02251123107142855
convolutional neural network,0.023068001428571405
finance,0.023077142767857134
test automation,0.02363003455357149
long short-term memory,0.02363330785714285
Q-learning,0.023744858035714272
image recognition,0.02375318464285714
science,0.025577247499999983
command-line interface,0.026886160357142808
Naive Bayes classifier,0.027155944196428583
website,0.02780858883928572
instant messaging,0.02803179419642854
image editing,0.028932354017857154
recurrent neural network,0.029104635535714296
education,0.030127497500000017
sorting algorithm,0.03014735223214285
syntax highlighting,0.03062237785714289
telecommunications network,0.030695180803571448
user interface,0.0307348024107143
recommender system,0.030997812321428564
object-oriented programming,0.03137528544642859
computer graphics,0.031680317767857125
computer science,0.03222257357142863
integrated development environment,0.032554808839285715
3D computer graphics,0.032686791696428574
static program analysis tool,0.03295998633928571
malware,0.033737394464285614
web crawler,0.03424201053571435
software architecture,0.03445378553571429
WebSocket,0.035077710446428545
web application,0.03646683080357144
debugger,0.037371289821428594
web browser,0.03769136276785712
text editor,0.03796391705357144
mobile application development,0.039168331964285735
compiler,0.03973756544642851
3D modeling,0.03989858732142859
search engine,0.040647219375000015
Reverse engineering,0.04236898241071432
graphical user interface,0.04247929526785715
documentation,0.04370251062499997
stream processing,0.04609066116071425
debugging,0.04693260464285712
computer programming,0.048908179999999885
audio player software,0.052315367589285705
package management system,0.053136748392857175
software engineering,0.054822943482142866
operating system,0.05752893214285709
web development,0.05765939205357143
software testing,0.06501557803571428
software development,0.08038062500000001
