domain,diff
continuous delivery,0.0001310974999999548
image classification,0.00015765631944444913
physics,0.00016532715277778331
distributed system,0.00021427611111110578
semi-supervised learning,0.000600197013888859
digital security,0.0009732678472221812
data,0.0010152891666666553
automation,0.0011358525694445398
regular expression,0.0011735670833333822
e-commerce,0.0013037444444444213
robotics,0.0013487427083333225
front end,0.0015928203472221902
object detection,0.0017623804861111037
stock market,0.001842335208333351
client,0.0018754708333332815
mathematical optimization,0.0019310709722221986
language model,0.0022955420138889293
text mining,0.002411847083333335
password manager,0.002605697361111048
statistics,0.002616523680555538
augmented reality,0.0026530216666666995
bitcoin,0.003185806388888879
optical character recognition,0.0033034000000000396
kernel,0.0033573968055555237
back end,0.0034303587500000288
web service,0.003441336111111082
video tracking,0.003500997708333342
electronic trading platform,0.003606217083333363
face detection,0.0037684076388889154
distributed computing,0.004163892847222239
artificial intelligence,0.004221895208333298
camera,0.004277927638888873
content management system,0.004323382222222172
computer data storage,0.004327228819444445
font,0.004525305625000031
simulation,0.004542532499999974
image segmentation,0.004543722777777814
data binding,0.004744930694444427
distributed database,0.004855155000000028
sentiment analysis,0.005116435069444425
analytics,0.00539579423611114
benchmark,0.005475221180555601
image,0.0056009870833333975
big data,0.005704415416666692
translation,0.0060892209722222534
continuous integration,0.006141646527777822
digital image processing,0.006191069444444475
data compression,0.006197196041666658
data mining,0.006560392152777733
productivity,0.006614333958333329
genetic algorithm,0.006891690625000002
support vector machine,0.007047813333333319
data analysis,0.007274390138888864
data science,0.0073402463888888325
middleware,0.007471008333333307
image captioning,0.00773396548611105
algorithmic trading,0.007826781388888898
data structure,0.007846046111111088
serialization,0.00798853833333335
home automation,0.008052165
web server,0.008089936805555586
reactive programming,0.00810061590277783
Kalman filter,0.008225654027777779
validator,0.008316352013888889
image compression,0.008480781597222237
object–relational mapping,0.008580019930555544
digital audio,0.008655696250000011
question answering,0.008916117847222266
email,0.008918651527777821
File Transfer Protocol,0.00901105486111109
regression analysis,0.00903577187499996
machine learning,0.009061326458333352
linear regression,0.009137395486111088
embedded system,0.009353896180555515
genomics,0.009485844305555574
HTTP server,0.009556242708333329
pattern matching,0.009853576805555514
Image analysis,0.010150287499999966
streaming media,0.010172059027777736
geometry,0.01040759534722227
music,0.010542506875000024
video game development,0.010720714305555545
machine translation,0.010773852847222237
server,0.010783686944444426
logistic regression model,0.010878421111111092
Semantic Web,0.01090272368055556
backup,0.01118568562499997
video processing,0.011623180277777756
logging,0.011693895625000006
time series,0.011732309166666677
World Wide Web,0.011958970833333304
security,0.012088278958333337
text processing,0.012257856944444423
bioinformatics,0.012368645208333306
design,0.012382483541666656
test automation,0.012410880347222236
speech recognition,0.012413667430555497
video,0.013400773611111111
web application security,0.013685467569444443
text classification,0.013751342916666659
algorithm,0.01392017062499995
HTTP client,0.014047981597222203
microservices,0.014141708125000013
web scraping,0.01420171263888892
unit testing,0.014244127500000009
artificial neural network,0.014392180694444479
word embedding,0.014419370347222266
random forest,0.014461458888888917
"extract, transform, load",0.014648821666666645
multiplayer game,0.014777279097222179
dependency injection,0.014875162708333334
mathematics,0.015056604166666654
encryption,0.015211889583333332
named-entity recognition,0.01525321118055556
Containerization,0.015372618402777788
network monitoring,0.015460690138888844
internet of things,0.01557925715277772
natural language,0.015601413749999987
information retrieval,0.015674972916666696
natural language processing,0.01597426368055549
cryptocurrency,0.016278047916666677
geographic information,0.016792568541666608
scheduler,0.0167987556944445
data visualization,0.017144347986111086
application performance management,0.017320541805555534
video game,0.017545626805555548
speech synthesis,0.017788011249999985
engineering,0.018372975208333364
education,0.018490794722222204
plot,0.019259808194444394
website,0.01929011201388886
user interface,0.0197501359027778
audio signal processing,0.01982194388888886
game,0.020066671388888874
deep learning,0.02058458215277778
file system,0.021033012152777752
authentication,0.021262187638888902
distributed multimedia communications platform,0.021643008611111125
image editing,0.02165739020833335
game server,0.02206572694444442
evolutionary algorithm,0.022226565277777777
graph algorithm,0.022554536666666625
static site generator,0.022852801249999943
signal processing,0.023988430555555607
web crawler,0.024000607361111148
database,0.02409465923611112
software design pattern,0.025129095763888915
web browser engine,0.025550963194444387
code generation,0.02597768791666663
sorting algorithm,0.025995099374999997
command-line interface,0.027576615833333373
neural machine translation,0.0279039878472222
deep neural network,0.02838594229166666
stream processing,0.02907325687500001
graph database,0.029775157013888914
telecommunications network,0.030805008263888878
text editor,0.03136126784722215
internet bot,0.03146909423611108
computer graphics,0.032087322291666664
static program analysis,0.03210153215277778
Web Components,0.03241312722222223
long short-term memory,0.03286352833333331
web browser,0.034842661736111114
3D computer graphics,0.035942377013888915
debugging,0.03788637694444444
graphical user interface,0.0381332497916666
Bidirectional recurrent neural networks,0.03955870236111114
object-oriented programming,0.039595601875
WebSocket,0.04023900909722217
web application,0.04053814548611112
chatbot,0.04054409131944445
IRC bot,0.04068588979166671
documentation,0.04145451784722215
audio player software,0.045917576875000005
recurrent neural network,0.04594722125000006
computer programming,0.047183312777777764
compiler,0.04929057409722226
instant messaging,0.05193109618055561
operating system,0.054622255000000036
software testing,0.05848552486111108
software engineering,0.060120374513888825
