domain,diff
search,0.0003219460317460121
documentation,0.0005539130952381122
encryption,0.0005898376190476284
internet bot,0.0006284268253967662
linear regression,0.0007743615079364996
business dashboard,0.0009132122222222094
web server,0.0009578463492063705
regression analysis,0.0011105280158730246
DevOps,0.0012439203174603453
file system,0.001543814603174598
kernel,0.0018142211904761951
middleware,0.0019114669047619048
logistic regression model,0.0022104599206349274
3D modeling,0.002387216746031734
word embedding,0.0027307841269841038
compiler,0.0027331878571428825
stock market,0.0028005576984127256
information retrieval,0.0031610190476190347
security,0.0032035489682539497
authentication,0.0034687711111111574
image captioning,0.003910306428571486
cryptocurrency,0.004245102936507927
smart contract,0.0046469320634920375
digital audio,0.005014694285714244
command-line interface,0.005129745317460299
machine translation,0.005136946507936502
continuous deployment,0.005248801349206356
back end,0.005403423174603128
software engineering,0.005992655396825419
Malware Analysis,0.0063847379365079004
logging,0.0064390422222222465
virtualization,0.006505761269841287
"extract, transform, load",0.006665414047619056
regular expression,0.0067835164285714455
static site generator,0.006938038888888942
user interface,0.007014082301587343
Containerization,0.007042810793650711
web service,0.0070679163492063934
HTTP server,0.007370403412698456
microservices,0.007634982222222253
Naive Bayes classifier,0.007908599285714302
web crawler,0.008039421349206405
interpreter,0.008150885634920585
game,0.008222468174603176
integrated development environment,0.008271418095238015
code generation,0.008409044603174598
front end,0.008845913015873008
telecommunications network,0.009022762857142819
cloud computing,0.009173581428571415
web scraping,0.009181249841269834
unit testing,0.009400771031746052
design,0.010018357063492023
penetration test,0.010136408650793682
data binding,0.010328393571428562
game engine,0.010532145396825343
content management system,0.010940406825396876
augmented reality,0.010985391984126985
artificial intelligence,0.011244853333333332
web browser engine,0.011280204682539652
network security,0.011376095396825409
shell tool,0.011407078968253936
Web Components,0.011735809365079397
router,0.011749614523809487
dependency injection,0.011971129285714366
support vector machine,0.012113700000000005
digital security,0.012336972698412663
web application security,0.012461839444444484
virtual machine,0.012689162857142888
graphical user interface,0.012702430238095197
natural language,0.01272331904761903
serialization,0.013095433015873015
debugging,0.013119629126984195
application performance management,0.013635199682539678
blockchain,0.013932700079365118
World Wide Web,0.013991612857142843
test automation,0.014180579285714312
automation,0.014609527460317517
social network,0.014743129047619069
translation,0.014998703253968265
Reverse engineering,0.015101021904761952
operating system,0.015286484285714275
language model,0.015365538412698415
database management,0.01538723944444445
sentiment analysis,0.01571008507936511
image recognition,0.015982047619047673
scheduler,0.015992282698412685
validator,0.016046013412698346
routing,0.016352016269841285
reactive programming,0.016682818730158755
Q-learning,0.016810639841269875
machine learning,0.017018613015872985
rendering,0.017147332222222283
text processing,0.017167663253968263
internet of things,0.017514474999999974
functional programming,0.01755513357142857
data,0.017754993492063498
distributed multimedia communications platform,0.01779881912698411
computer vision,0.017918124920634937
software testing,0.018257794999999993
Image analysis,0.018356901507936507
video,0.0184461345238095
syntax highlighting,0.018612222857142896
password manager,0.018641103412698395
computer data storage,0.018914007142857125
data compression,0.01897757214285717
plot,0.01951033055555554
text classification,0.01951458015873017
animation,0.019670732777777783
education,0.019693467857142877
question answering,0.019730405555555552
game server,0.019743827936507974
banking industry,0.020144065476190492
Kalman filter,0.020277062222222197
face detection,0.02030753293650797
server,0.020436530317460344
object detection,0.020556575317460357
database,0.020572440793650726
image editing,0.021253363015873106
cryptography,0.02126007317460324
named-entity recognition,0.021438211269841217
backup,0.02166281555555552
facial recognition system,0.022017953253968298
computer configuration,0.022031393095238133
natural language understanding,0.022463433888888856
computational science,0.022506501825396735
audio signal processing,0.022638974761904795
File Transfer Protocol,0.022642255238095155
time series,0.022772885555555594
reinforcement learning,0.022791932222222172
optical character recognition,0.023070951984126953
WebSocket,0.02316971515873012
network analysis,0.02321535650793652
synchronization,0.023236936825396848
natural language processing,0.02367763373015877
software architecture,0.024151895158730174
random forest,0.02531082896825404
signal processing,0.02531384380952381
continuous integration,0.02548788190476184
network monitoring,0.025592933253968192
static program analysis tool,0.02567719119047618
linear algebra,0.025685764523809523
visualization,0.026461999999999958
computational biology,0.026592047063492052
algorithm,0.026660782222222235
text mining,0.026843526031746057
analytics,0.02700948793650801
graph,0.027374501111111088
sorting algorithm,0.027660492380952334
software design pattern,0.028060339206349094
recommender system,0.02848141579365074
software development,0.02892599103174598
statistics,0.02906291309523809
benchmark,0.029663053730158706
mathematical optimization,0.029696280952380943
deep learning,0.02982973595238092
embedded system,0.030136346111111045
information processing,0.03014175730158733
data science,0.030401633015873036
music,0.030469648015873096
digital image processing,0.030495997777777756
search engine,0.03055213595238096
camera,0.030612659761904776
data analysis,0.03070950420634916
classification,0.03135421753968251
Parser combinator,0.031819975714285714
graph algorithm,0.032328581031746045
evolutionary algorithm,0.032510029761904785
neural network,0.03251621349206346
website,0.032742408333333306
package management system,0.0334496588888889
HTTP client,0.03371416968253976
distributed computing,0.033995933968253955
web application,0.03465480801587298
knowledge graph,0.03520456619047621
big data,0.03601420555555554
long short-term memory,0.03602663865079364
artificial neural network,0.036276968412698396
static program analysis,0.036738941507936496
instant messaging,0.03679176738095241
data visualization,0.03725778047619044
distributed system,0.03749776428571433
convolutional neural network,0.03803862023809529
streaming media,0.03843111746031744
pattern matching,0.03876212706349211
genetic algorithm,0.03905925341269845
deep neural network,0.03913767452380951
mobile application development,0.039139446825396745
anomaly detection,0.03926141531746033
e-commerce,0.03938600817460319
malware,0.039781203253968334
Bidirectional recurrent neural networks,0.0398716258730159
recurrent neural network,0.03992611047619046
data mining,0.04183140111111111
graph database,0.0428641517460317
Semantic Web,0.04328248738095236
distributed database,0.04390458936507935
stream processing,0.04436294944444441
client,0.044424604444444515
web development,0.048404001031746
geographic information system,0.049468215555555556
cluster analysis,0.05526508388888887
quantum computer,0.060495394206349196
audio player software,0.06062976174603174
data structure,0.06100212269841282
object–relational mapping,0.06903047722222211
email,0.11634503031746032
