domain,diff
automation,8.498301587300805e-05
search,0.00023696603174605535
regular expression,0.0005376136507936058
data,0.0008317818253967824
continuous integration,0.0009607207936507822
Q-learning,0.001371262619047603
face detection,0.0013740087301587212
embedded system,0.0014566294444444405
artificial intelligence,0.001807777777777797
distributed database,0.002138879523809506
computer vision,0.002367878809523827
shell tool,0.0025019149206348956
distributed computing,0.002564618412698394
computer data storage,0.00260196158730161
support vector machine,0.0027075305555555595
database,0.003064530873015836
unit testing,0.0031213517460317586
password manager,0.0032339917460317558
distributed system,0.0035439518253967406
signal processing,0.003864923253968311
machine learning,0.0038892452380952236
semi-supervised learning,0.004178423253968305
information processing,0.004276522857142889
game engine,0.004306940158730177
data compression,0.0043822300793651126
text processing,0.004420138412698449
object detection,0.0047583475396825725
DevOps,0.0051686664285715
server,0.005210430873015814
cloud computing,0.0054853452380952405
language model,0.005487241031746054
logging,0.0055988266666666675
HTTP server,0.005616986587301559
serialization,0.005690213095238095
data binding,0.005996746984126944
image recognition,0.00604143539682539
application performance management,0.006270294682539701
big data,0.006469568333333342
linear regression,0.006590912936507903
algorithm,0.006961573333333332
penetration test,0.007003431428571433
facial recognition system,0.007093001190476206
Parser combinator,0.0077318712698412895
graph database,0.007869230634920621
time series,0.008451556666666665
telecommunications network,0.009273038253968247
back end,0.010180884841269833
game server,0.01039166293650795
web server,0.010749219761904738
static site generator,0.010779568333333323
reinforcement learning,0.010912518888888889
plot,0.011322113333333356
stream processing,0.01161755944444448
computer configuration,0.011797713650793712
internet bot,0.012614290158730168
deep learning,0.01284597150793651
computational biology,0.013446078730158711
file system,0.013810315158730102
Kalman filter,0.014392834999999937
analytics,0.01443018738095242
test automation,0.014594737063492125
pattern matching,0.014881568730158723
data structure,0.0157090271428571
security,0.015879644365079354
virtualization,0.015948920158730173
software testing,0.016311247777777788
internet of things,0.01633328277777779
graphical user interface,0.01652656246031753
sorting algorithm,0.016596558492063512
web crawler,0.016857816349206356
geographic information system,0.016905079444444443
microservices,0.017499234444444484
user interface,0.018210367301587316
data analysis,0.01918731365079368
blockchain,0.019812652698412647
knowledge graph,0.019813905634920664
virtual machine,0.019861962857142784
data mining,0.020239292222222233
artificial neural network,0.020589760634920656
operating system,0.020789910396825456
kernel,0.021190070079365103
benchmark,0.021201668730158718
object–relational mapping,0.021621852777777784
web application security,0.022626953888888884
command-line interface,0.023533643650793634
backup,0.02364134444444449
static program analysis,0.024066565952380964
anomaly detection,0.02421772420634924
data visualization,0.024775352698412634
cluster analysis,0.024888038888888908
Web Components,0.025065221587301595
smart contract,0.027443162380952457
web service,0.028245384682539593
World Wide Web,0.02845025174603172
HTTP client,0.0329684496825397
content management system,0.033988020714285694
scheduler,0.035574218253968226
website,0.03935405611111106
web application,0.04038752357142855
File Transfer Protocol,0.040914360793650906
web development,0.0435254538095238
mobile application development,0.04515695460317454
package management system,0.04595626833333333
client,0.04623888555555561
streaming media,0.05159709523809525
instant messaging,0.0521484512698413
recommender system,0.05325884746031748
email,0.11895899420634923
