domain,diff
compiler,0.001198493125000033
big data,0.0013442781249999869
logging,0.0013473631249999451
data structure,0.0013662350000000212
File Transfer Protocol,0.0014500212499999887
distributed computing,0.0016739143750000296
unit testing,0.0017802112499999967
search,0.0018325837500000053
HTTP server,0.0019900812499999976
command-line interface,0.0021214406249999707
language model,0.0027078206249999126
search engine,0.003500278750000002
server,0.0035731912499999963
data,0.003611335625000045
penetration test,0.004113380624999996
package management system,0.004411001875000042
analytics,0.004618845625000034
web server,0.004960728125000036
streaming media,0.005783412500000001
cloud computing,0.005958572499999981
telecommunications network,0.0060127818750000395
operating system,0.006327341875000031
stream processing,0.006452726249999985
HTTP client,0.007277443750000001
software testing,0.007638124374999944
object detection,0.007638984375000019
integrated development environment,0.008468660624999957
smart contract,0.00929700250000004
web application,0.010116773749999974
router,0.010555955624999974
anomaly detection,0.010752856249999942
dependency injection,0.011070851249999958
World Wide Web,0.011520503125000026
reactive programming,0.01164619249999993
security,0.01382988937500007
Web Components,0.013838806250000002
benchmark,0.014191117500000044
content management system,0.014252363124999945
file system,0.01432250437499999
website,0.01506734500000001
code generation,0.01652946062500002
synchronization,0.01716279875000004
web crawler,0.017262376874999985
computer configuration,0.017321551249999984
database,0.01776442875000006
geographic information system,0.01949013375
test automation,0.020915293749999952
back end,0.021403683125000073
internet of things,0.022206784374999955
graphical user interface,0.022724769375000037
instant messaging,0.023323053124999993
user interface,0.024917456874999966
automation,0.025550471249999956
recommender system,0.025719517499999983
embedded system,0.030294290000000057
web service,0.03050551625000003
information processing,0.031879364375
authentication,0.032828356249999996
regular expression,0.03344949749999998
scheduler,0.03420978125000007
password manager,0.03450685812500001
pattern matching,0.03451883875000003
web application security,0.03492908312500004
application performance management,0.03509243437499998
validator,0.037137811249999986
object–relational mapping,0.037738643125
data binding,0.03799554687499995
microservices,0.0409862325
client,0.04126580500000013
web development,0.04744116625
DevOps,0.05339857125
