domain,diff
"extract, transform, load",5.157883928574858e-05
Parser combinator,8.112616071426215e-05
security,0.0002431047321428681
HTTP server,0.0007527166071428226
banking industry,0.0008842183928571556
command-line interface,0.0012218870535713466
middleware,0.0019142201785714574
image compression,0.001986426160714233
text processing,0.002078255267857182
language model,0.002092198392857181
data,0.0021224013392857066
file system,0.002249733214285732
database,0.00240967482142862
sentiment analysis,0.0026571034821428197
static site generator,0.002934828750000007
authentication,0.003180912499999966
telecommunications network,0.003405599107142887
DevOps,0.0035516545535714816
kernel,0.0035950684821428602
blockchain,0.003724167857142857
question answering,0.004569141875000016
reactive programming,0.005000910714285767
data compression,0.005175960267857188
web crawler,0.005292502946428579
operating system,0.005350849285714276
microservices,0.005687531874999985
word embedding,0.005847370803571422
support vector machine,0.005859828125000022
text classification,0.0062451994642857
linear regression,0.006777263214285761
search,0.006856489017857154
artificial intelligence,0.007288756874999969
test automation,0.0075413467857143035
time series,0.008229622500000006
natural language processing,0.008483908035714277
web application security,0.00876621687500001
information retrieval,0.009082371160714253
encryption,0.009578467589285738
automation,0.009662967321428628
back end,0.009884677410714249
database management,0.00995192999999997
cryptography,0.009968182410714288
game engine,0.010319275089285734
linear algebra,0.010624752232142848
functional programming,0.010789059553571456
natural language understanding,0.011167173749999981
lexical analysis,0.011185899017857187
web browser engine,0.011284519821428585
web server,0.011357909196428595
unit testing,0.011495399107142867
web scraping,0.01157822991071425
scheduler,0.011616881517857058
distributed multimedia communications platform,0.011671267321428647
internet of things,0.012092485625000038
penetration test,0.012131547053571418
plot,0.012176446874999997
software engineering,0.012220846964285714
password manager,0.012244071607142887
audio signal processing,0.012271554553571429
classification,0.01268492205357144
network security,0.012758975535714284
Kalman filter,0.012881303125000021
smart contract,0.013317948214285724
digital security,0.014006801517857131
regular expression,0.014242332321428575
content management system,0.01447113633928565
stream processing,0.014548103750000041
user interface,0.014641270982142851
logging,0.015146800625000012
information processing,0.015319351607142873
graphical user interface,0.015567247321428557
optical character recognition,0.015590206428571424
statistics,0.01566832517857142
synchronization,0.016147823214285678
Containerization,0.016317179821428496
Q-learning,0.016418699910714235
data binding,0.016427270803571398
serialization,0.01689260017857147
signal processing,0.016955417142857143
virtual machine,0.017040546517857136
machine learning,0.017192394196428595
facial recognition system,0.017379887767857177
static program analysis tool,0.017605167857142834
sorting algorithm,0.017629656964285784
data science,0.017740864196428563
shell tool,0.018006326607142797
compiler,0.018932849732142848
face detection,0.019445378214285686
game server,0.01951316071428566
World Wide Web,0.019615941607142806
simulation,0.02029607133928571
data analysis,0.020852583928571394
pattern matching,0.020918080535714312
neural network,0.021099056964285712
analytics,0.021197488214285715
education,0.021473620357142842
server,0.021937737053571438
object detection,0.02216370080357144
web service,0.022718366071428547
Web Components,0.022984222767857138
network analysis,0.023041784285714295
software testing,0.02348527937500003
computer data storage,0.02369972026785716
image recognition,0.02397190866071433
algorithm,0.024115900624999992
front end,0.024386143571428626
digital audio,0.02457055428571428
dependency injection,0.02462998928571436
computer vision,0.02487358964285713
embedded system,0.02491278625000004
Image analysis,0.02536061553571431
static program analysis,0.025637344910714316
computational science,0.026190827589285703
reinforcement learning,0.02648995500000001
design,0.02662923803571432
long short-term memory,0.027833803928571432
big data,0.027891590625000018
deep learning,0.02844550991071429
data mining,0.029244518749999976
package management system,0.02945767250000003
continuous integration,0.02995634794642857
application performance management,0.030078405446428647
backup,0.030502179374999994
distributed system,0.031136488660714223
artificial neural network,0.03156980348214283
digital image processing,0.03187161812500003
computational biology,0.031959440535714256
graph database,0.032021693482142816
distributed database,0.032063823392857155
data structure,0.033619583392857144
cloud computing,0.03383797205357139
graph algorithm,0.03570875026785714
website,0.036619924375
recommender system,0.037534667946428624
anomaly detection,0.03800948767857143
benchmark,0.03845227678571422
network monitoring,0.03919674214285718
image segmentation,0.03923171437500006
validator,0.03943756098214288
File Transfer Protocol,0.03990800669642863
web application,0.039910326071428526
geographic information system,0.04018818125000001
data visualization,0.040225942767857126
object–relational mapping,0.04303227499999998
distributed computing,0.043711437857142765
e-commerce,0.04421193741071422
real-time computing,0.04460097616071432
HTTP client,0.045706649196428584
mobile application development,0.045818456964285714
WebSocket,0.04694408258928581
computer configuration,0.04889249392857142
cluster analysis,0.05138677687500001
streaming media,0.053684595446428535
instant messaging,0.05470651321428571
client,0.055304846249999984
email,0.12615507642857146
