domain,diff
static program analysis tool,0.0005269238571428692
static program analysis,0.0019263652857142988
web server,0.0028793745714285612
cloud computing,0.00441974257142852
computer configuration,0.005152483428571386
Web Components,0.00534751014285717
microservices,0.005488890999999996
continuous integration,0.006184119428571444
web application security,0.00640868
HTTP server,0.0067139061428571345
visualization,0.007029461999999986
server,0.007833321571428575
web service,0.008024912571428622
data visualization,0.008828431857142854
command-line interface,0.0095755055714285
dependency injection,0.01159627771428573
penetration test,0.01200444057142852
unit testing,0.01245086285714292
HTTP client,0.01441062957142858
regular expression,0.016084115571428553
World Wide Web,0.016145680857142825
pattern matching,0.016406695714285685
database,0.01803593642857143
data analysis,0.018762945571428546
package management system,0.019042645000000025
test automation,0.02077952571428568
graph algorithm,0.02092270485714287
network analysis,0.021509515714285693
machine learning,0.023858080428571432
algorithm,0.023964877999999995
game engine,0.024082573714285682
semi-supervised learning,0.024203872142857075
object detection,0.025665886571428514
content management system,0.026380643714285668
graph,0.02699385999999998
embedded system,0.02778518599999999
security,0.02789866114285719
support vector machine,0.029055888999999974
big data,0.029608525999999996
software testing,0.030371060999999977
data structure,0.03136517385714285
web application,0.03224505557142854
internet of things,0.03300999399999999
user interface,0.03429666885714283
data,0.034558322285714316
file system,0.03603280771428574
website,0.036145856000000004
data binding,0.03638264442857142
automation,0.03715423842857146
linear regression,0.03832870071428568
validator,0.0408741448571428
artificial intelligence,0.04212078599999999
data compression,0.04719849385714284
recommender system,0.0510465915714286
File Transfer Protocol,0.057075903571428555
continuous delivery,0.05849937414285716
instant messaging,0.07824097771428568
