domain,diff
command-line interface,2.162079365081171e-05
interpreter,0.00010341380952380574
security,0.0001114304761905549
distributed system,0.0007236709523809615
microservices,0.0007656800000000463
internet of things,0.0008989744444444503
static site generator,0.0011637644444444928
linear regression,0.0014537170634920937
game server,0.0017796329365079577
database,0.001809720317460295
embedded system,0.001874315555555589
telecommunications network,0.0020543178571428566
audio signal processing,0.002611466984127009
continuous integration,0.0027012919841269967
computer data storage,0.0028658239682539666
automation,0.0036582247619048047
middleware,0.003965805873015926
text processing,0.0041173588095238245
search,0.004159584920634923
"extract, transform, load",0.004172337936507953
Malware Analysis,0.004297105952380975
serialization,0.004309392460317418
machine learning,0.004671570238095224
Web Components,0.004692692698412659
test automation,0.004973657619047639
data,0.005228120714285744
data compression,0.005576613809523845
World Wide Web,0.005776221190476161
web application,0.00598671190476191
cloud computing,0.0062182264285714495
unit testing,0.006232952698412703
support vector machine,0.0062389972222222645
object detection,0.006433865317460319
distributed computing,0.006451199523809487
web browser,0.006727471904761972
back end,0.006925548492063449
authentication,0.007141712222222207
web browser engine,0.007569506428571404
data binding,0.0080752886507936
web service,0.008085680873015921
password manager,0.008487331190476177
validator,0.008505872301587308
artificial intelligence,0.008801610555555561
signal processing,0.00891789658730155
image captioning,0.009048467460317428
information processing,0.009241250079365132
virtual machine,0.009367850079365081
algorithm,0.010203005555555533
time series,0.010412909444444424
HTTP client,0.010437195317460346
graph database,0.010587139523809547
data structure,0.011834274365079334
big data,0.012442352777777804
language model,0.01282103380952379
long short-term memory,0.012901763650793652
question answering,0.013169378888888833
user interface,0.01347110341269836
server,0.014889375873015864
computer configuration,0.015193598650793644
web application security,0.01526325000000009
reactive programming,0.01534434626984127
text classification,0.015437825158730156
shell tool,0.015484177301587243
application performance management,0.015520194682539734
penetration test,0.015573321428571457
regular expression,0.015915328650793675
static program analysis tool,0.016041698412698424
search engine,0.017222817619047648
software testing,0.018080672222222233
graphical user interface,0.018825956904761965
web scraping,0.019216274603174627
static program analysis,0.0199460176190476
game engine,0.02034053293650792
analytics,0.020459445714285707
data analysis,0.020521122539682524
dependency injection,0.020686447619047643
logging,0.022347503888888898
Bidirectional recurrent neural networks,0.022358363650793633
Kalman filter,0.02331993222222223
content management system,0.02341531682539688
WebSocket,0.023690916269841295
web server,0.023952441904761923
file system,0.02419290182539685
data visualization,0.02464967880952379
smart contract,0.02510666071428569
pattern matching,0.026556101507936525
web crawler,0.026656776984126968
website,0.027547727777777753
stream processing,0.028822823333333303
object–relational mapping,0.029195875000000038
operating system,0.03285422817460315
benchmark,0.03302027428571433
File Transfer Protocol,0.03309802357142849
HTTP server,0.03324228285714281
recommender system,0.03409644412698415
anomaly detection,0.03582961031746032
geographic information system,0.03720426944444449
client,0.037299039444444404
software development,0.04025443769841269
streaming media,0.040360499126984195
continuous delivery,0.04309844325396822
package management system,0.044528968888888965
instant messaging,0.0525513846031746
