domain,diff
database management,0.0002204574999999931
computer data storage,0.0007830288888888426
security,0.0007891487500000238
streaming media,0.0007993849305555911
static site generator,0.0011224480555555583
encryption,0.0014419536111111297
logging,0.0014424440277777673
random forest,0.0014904340277777373
optical character recognition,0.0015356259027777819
Image analysis,0.0018891912499999775
content management system,0.0019481989583333137
image recognition,0.002074919166666689
kernel,0.0021731652777776944
test automation,0.0027245877777777316
website,0.0028031603472221667
continuous integration,0.0032115006944444247
computer vision,0.0032210696527777416
cloud computing,0.0032616948611111085
graph database,0.0034816983333333384
web crawler,0.003781505208333341
graph,0.003822650069444461
password manager,0.0039479603472222236
command-line interface,0.003964681874999987
authentication,0.004004188125000002
Web Components,0.00436972937500002
data compression,0.005173636874999998
regression analysis,0.005343076111111095
File Transfer Protocol,0.005472650694444414
augmented reality,0.00564381305555553
code generation,0.005675336597222247
visualization,0.005795061388888911
social network,0.00582916743055556
network analysis,0.006274991111111128
word embedding,0.006476364166666637
compiler,0.006546928263888918
World Wide Web,0.0066206240277777995
shell tool,0.006673043055555605
design,0.0075237993055555785
graph algorithm,0.007529725833333334
digital security,0.007578910972222241
linear regression,0.007949096249999982
web browser engine,0.007949729236111147
text mining,0.008369440416666707
facial recognition system,0.008422748680555592
data visualization,0.008424794236111088
web application,0.008489663124999991
digital image processing,0.008501441388888836
validator,0.00855391333333333
Malware Analysis,0.008944709513888871
instant messaging,0.009051384027777776
router,0.009097768402777762
backup,0.01007066333333334
image segmentation,0.010072142499999964
sorting algorithm,0.01009740624999994
recommender system,0.010103826944444366
algorithm,0.010203020208333358
web application security,0.010522381388888918
graphical user interface,0.010659075833333365
search engine,0.010781163680555567
linear algebra,0.010784938680555523
search,0.01137799291666669
education,0.01169833763888889
microservices,0.011913310069444405
text editor,0.012199757013888923
user interface,0.012544729305555558
client,0.012887826388888912
distributed computing,0.01289056020833329
computer graphics,0.012935813263888873
game engine,0.012997116666666697
benchmark,0.013062923611111166
static program analysis tool,0.013185677916666583
embedded system,0.013388025277777743
penetration test,0.013396527916666678
translation,0.013407178055555496
database,0.013451932986111081
front end,0.014279063680555593
plot,0.014485951527777763
mobile application development,0.014491565763888936
3D computer graphics,0.014547123541666679
sentiment analysis,0.014576545277777742
unit testing,0.01491462020833334
business dashboard,0.014955520555555546
digital audio,0.01496821277777774
blockchain,0.01518708666666671
cryptocurrency,0.01573547812499998
virtualization,0.015792375833333372
face detection,0.016054779305555572
integrated development environment,0.016061450833333324
virtual machine,0.01613358659722222
machine learning,0.016141406666666663
file system,0.016246110347222203
internet of things,0.01631823749999997
e-commerce,0.016501816736111174
home automation,0.01712367541666665
network monitoring,0.017208578055555535
distributed system,0.017341924097222267
data analysis,0.017495870902777738
continuous deployment,0.017698701527777777
back end,0.017799057430555598
web server,0.017861455486111094
automation,0.017937149930555563
data mining,0.01799629361111113
"extract, transform, load",0.018019588749999926
documentation,0.01821591368055564
analytics,0.018584533055555547
stock market,0.01874849659722222
software development,0.018893115555555562
lexical analysis,0.019140114305555567
scheduler,0.019329732499999974
text processing,0.020107834583333373
malware,0.02014888020833333
regular expression,0.020937356319444433
artificial intelligence,0.021129548680555527
classification,0.02127416861111106
software testing,0.021379324374999953
text classification,0.02139459013888889
data,0.022734094513888914
language model,0.022817010972222163
big data,0.023175863680555492
object detection,0.02363817895833334
smart contract,0.02374227222222225
synchronization,0.02381825256944442
HTTP client,0.023897368750000064
dependency injection,0.02395991583333329
WebSocket,0.025027533055555523
distributed database,0.025080082569444495
application performance management,0.02616828430555554
deep learning,0.02732619034722225
cluster analysis,0.02745019256944442
static program analysis,0.027579364375000026
data science,0.02783852708333337
web service,0.027923764305555543
support vector machine,0.0279498075694444
distributed multimedia communications platform,0.0280469984027778
DevOps,0.02841698326388889
reinforcement learning,0.02891245527777772
continuous delivery,0.029158948263888873
schema migration,0.02985056354166668
telecommunications network,0.029897623333333317
pattern matching,0.030192627430555563
question answering,0.030516570833333395
signal processing,0.031455942916666674
neural network,0.03153523097222216
geographic information system,0.032610576597222246
middleware,0.03316483333333331
statistics,0.033892841111111155
data structure,0.03485398062500003
natural language understanding,0.03545336506944441
reactive programming,0.03577568993055552
deep neural network,0.03596519333333334
artificial neural network,0.03604142819444445
time series,0.03683721062499998
game server,0.03723471548611107
audio signal processing,0.03773214895833332
operating system,0.03781353368055557
serialization,0.038501755416666644
server,0.03857361187499997
convolutional neural network,0.039131810763888886
computer configuration,0.03924325548611107
information processing,0.04145851833333339
object–relational mapping,0.04486708284722224
long short-term memory,0.04499598673611113
data binding,0.04509712194444443
interpreter,0.045788674722222256
HTTP server,0.0469553736111111
Parser combinator,0.053946938680555556
stream processing,0.05869730868055559
email,0.07471793347222225
package management system,0.07541072805555554
