domain,diff
web server,0.0015149838888888767
distributed database,0.0015930894444444177
web service,0.0027140594444444166
shell tool,0.003682970555555609
static program analysis,0.004121924999999971
software testing,0.004902644999999983
logging,0.0054305322222222285
user interface,0.0065851755555556
website,0.006844342777777734
web scraping,0.006938579444444426
recommender system,0.00855388444444441
HTTP server,0.008762646111111105
graphical user interface,0.009191138333333349
digital security,0.009234392777777767
data compression,0.009694079999999966
analytics,0.010182215555555568
command-line interface,0.010413549999999994
back end,0.010663615555555561
front end,0.0113826205555555
static program analysis tool,0.01281396833333337
streaming media,0.013460629444444455
text processing,0.013570668333333313
client,0.014523513888888895
design,0.014678244444444405
instant messaging,0.014750402777777782
World Wide Web,0.014976867222222245
computer configuration,0.015187636111111125
stream processing,0.015309610555555547
dependency injection,0.015959453333333318
search,0.01628934166666668
distributed computing,0.01691955166666667
penetration test,0.017267498333333298
security,0.01793169
web development,0.018682682777777765
data visualization,0.020322076111111143
file system,0.020371912222222177
telecommunications network,0.02052316833333334
continuous integration,0.020702659444444438
scheduler,0.020850790000000008
operating system,0.021755625555555547
web application,0.021847034999999987
game engine,0.021890741666666658
game server,0.022825061111111128
application performance management,0.02302567944444442
smart contract,0.02382750222222224
serialization,0.024368376666666663
HTTP client,0.026305724999999974
embedded system,0.026863272777777808
integrated development environment,0.027357388333333343
password manager,0.028760277777777787
web application security,0.029778956111111116
server,0.03321201000000004
File Transfer Protocol,0.033924330555555465
unit testing,0.033970348333333344
regular expression,0.034517489444444494
database,0.03539465611111109
data,0.035977018888888934
digital audio,0.037711012777777775
data structure,0.038537580000000016
lexical analysis,0.0393254805555556
information processing,0.03945076333333325
data binding,0.04033389444444446
digital image processing,0.04055695388888894
big data,0.04080081055555554
microservices,0.04163457055555558
data mining,0.04186174111111113
test automation,0.043121292777777764
data analysis,0.0445246227777778
language model,0.04639293222222213
machine learning,0.04989674166666669
benchmark,0.053316136111111134
support vector machine,0.05471149944444445
word embedding,0.0548657216666667
linear regression,0.057845429999999975
signal processing,0.06048457166666668
automation,0.06737055055555552
interpreter,0.0680424822222222
email,0.06819690222222224
internet bot,0.06843873944444454
classification,0.07009081111111118
time series,0.071444635
object detection,0.07472024333333327
deep learning,0.07612159222222226
artificial neural network,0.0867094594444445
package management system,0.09147211555555557
