domain,diff
blockchain,0.0004917583333332587
streaming media,0.0006538152777777473
command-line interface,0.001306399166666694
password manager,0.0016337552777778153
web server,0.001876264444444442
penetration test,0.0019386458333333356
test automation,0.0025458811111110924
compiler,0.0030185813888888857
instant messaging,0.003381252777777788
Web Components,0.003651597500000048
web browser,0.0037972700000000192
web application,0.0039535041666667325
web crawler,0.004337509166666642
search engine,0.005059936944444426
web browser engine,0.005080542777777808
static program analysis tool,0.005859578333333337
security,0.006469446666666684
web service,0.006862282222222349
File Transfer Protocol,0.006898195277777797
web application security,0.009164351111111108
World Wide Web,0.009828529722222257
logging,0.009890067222222215
cloud computing,0.00995844861111106
HTTP client,0.010529720000000048
server,0.010803359166666637
automation,0.01129929638888888
graphical user interface,0.01155532500000006
back end,0.011828005555555576
file system,0.012071634444444423
telecommunications network,0.012460854166666618
smart contract,0.01400914694444444
static program analysis,0.014370333333333374
graph database,0.0162953308333334
website,0.016298528611111196
HTTP server,0.01642840611111107
computer data storage,0.01935821027777776
analytics,0.02147561555555552
code generation,0.021920183055555487
client,0.02252373555555559
user interface,0.02301481138888889
computer configuration,0.023574802777777792
interpreter,0.02422136222222218
software testing,0.025538489166666595
serialization,0.02630978583333335
object–relational mapping,0.03097524555555556
augmented reality,0.03203194555555561
text editor,0.03278297861111107
data mining,0.03340406027777776
database,0.033981739444444437
content management system,0.03477476749999997
big data,0.03604389222222221
pattern matching,0.036315447222222186
sentiment analysis,0.0380816036111111
cluster analysis,0.03851097444444443
data science,0.0385310616666667
language model,0.0387578013888889
data compression,0.03932736749999999
Semantic Web,0.03998055361111111
regular expression,0.04046840277777772
data analysis,0.04254997861111112
text mining,0.04382031833333333
data structure,0.045277629166666666
geographic information system,0.04544787305555559
information processing,0.04583955249999991
Parser combinator,0.046875479722222196
data visualization,0.04716492527777777
word embedding,0.04746249916666667
stream processing,0.048373426388888946
data,0.0493858980555556
Image analysis,0.04999887166666667
data binding,0.05142839027777779
object detection,0.05340591583333337
text classification,0.05938907388888895
package management system,0.06234141055555553
text processing,0.0653862566666667
email,0.06544495805555556
