domain,diff
smart contract,0.00011744902777782729
unit testing,0.00012172416666664243
data,0.00040493888888892826
mobile application development,0.0014975576388889245
search,0.0016853558333333185
camera,0.0018889001388888715
operating system,0.0020184005555555218
security,0.0031968287499999914
blockchain,0.003223227916666682
data structure,0.003472528750000009
functional programming,0.0037960637500000227
microservices,0.003796510555555632
File Transfer Protocol,0.004202018055555534
regular expression,0.004555381805555592
static program analysis tool,0.004908292916666723
algorithm,0.005269224166666642
static program analysis,0.005385274999999912
back end,0.005447981805555613
client,0.006444127638888908
database,0.008929371388888996
code generation,0.008930476527777786
instant messaging,0.009459127777777743
pattern matching,0.010214006805555564
web service,0.01025004680555558
analytics,0.010571304305555557
World Wide Web,0.010945596527777768
penetration test,0.01130257708333332
facial recognition system,0.011497703055555614
web scraping,0.013591135555555522
website,0.01488147722222219
graphical user interface,0.015297301666666596
computer vision,0.015828552222222236
test automation,0.015834730277777764
compiler,0.016389606388888922
content management system,0.016492296666666684
software testing,0.016503562500000013
image recognition,0.01877384041666666
big data,0.01909630180555555
file system,0.020511419722222257
telecommunications network,0.020687125833333292
automation,0.021307255555555515
backup,0.021778288333333368
face detection,0.02217794055555558
web server,0.02323378111111113
user interface,0.025796079305555553
digital image processing,0.02646574013888886
data binding,0.026713050694444462
lexical analysis,0.026986914305555554
HTTP client,0.027160316249999927
benchmark,0.02742559611111109
server,0.02869014125000005
embedded system,0.029152266527777804
recommender system,0.029438013194444446
language model,0.0298371097222222
object detection,0.03253607208333334
support vector machine,0.03625290444444443
command-line interface,0.040356342499999975
Parser combinator,0.040424541805555575
signal processing,0.042028120416666676
deep neural network,0.04429394583333332
HTTP server,0.04510372986111111
stream processing,0.05669246805555553
kernel,0.06034661277777775
Kalman filter,0.061454504861111064
package management system,0.0750585043055555
interpreter,0.07807732222222219
