domain,diff
machine learning,0.0001470390476190353
sorting algorithm,0.00026198714285710634
telecommunications network,0.0002657395238095106
embedded system,0.00047369365079363845
automation,0.0004814384126984317
back end,0.0005585062698412191
cloud computing,0.0005660981746031801
internet of things,0.0008049585714285656
command-line interface,0.0008115614285714723
data compression,0.0008545407142857009
WebSocket,0.0008729591269840964
security,0.0009268221428572199
logging,0.0012300743650793533
data,0.0012840117460317657
search,0.0014161323809523674
rendering,0.0014657122222222763
pattern matching,0.0015246912698412551
object–relational mapping,0.0015817200793650232
data binding,0.0017360912698412556
data analysis,0.0017555820634920782
scheduler,0.0019111664285714758
File Transfer Protocol,0.0024457451587301393
geographic information system,0.002612739365079414
kernel,0.0026844465079365054
artificial intelligence,0.002738004444444414
support vector machine,0.002740483730158755
regular expression,0.0028409984126983867
game,0.0031797782539682296
streaming media,0.0032361769841270094
lexical analysis,0.0032849719841269998
interpreter,0.0036011306349206518
static program analysis tool,0.0037321154761905673
object detection,0.003829150476190507
Parser combinator,0.003859354126984127
image compression,0.0038878869047619113
analytics,0.004067670873015877
password manager,0.0042682329365079374
data structure,0.004527293571428587
web server,0.005158161825396829
web application security,0.0054721925396825355
blockchain,0.005639657380952401
microservices,0.0057770605555555465
continuous integration,0.0058458908730158465
static program analysis,0.006460568571428571
database,0.006989351031746027
big data,0.007085244126984164
encryption,0.007139284603174534
text processing,0.007262953095238112
linear regression,0.00826834999999998
penetration test,0.008841225952380932
distributed computing,0.00894647047619046
backup,0.009424218809523821
smart contract,0.009449302063492121
network analysis,0.010969115317460337
algorithm,0.010997868809523775
information processing,0.011492582619047648
content management system,0.011854628095238129
test automation,0.012255341507936474
unit testing,0.012578628809523762
web service,0.012607625158730179
distributed system,0.013360092222222258
benchmark,0.013878177539682512
file system,0.014040537777777806
serialization,0.01470986738095234
language model,0.015065209920634925
computer data storage,0.015659316111111043
game server,0.01625021182539682
graph database,0.017046471190476198
long short-term memory,0.017402194682539646
game engine,0.01848314690476191
user interface,0.018864854444444468
application performance management,0.019571463412698414
computer configuration,0.019797040396825366
server,0.020635308571428534
instant messaging,0.020684074365079408
HTTP server,0.02085674468253959
synchronization,0.0229109437301587
operating system,0.026057748412698395
client,0.02675635031746032
web application,0.027927986428571472
World Wide Web,0.02828369420634927
validator,0.0288844238095238
website,0.029809186507936458
graphical user interface,0.030233639047619
static site generator,0.030637182301587296
software testing,0.030732602857142882
code generation,0.03256128634920638
continuous delivery,0.03397384031746037
recommender system,0.03599469730158733
compiler,0.03923825246031751
software development,0.03930727769841269
Web Components,0.042664452857142876
stream processing,0.04480200555555555
package management system,0.06968222341269831
email,0.08074397579365084
