domain,diff
web browser,6.31774999999557e-05
optical character recognition,6.494659722219853e-05
text processing,0.00014249229166668487
digital image processing,0.0003498451388888879
text mining,0.00042846270833329925
computer data storage,0.0008041232638888729
benchmark,0.0008288517361110803
reactive programming,0.0008456474305555406
data structure,0.0008763725000000278
unit testing,0.0008900541666666539
web browser engine,0.0009353823611110146
translation,0.0011048568055555263
user interface,0.001232769930555544
website,0.0016341209027777026
streaming media,0.0017094180555555505
static program analysis,0.0018466481249999611
information retrieval,0.0019858459027777553
data visualization,0.002355630763888894
plot,0.002357884027777729
search,0.0023679341666666964
logging,0.0025053565277778356
machine learning,0.0026046333333333282
data analysis,0.0027024927777777874
web crawler,0.003094412708333355
scheduler,0.0031542612500000122
content management system,0.0031608295833333577
image,0.0033481730555555422
database,0.003477982361111076
automation,0.003755053819444465
analytics,0.0037817936805555896
data,0.003884575763888898
World Wide Web,0.003933422152777866
web scraping,0.004039916319444448
penetration test,0.004290982083333367
graph database,0.0044739095833332965
language model,0.004615556597222237
algorithm,0.004801845416666645
validator,0.0053935316666666455
big data,0.005434086180555603
client,0.005446182013888912
artificial intelligence,0.006704938055555554
word embedding,0.007008504583333297
object detection,0.007294025208333332
digital audio,0.007492963472222169
instant messaging,0.007597703402777822
electronic trading platform,0.0078087904166666555
linear regression,0.008073795000000022
pattern matching,0.008528876805555585
command-line interface,0.008762057499999976
internet bot,0.00897773631944443
Web Components,0.00900688249999998
sorting algorithm,0.00964372687499998
dependency injection,0.009805605833333397
distributed computing,0.00989295395833334
front end,0.01000370555555552
microservices,0.010122782569444488
kernel,0.010182809722222241
recommender system,0.010294044444444511
image captioning,0.010330791041666704
embedded system,0.01033746159722218
internet of things,0.011031733749999995
file system,0.011224768472222257
lexical analysis,0.011487038680555506
cloud computing,0.01166043326388888
data science,0.011824829583333335
blockchain,0.011829697291666691
smart contract,0.011912295972222209
encryption,0.011929276388888882
data binding,0.012083273819444351
Malware Analysis,0.012575426388888838
signal processing,0.01313134416666667
distributed system,0.013134514722222213
static site generator,0.013316594444444385
File Transfer Protocol,0.013857753194444433
time series,0.014286066874999948
design,0.014766045555555524
back end,0.014824835555555527
test automation,0.014850607847222252
object–relational mapping,0.014901964722222244
text classification,0.014971158263888895
support vector machine,0.015013457569444472
data compression,0.01510759312500004
distributed database,0.015526891944444454
graphical user interface,0.015790102708333364
game engine,0.016744665208333342
password manager,0.017118512777777817
banking industry,0.017129168611111134
cryptocurrency,0.017139962499999994
continuous integration,0.017592681944444494
chatbot,0.01793805125000006
mobile computing,0.018428154375000005
cryptography,0.018516858472222314
information processing,0.018803490833333353
digital security,0.018891314027777772
computer configuration,0.019297637361111147
geographic information system,0.01969468847222222
artificial neural network,0.0197704025694444
question answering,0.02025240270833334
Kalman filter,0.020407883611111094
WebSocket,0.020998633680555573
web application,0.021677766250000008
syntax highlighting,0.022583167083333355
malware,0.022816355208333333
serialization,0.02331310479166665
regular expression,0.024047337569444438
Containerization,0.02453559812500003
convolutional neural network,0.02461547388888885
web server,0.024659835486111115
shell tool,0.025102243055555584
application performance management,0.02694145055555555
software testing,0.026948431874999956
anomaly detection,0.027515547569444493
stream processing,0.029195625555555577
middleware,0.029202556458333417
distributed multimedia communications platform,0.029340994652777813
game server,0.029437769861111157
security,0.029491555624999943
DevOps,0.03127242513888884
telecommunications network,0.03160424895833333
HTTP client,0.03174531812499998
operating system,0.03244399430555556
interpreter,0.03357928597222218
network security,0.03474778583333338
server,0.035823145000000056
web service,0.03924102805555568
continuous delivery,0.0406952076388889
text editor,0.04275545138888892
web application security,0.04407457451388888
HTTP server,0.045830181736110975
authentication,0.04791190250000002
email,0.0650509265972222
package management system,0.07558063555555555
