domain,diff
unit testing,0.00027513277777774237
data visualization,0.00027760722222219814
test automation,0.0002930411111111142
router,0.0003861227777777476
shell tool,0.0005492911111111276
machine learning,0.0007865711111111062
data mining,0.0007939138888888864
text processing,0.0009451238888889268
content management system,0.0012607699999999666
cryptography,0.001347567777777836
penetration test,0.0014204238888888554
File Transfer Protocol,0.0015600161111111177
image recognition,0.0015751888888888566
data structure,0.0016868822222221858
internet of things,0.0018368016666666653
database,0.0018413327777778155
information retrieval,0.0018801377777778183
mobile application development,0.0019147172222222508
internet bot,0.0019463749999999724
pattern matching,0.0021255677777778093
debugger,0.002370228888888909
kernel,0.0025463994444444304
cloud computing,0.0025689266666666932
front end,0.002728336111111118
data compression,0.0027815705555555292
data science,0.002811513888888978
microservices,0.0028473422222222156
static program analysis,0.002859273333333301
static program analysis tool,0.0029007433333333443
sorting algorithm,0.0029280022222222257
dependency injection,0.003330722222222249
artificial intelligence,0.003457681111111055
data analysis,0.0035202766666666274
analytics,0.0035419322222222105
support vector machine,0.003629451666666672
web application,0.0037960266666667297
embedded system,0.0038757049999999515
Malware Analysis,0.003910708333333346
user interface,0.004050467222222243
object-oriented programming,0.004150320555555559
streaming media,0.004177363888888869
Containerization,0.004285337222222241
random forest,0.004461889444444478
big data,0.004692012222222208
text classification,0.00493960611111105
network analysis,0.005086637777777764
virtual machine,0.005972093333333317
optical character recognition,0.006055984444444412
continuous integration,0.006195669444444385
natural language,0.006396004444444436
question answering,0.0064002077777778055
face detection,0.00643196166666668
language model,0.006648747777777769
text mining,0.0067081072222222315
Bayesian inference,0.006874171666666651
web service,0.006897687777777828
blockchain,0.006991724444444486
facial recognition system,0.007003842777777797
benchmark,0.007031168888888828
backup,0.007048556666666678
smart contract,0.0070869833333332966
banking industry,0.007100659444444435
command-line interface,0.007130807777777859
logging,0.007207429444444385
search,0.007487158888888901
algorithm,0.007492947777777814
data,0.007581933888888837
lexical analysis,0.008062974444444482
Parser combinator,0.008103107222222267
virtualization,0.008109509444444413
static site generator,0.008208526111111114
encryption,0.008219936666666622
web crawler,0.00823495611111108
validator,0.00847129833333335
HTTP client,0.008721946111111073
WebSocket,0.008789448333333338
web scraping,0.008912000000000031
cluster analysis,0.008938489999999993
distributed computing,0.009007032222222183
game engine,0.009081226666666692
graph database,0.009174564999999996
computer vision,0.00917609722222218
regular expression,0.009208179999999982
object detection,0.010057457777777723
web server,0.010559998333333348
graphical user interface,0.011098386666666626
rendering,0.011262299444444429
file system,0.011667390555555546
authentication,0.012102814444444443
object–relational mapping,0.012388588333333395
World Wide Web,0.012637570000000042
social network,0.012687471111111098
data binding,0.012819799444444363
instant messaging,0.012954936666666694
computer configuration,0.012977914444444405
syntax highlighting,0.013165695555555523
distributed system,0.013274890555555557
malware,0.01354539944444444
natural language processing,0.013605859444444507
automation,0.013679083333333342
password manager,0.013828496666666634
image captioning,0.013898695555555535
classification,0.014093311666666747
linear regression,0.01422258611111113
back end,0.014388569444444388
computer data storage,0.014401816666666623
"extract, transform, load",0.014818873888888917
website,0.015121083888888887
web application security,0.015408672222222253
signal processing,0.015659742777777763
security,0.01599840277777778
synchronization,0.017336699444444437
documentation,0.017621186666666677
deep learning,0.017825158333333396
client,0.01788640277777781
recommender system,0.018488797222222242
telecommunications network,0.018627838333333313
software testing,0.018671061111111054
long short-term memory,0.018758518333333363
audio signal processing,0.018895354999999975
geographic information system,0.019914383888888887
operating system,0.020169312222222235
time series,0.020221647222222222
serialization,0.02075689722222221
3D modeling,0.020836242222222245
code generation,0.020893951666666716
network monitoring,0.021114115555555535
parsing,0.021991162777777795
text editor,0.02303891166666666
information processing,0.023605271666666594
HTTP server,0.024084372777777724
scheduler,0.024109726666666664
server,0.02411895055555552
application performance management,0.024439087777777813
game server,0.025903875555555594
software development,0.02644826055555552
interpreter,0.02691918055555556
search engine,0.027503668333333342
compiler,0.030257678333333288
anomaly detection,0.031094570000000044
continuous delivery,0.03164422666666669
Bidirectional recurrent neural networks,0.03308196611111114
stream processing,0.033822731111111115
e-commerce,0.035278376666666666
package management system,0.05775197444444441
email,0.07263316
