domain,diff
distributed system,7.500256944448225e-05
education,0.00022099888888885144
search,0.0002713566666666667
reactive programming,0.0002944139583333505
audio signal processing,0.0003588740277777891
continuous integration,0.0005105307638888501
digital image processing,0.0005588984027777577
test automation,0.0006250379166666542
text classification,0.0006680665277777886
cryptocurrency,0.0007842048611110819
user interface,0.0010037031249999773
streaming media,0.0010811106944444426
data structure,0.001152388958333389
bitcoin,0.0011797193055555488
data,0.0012231070833333413
e-commerce,0.001235466527777812
computer configuration,0.0012502881944444766
data compression,0.0013154555555554837
language model,0.002176023611111133
blockchain,0.002630321944444486
time series,0.0029113697222222235
World Wide Web,0.0029969862499999445
optical character recognition,0.003026605694444434
natural language,0.0031399205555555643
serialization,0.0037432549305555785
word embedding,0.003910756736111132
automation,0.004104536527777758
computer data storage,0.004227627083333352
text mining,0.0042822245833332995
web application,0.004297409930555551
stream processing,0.004367888055555547
cloud computing,0.00466184590277785
anomaly detection,0.004864013055555588
support vector machine,0.005178062777777687
object detection,0.005228373263888891
smart contract,0.005245951527777792
graphical user interface,0.005399369305555568
email,0.005559963819444458
text processing,0.0056252472222222405
big data,0.0056837559027778095
static site generator,0.005907793611111045
graph database,0.006980371805555552
analytics,0.007012311597222154
web browser,0.007018675138888902
data analysis,0.007103325277777794
Web Components,0.007301259722222231
website,0.007335343333333355
deep learning,0.007592375486111136
data science,0.007811076180555543
database,0.007941893333333283
digital audio,0.007950209166666666
logging,0.008075132083333325
signal processing,0.008351331250000038
application performance management,0.00841505833333328
HTTP client,0.008712997361111141
linear regression,0.008840262847222224
WebSocket,0.009080993055555542
continuous deployment,0.009442443472222228
dependency injection,0.009507365694444436
deep neural network,0.009971626458333355
search engine,0.010222401666666658
web crawler,0.010390894791666716
electronic trading platform,0.010509563819444456
game engine,0.010586186319444385
web server,0.011446667361111107
File Transfer Protocol,0.011474155625000038
data visualization,0.011483332222222226
algorithm,0.012030520347222157
embedded system,0.01211741013888884
machine learning,0.012190809166666677
web browser engine,0.013128353124999992
distributed computing,0.01321219840277782
cluster analysis,0.01365707569444441
internet bot,0.014036543749999963
data binding,0.014270621319444454
instant messaging,0.01457011506944439
file system,0.01489906625000001
command-line interface,0.015184715972222235
security,0.015506828958333302
server,0.01626042875000011
recommender system,0.016455707708333323
operating system,0.016502110763888883
HTTP server,0.016599869652777766
stock market,0.01666154999999994
back end,0.017024249999999963
penetration test,0.01741783472222222
long short-term memory,0.017522542569444466
information processing,0.01798518770833335
content management system,0.018196275833333386
unit testing,0.01880108798611113
front end,0.019060153472222174
Containerization,0.019800491736111092
geographic information system,0.020260776597222252
speech synthesis,0.020374164375000003
backup,0.020381197500000003
Parser combinator,0.02198568395833328
design,0.022932256527777778
digital security,0.023613202777777814
shell tool,0.023628722986111128
scheduler,0.023876181527777818
package management system,0.024233026736111107
distributed multimedia communications platform,0.02517031590277785
algorithmic trading,0.025366844097222258
middleware,0.02563620694444435
web application security,0.025814290625000014
distributed database,0.026316932361111156
password manager,0.027005773402777766
regular expression,0.027199636527777765
software testing,0.02753950708333336
microservices,0.027717623819444426
client,0.027981243125
telecommunications network,0.03202404097222217
internet of things,0.03231879673611107
documentation,0.032981371319444425
pattern matching,0.03502657736111106
web service,0.03640923972222221
object–relational mapping,0.03704024590277774
router,0.03862998736111106
routing,0.049354559861111036
