domain,diff
client,0.0005999009722221782
shell tool,0.0016736236111111191
computer configuration,0.0018303304861110592
HTTP client,0.002248109444444424
microservices,0.002922964444444398
statistics,0.005227157847222219
plot,0.005229043750000051
web service,0.005239285902777668
data structure,0.006244887152777795
server,0.006450776319444462
HTTP server,0.006819136458333319
database,0.007592582013888849
smart contract,0.0077076089583333895
web application,0.008036557708333336
website,0.00931238326388889
password manager,0.009380285902777757
time series,0.009894279652777727
regular expression,0.011621875486111127
object detection,0.011815152777777754
web application security,0.011861937013888907
security,0.012010798680555546
game server,0.012098262638888913
data,0.012390200833333309
user interface,0.012759005972222237
operating system,0.013393152291666655
web server,0.01506778236111106
pattern matching,0.01577078124999992
social network,0.016717225208333353
"extract, transform, load",0.01676460638888888
World Wide Web,0.016796190624999985
neural machine translation,0.016859028611111077
network security,0.016952567291666637
big data,0.01696072083333336
command-line interface,0.019893645694444406
object–relational mapping,0.019948712291666643
automation,0.02148797812500003
machine translation,0.022476748263888957
telecommunications network,0.022996192013888916
data binding,0.023211967638888886
file system,0.025028580416666613
embedded system,0.025493367708333325
back end,0.02716721472222222
WebSocket,0.027392811180555532
instant messaging,0.02831709500000007
File Transfer Protocol,0.0298914567361111
analytics,0.037028368680555535
continuous integration,0.04309130118055554
application performance management,0.04404223347222225
package management system,0.04445582333333331
network monitoring,0.05524716305555549
