domain,diff
game engine,5.169499999993499e-05
software architecture,8.776055555559381e-05
static program analysis,0.00011721388888885631
kernel,0.0001547949999999576
smart contract,0.00022348111111103464
search engine,0.00048765722222224306
data mining,0.0005143222222222243
3D modeling,0.0008492988888888775
deep learning,0.0008809011111111653
unit testing,0.0009020305555554886
topic modeling,0.0012511677777777563
question answering,0.001266130555555578
regular expression,0.001574566111111092
reactive programming,0.0016088627777777753
front end,0.0016392755555555971
electronic trading platform,0.0018428605555555477
graph database,0.0018539511111110574
data structure,0.0019713361111111105
statistics,0.0019760772222222056
cluster analysis,0.0020056533333332738
serialization,0.0022402311111111572
Naive Bayes classifier,0.002360288333333349
web application,0.0023910111111111187
facial recognition system,0.002436312222222209
software development,0.0024861544444444716
linear algebra,0.00254192611111112
support vector machine,0.002612500555555536
classification,0.0026206483333333364
e-commerce,0.0028240200000000104
data visualization,0.0029022488888888476
parsing,0.0029175377777777844
user interface,0.0029498933333333976
functional programming,0.0030412111111111084
HTTP client,0.0031549444444444186
bitcoin,0.0032971261111111316
password manager,0.003309192222222257
Bayesian inference,0.0035516733333333383
syntax highlighting,0.003602755555555587
client,0.003614794444444458
sorting algorithm,0.004064901111111047
deep neural network,0.004207677777777724
web application security,0.004216100555555602
compiler,0.004234271666666706
geometry,0.004287718888888847
algorithmic trading,0.004298421111111145
digital audio,0.004439604444444467
digital image processing,0.004749842777777846
information processing,0.004799697777777723
website,0.004962195555555604
mobile application development,0.00517902555555555
HTTP server,0.005208061111111106
cryptocurrency,0.005229630555555559
finance,0.005250912777777811
object detection,0.005284178888888907
plot,0.005424846111111048
logistic regression model,0.005430143333333304
interpreter,0.005483059444444466
lexical analysis,0.005486146666666636
time series,0.005687634444444534
simulation,0.005915343888888869
web browser engine,0.005970242222222144
semi-supervised learning,0.006064989999999965
language model,0.00618307666666662
software engineering,0.00630138166666655
stream processing,0.0064550194444443765
static program analysis tool,0.006579016666666715
computer vision,0.006581111666666667
image classification,0.006701828333333354
data science,0.006743792777777813
education,0.006748479999999973
random forest,0.006808129999999968
web development,0.006941026111111026
artificial neural network,0.00736618
rendering,0.00738634833333332
scheduler,0.007498173333333358
Web Components,0.007635057222222297
design,0.007642110555555609
translation,0.007692460000000012
Image analysis,0.007708937222222267
web browser,0.007918966666666721
"extract, transform, load",0.007964210000000027
graphical user interface,0.00803463722222214
named-entity recognition,0.008070865000000038
code generation,0.008110070555555515
stock market,0.008544616666666671
mathematical optimization,0.008677885000000107
video processing,0.008771472777777733
content management system,0.00894576500000005
image segmentation,0.008955181666666673
pattern matching,0.009066291111111013
computational science,0.00929926999999997
data analysis,0.009320544444444412
World Wide Web,0.009495931111111078
text editor,0.009538923888888884
security,0.00962406944444441
image,0.009633001111111095
validator,0.009797732222222133
algorithm,0.009923694444444547
real-time computing,0.010195383333333308
server,0.010322861111111137
computer data storage,0.010388175555555546
convolutional neural network,0.010511350000000003
natural language processing,0.010681394444444464
computer science,0.010869981111111093
optical character recognition,0.010891518333333322
machine learning,0.010995243888888895
long short-term memory,0.011024418888888887
big data,0.01107041222222227
face detection,0.01109592333333334
web server,0.011155400000000038
linear regression,0.011213969444444472
authentication,0.011606209444444432
artificial intelligence,0.011607882222222254
chatbot,0.011805927777777808
object-oriented programming,0.011868794999999988
sentiment analysis,0.01205504166666671
mathematical finance,0.0121607644444445
home automation,0.012192887777777717
search,0.012258216666666683
recommender system,0.012479482777777773
text mining,0.01299282499999993
data,0.012994625000000093
web scraping,0.013303397777777781
information retrieval,0.013307507222222292
computer programming,0.013320164999999995
encryption,0.013344075555555529
Parser combinator,0.013391884444444446
distributed computing,0.013665793888888944
natural language,0.013772827777777746
word embedding,0.013795528333333335
Semantic Web,0.01381997777777777
image recognition,0.013943359999999988
Kalman filter,0.014080939999999986
distributed database,0.014193706666666639
natural language understanding,0.014337775555555543
game,0.014351388333333298
distributed system,0.014491419444444487
business dashboard,0.014572772777777826
automated machine learning,0.014924864444444463
blockchain,0.015000028888888961
database,0.015113430555555585
game server,0.01568914833333329
audio signal processing,0.01593483277777777
hyperparameter optimization,0.01596251500000001
computer configuration,0.01600638555555553
text classification,0.01669898611111112
streaming media,0.017000062222222223
cryptography,0.017014597222222233
geographic information system,0.017135297222222262
digital security,0.01726378777777779
regression analysis,0.017600419999999978
social network,0.01760534611111106
embedded system,0.01760644944444445
command-line interface,0.018321910555555543
cloud computing,0.018391728888888986
web crawler,0.018669477777777777
web service,0.018702020000000097
middleware,0.018956925000000013
signal processing,0.01962337277777773
database management,0.01988253777777771
automation,0.019918566666666693
analytics,0.020091945555555657
microservices,0.020364516666666665
synchronization,0.020499091111111145
distributed multimedia communications platform,0.020861608333333226
graph algorithm,0.021572203888888863
static site generator,0.021650383888888874
shell tool,0.021891132777777766
data compression,0.021938267777777742
operating system,0.022078445000000002
virtual machine,0.022691004444444468
network analysis,0.02329154333333336
DevOps,0.023643422222222266
machine translation,0.02365828111111118
continuous deployment,0.024138686111111085
internet of things,0.024528440555555586
neural machine translation,0.02491831944444456
software testing,0.025441601666666674
data binding,0.02556691388888893
internet bot,0.02575602833333332
dependency injection,0.02603073666666672
anomaly detection,0.02634010611111115
Reverse engineering,0.026465369444444498
text processing,0.026927825555555618
debugging,0.02734043722222229
WebSocket,0.027584848888888874
back end,0.0280148455555555
continuous integration,0.029072576111111137
network security,0.02925244055555551
banking industry,0.029378436666666674
application performance management,0.029682773888888903
telecommunications network,0.030037118333333224
test automation,0.030051628333333302
instant messaging,0.03156674277777777
benchmark,0.03159830111111106
backup,0.03352805777777779
malware,0.03368484166666666
Malware Analysis,0.03395082944444444
file system,0.03471361166666673
penetration test,0.03573295722222228
object–relational mapping,0.0387127883333333
package management system,0.03951747666666661
schema migration,0.04292716111111114
File Transfer Protocol,0.04365076055555561
network monitoring,0.05375936500000006
logging,0.05596642000000002
email,0.09007404055555551
