domain,diff
package management system,3.742555555552585e-05
embedded system,0.00014847000000001165
serialization,0.0009150666666666307
streaming media,0.0017438038888888119
language model,0.0020040905555555044
algorithm,0.0030981127777777173
data structure,0.0032307233333333796
command-line interface,0.0049720461111111836
instant messaging,0.006336501111111004
pattern matching,0.006466064999999965
object detection,0.008369307777777751
static program analysis,0.008430256666666691
regular expression,0.009042126111111132
graphical user interface,0.011572292222222114
user interface,0.01189965277777788
data,0.011959936111111125
documentation,0.013032788333333323
data compression,0.014053889444444467
text classification,0.014279935555555567
regression analysis,0.014844604444444437
object–relational mapping,0.015139489444444432
data binding,0.015688087222222258
data analysis,0.016521249444444414
dependency injection,0.01766320722222217
recommender system,0.01860518666666669
content management system,0.02136207833333334
information processing,0.022590999444444537
web service,0.024420739444444395
server,0.025678197777777773
support vector machine,0.026038981111111165
big data,0.028633788888888873
smart contract,0.029481134444444446
file system,0.032557707222222176
website,0.03571108833333339
text processing,0.03652679888888896
database,0.03746286388888892
stream processing,0.03968345333333334
World Wide Web,0.04032364777777778
compiler,0.05488771777777779
back end,0.056386457222222214
cloud computing,0.05725028166666671
security,0.11137548944444445
