domain,diff
computer configuration,0.0012020143750000045
game engine,0.0013621112500000199
digital image processing,0.0014310499999999893
static program analysis,0.0014426962499999862
logging,0.0014742643750000062
test automation,0.0014756343750000345
audio signal processing,0.0015134374999999645
support vector machine,0.001663424375
electronic trading platform,0.001925114374999981
benchmark,0.002259282499999987
image recognition,0.002340023125000007
text classification,0.0024474231249999867
plot,0.0025607106250000178
distributed computing,0.0026964700000000064
algorithm,0.00274631687499996
language model,0.0027836918750000217
deep neural network,0.0030025356250000246
data compression,0.0030391306249999417
linear regression,0.003063359374999991
information retrieval,0.003216423749999975
facial recognition system,0.0037941225000000245
cluster analysis,0.004189432499999951
penetration test,0.004208496874999995
e-commerce,0.004231841250000007
data structure,0.0042565043749999976
network analysis,0.004428601250000025
mobile application development,0.004556396875000007
text processing,0.004964277500000003
cloud computing,0.005496796250000019
face detection,0.005675669374999998
World Wide Web,0.005834289374999968
regression analysis,0.006239458749999982
static program analysis tool,0.006320402500000044
time series,0.006370410624999989
database,0.006713001249999989
database management,0.007149656249999997
transfer learning,0.007188707499999947
web crawler,0.007195378749999953
sorting algorithm,0.007325149999999975
stock market,0.007562173125000016
operating system,0.007771714375000016
website,0.00795441874999997
Web Components,0.008355429999999997
image captioning,0.008491109375000028
malware,0.008582635625000001
object detection,0.008834389999999998
distributed system,0.008968606874999951
backup,0.009001948124999992
unit testing,0.009154200624999942
data,0.009222687499999993
compiler,0.00938387437499999
digital audio,0.01006743312499997
analytics,0.010512435000000014
algorithmic trading,0.010616036874999957
image,0.010708692499999978
Semantic Web,0.010709630624999994
cryptocurrency,0.010841769375000004
signal processing,0.011057338750000006
big data,0.011915385624999997
search,0.012511557499999992
computer data storage,0.012597703750000022
security,0.012949561250000019
automation,0.013127069374999967
computer vision,0.013138126249999993
natural language,0.013216008124999956
"extract, transform, load",0.013395707499999965
Malware Analysis,0.013450305624999992
smart contract,0.01345798437500001
streaming media,0.013786764374999982
distributed database,0.013793228749999997
graph database,0.014255983125000038
network monitoring,0.01479125375000001
synchronization,0.014930627500000015
geographic information system,0.015047898124999959
back end,0.015188836250000004
web scraping,0.015650438749999995
web application,0.016070360000000006
blockchain,0.016128071874999983
validator,0.016244556874999982
digital security,0.016288917499999972
word embedding,0.016289983750000014
server,0.017045788749999957
reactive programming,0.017259979374999956
front end,0.017368906249999927
data science,0.017982340624999982
static site generator,0.018169563750000006
code generation,0.01865622312500001
content management system,0.018716475625000062
regular expression,0.018758175624999956
data analysis,0.018799893125000022
middleware,0.019042106250000024
graphical user interface,0.01925846124999997
dependency injection,0.019531793749999915
stream processing,0.019532152500000066
user interface,0.019915450624999997
command-line interface,0.020540170000000024
file system,0.020577026875000043
web service,0.021024493125000043
design,0.021413596874999996
embedded system,0.021710911249999992
web browser engine,0.02245568312499996
application performance management,0.022845859374999944
interpreter,0.023035636249999963
web server,0.023609069999999954
object–relational mapping,0.023796628749999965
internet of things,0.024132034374999972
business dashboard,0.024367666250000003
pattern matching,0.024452969374999994
game server,0.024644624375000007
shell tool,0.025118178125
package management system,0.02546599625000004
encryption,0.02581197437499999
Bayesian inference,0.026367453124999995
web browser,0.027099385625
data visualization,0.027951508749999993
File Transfer Protocol,0.028557974999999958
serialization,0.028846244999999993
topic modeling,0.029585889375000035
password manager,0.02993590124999998
distributed multimedia communications platform,0.03002519250000002
information processing,0.030828658749999988
authentication,0.030939273125
scheduler,0.031271344375000065
client,0.03130417812499997
router,0.03234295499999995
telecommunications network,0.03265471437499998
software testing,0.032758883749999995
internet bot,0.032847292499999986
web development,0.032865345624999986
recommender system,0.03335479500000002
HTTP server,0.036035085625000074
data binding,0.036875368125
instant messaging,0.037666188124999944
HTTP client,0.03815189624999993
web application security,0.038204039999999995
routing,0.038707955000000016
microservices,0.04030528875
WebSocket,0.04172305250000005
software development,0.043490529374999976
debugging,0.04903568250000001
