domain,diff
machine learning,0.00025930333333326616
data compression,0.0003844861805555877
data mining,0.0006296800694444715
data structure,0.0007093036805555786
test automation,0.000985224791666739
artificial intelligence,0.0014538698611111234
recommender system,0.001895735902777751
object detection,0.002103853333333322
web development,0.0021773039583333764
language model,0.0024103083333333886
static program analysis,0.0025757223611111435
graph algorithm,0.0025952496527777424
pattern matching,0.0026851772916666183
data analysis,0.0027192595138889053
embedded system,0.0027367317361110532
database,0.0030388761111110885
graph,0.003460691666666682
information processing,0.003532724444444524
static program analysis tool,0.004384708472222221
data,0.004601893472222202
big data,0.004682766874999994
linear regression,0.005066389375000008
analytics,0.005349677569444378
sorting algorithm,0.005601187013888842
regular expression,0.005850431666666711
visualization,0.005858875138888914
rendering,0.005860904097222286
support vector machine,0.006330751805555618
object–relational mapping,0.0064494520138888844
Parser combinator,0.0069582550694443634
design,0.007339686944444451
search,0.007802177916666653
DevOps,0.008364333750000064
statistics,0.008526668194444448
quantum computer,0.00876202527777778
Web Components,0.00935842124999997
graphical user interface,0.009773940069444487
unit testing,0.010000810416666644
continuous integration,0.010065512083333339
stream processing,0.010234558402777816
cluster analysis,0.010566801666666709
digital audio,0.010609010624999943
word embedding,0.01063198937500004
dependency injection,0.011446284652777694
digital image processing,0.011564327777777744
automation,0.011826070694444413
application performance management,0.012339705208333385
interpreter,0.013197022222222299
geographic information system,0.013518046249999999
smart contract,0.013883439374999973
data binding,0.014479850069444439
package management system,0.014924659097222293
distributed database,0.015090133333333366
game engine,0.01595070500000001
software testing,0.016162272847222214
streaming media,0.01622793958333335
content management system,0.01657590694444444
network analysis,0.016958410138888852
benchmark,0.017204312916666603
sentiment analysis,0.01740638243055559
shell tool,0.017939425486111105
microservices,0.01812166048611108
instant messaging,0.01825875826388884
web application,0.018488199027777708
user interface,0.018868234999999955
integrated development environment,0.019164312222222202
website,0.020178721111111103
signal processing,0.022152924652777795
game server,0.022680812013888857
penetration test,0.022845372708333367
operating system,0.02380403777777776
web scraping,0.023906862708333337
file system,0.02393263034722229
client,0.024150448402777747
distributed computing,0.024305168888888895
compiler,0.025096246666666766
password manager,0.025922230833333365
digital security,0.025949481041666694
distributed system,0.0262862660416667
logging,0.026578999513888923
World Wide Web,0.02701430402777777
scheduler,0.027187246180555513
web application security,0.027295942708333326
back end,0.030137392847222194
web service,0.030139889861111158
server,0.03049813243055549
computer data storage,0.030608215208333317
distributed multimedia communications platform,0.03149871416666669
serialization,0.03446689520833335
security,0.03501611138888888
computer configuration,0.036322987291666664
cloud computing,0.0404923341666667
web server,0.04212693576388882
HTTP client,0.0421903669444445
middleware,0.04227683638888888
HTTP server,0.04328601055555559
telecommunications network,0.044260615277777776
File Transfer Protocol,0.04749909965277782
command-line interface,0.049403487916666655
