domain,diff
virtualization,5.252277777778591e-05
user interface,0.00014577888888889223
stream processing,0.0002688305555555437
graph algorithm,0.000634035555555551
artificial intelligence,0.0007142688888889526
shell tool,0.0008377772222223356
front end,0.0008998288888889261
"extract, transform, load",0.0011435249999999786
game server,0.001154590555555557
command-line interface,0.001239102777777834
client,0.0013491800000000054
digital image processing,0.0013729033333332863
recommender system,0.0015385277777778539
synchronization,0.0022877511111111526
instant messaging,0.0025330411111110784
language model,0.0025351683333333375
Malware Analysis,0.0028118333333333467
algorithm,0.002865812222222208
malware,0.0029036761111110587
signal processing,0.002904556111111095
embedded system,0.0030580638888889067
neural network,0.0034096855555555416
graph,0.003445207777777737
stock market,0.0036184694444444665
interpreter,0.0036368800000000368
web application security,0.003987197222222266
microservices,0.0043007544444444434
information processing,0.004553458333333316
web browser,0.004802214444444397
static program analysis,0.005266718888888855
computational science,0.005268590555555508
HTTP client,0.005350051666666689
validator,0.005379288888888861
artificial neural network,0.00540373999999999
design,0.005410900000000024
web service,0.005427781111111113
digital audio,0.005561427222222248
WebSocket,0.005805787222222247
facial recognition system,0.005913688333333306
translation,0.0062183766666667195
kernel,0.006413993888888914
analytics,0.006927256111111085
automation,0.0073852972222222535
benchmark,0.00806926888888887
scheduler,0.008076594444444474
algorithmic trading,0.008154139999999949
distributed computing,0.008198074444444425
data binding,0.008464288888888893
mathematical optimization,0.00860903944444441
Image analysis,0.008716329999999967
sentiment analysis,0.00880588555555556
smart contract,0.00884224722222221
text processing,0.008953299999999942
object detection,0.009001127777777784
face detection,0.009338352777777809
lexical analysis,0.009368797222222225
back end,0.009479939444444502
content management system,0.010132316666666613
sequencing,0.01017026888888889
operating system,0.010340612222222212
computer vision,0.01044353888888891
password manager,0.010680145555555631
continuous integration,0.010693812222222154
audio signal processing,0.010778388888888851
blockchain,0.011168557222222208
streaming media,0.01117090722222222
machine learning,0.0113580844444445
email,0.011635456666666683
virtual machine,0.011744013888888905
Parser combinator,0.011783400555555545
web application,0.01178918277777774
database management,0.012071234444444467
test automation,0.012140093333333268
Semantic Web,0.012942775555555563
code generation,0.012996623333333401
linear regression,0.013002986666666633
data visualization,0.013048222222222267
plot,0.013193119444444512
natural language processing,0.013527315000000012
geographic information system,0.014409581111111153
time series,0.015100412222222248
image recognition,0.015227914444444463
schema migration,0.015263339999999959
authentication,0.015322464444444461
website,0.015723519999999935
graph database,0.01588104055555553
functional programming,0.01591276888888893
text mining,0.016071790555555604
knowledge graph,0.0161313577777778
electronic trading platform,0.01627707777777776
regression analysis,0.01634265555555553
unit testing,0.016936751666666694
static program analysis tool,0.017056165555555614
graphical user interface,0.017156455555555478
reinforcement learning,0.017249246666666634
static site generator,0.017426791666666636
middleware,0.01767128999999995
computer programming,0.01774404944444452
image,0.01781126555555554
distributed system,0.017861632222222257
network analysis,0.0179835111111111
computational biology,0.01799133722222221
deep learning,0.018190090555555566
text classification,0.01882220277777777
support vector machine,0.0190428994444444
parsing,0.019679364999999976
Q-learning,0.0198898116666667
syntax highlighting,0.019896815555555586
natural language,0.020071257222222222
logging,0.020221075555555634
data science,0.020674222777777723
deep neural network,0.02122014333333333
search,0.02133068166666674
random forest,0.021377376666666753
sorting algorithm,0.021391926111111126
digital security,0.02153359277777775
World Wide Web,0.021584077777777794
image compression,0.021720167222222253
HTTP server,0.02191803500000003
linear algebra,0.022078683333333293
distributed multimedia communications platform,0.02217758111111115
package management system,0.022429902777777733
data analysis,0.02293868611111108
application performance management,0.023351818888888848
telecommunications network,0.023809455000000007
computer configuration,0.023842299444444465
router,0.024271861111111098
web server,0.02439517444444439
software architecture,0.0245253277777778
cloud computing,0.024877125555555546
server,0.02520720222222228
data mining,0.025307278333333322
Web Components,0.0254865866666667
object–relational mapping,0.025540174444444508
mobile application development,0.0255627538888889
question answering,0.02627250722222224
internet of things,0.026342881111111105
long short-term memory,0.026827923888888883
software design pattern,0.02692090222222221
anomaly detection,0.027071838333333348
3D modeling,0.02730251944444445
web development,0.027664204444444424
cryptocurrency,0.02767296666666666
big data,0.02780924111111105
optical character recognition,0.02785372611111106
business dashboard,0.02791445222222222
compiler,0.02825447999999997
data compression,0.02941089166666666
security,0.0296528016666667
statistics,0.030035751666666638
penetration test,0.030377513888888874
word embedding,0.03095415999999998
dependency injection,0.03176819666666664
database,0.03194076944444435
cluster analysis,0.031986747777777824
debugger,0.03228849944444445
distributed database,0.03262335166666669
serialization,0.032658770000000004
e-commerce,0.03394309388888889
software testing,0.03405058444444445
image captioning,0.034261293888888905
geographic information,0.034911683888888934
network security,0.03497751166666671
game engine,0.03580907277777784
data,0.03589539222222227
backup,0.03611366166666666
pattern matching,0.037016063888888895
regular expression,0.03730521388888891
data structure,0.039601667777777794
convolutional neural network,0.03967391055555558
software engineering,0.04016199777777768
information extraction,0.04061160166666675
text editor,0.04092802888888894
Bayesian inference,0.04101504499999997
File Transfer Protocol,0.042029173888888965
named-entity recognition,0.0484569861111111
file system,0.048677463888888856
computer data storage,0.04984238333333332
encryption,0.05206142111111112
software development,0.05275422277777772
integrated development environment,0.055523228333333285
