domain,diff
data structure,0.00022283955555557622
pattern matching,0.0003308313333333923
object–relational mapping,0.001424006111111098
database,0.0019940618888888983
big data,0.003602851000000018
language model,0.004006547666666638
Parser combinator,0.004029738555555551
data,0.0045033217777777634
information processing,0.00544285044444448
data binding,0.005733491444444516
game engine,0.005905204999999969
regular expression,0.007791674666666665
streaming media,0.00933991333333331
interpreter,0.009573126222222283
website,0.010018870111111133
Web Components,0.010675245999999972
object detection,0.01216610233333329
stream processing,0.014857115777777707
instant messaging,0.01494815988888884
serialization,0.019115441333333316
automation,0.019603599444444453
World Wide Web,0.02002872577777781
embedded system,0.02298143711111117
DevOps,0.023693819999999977
static program analysis tool,0.02440566377777781
web service,0.02777010611111108
microservices,0.027910037111111174
graphical user interface,0.031161348444444514
web application,0.03116938577777778
package management system,0.03497754122222224
shell tool,0.03560766911111107
file system,0.03857462822222224
user interface,0.038878655999999984
File Transfer Protocol,0.0430417597777778
distributed system,0.04358558166666665
web application security,0.0468588493333334
security,0.05204851488888895
server,0.05864805455555555
computer configuration,0.0594894906666667
web server,0.0684131738888889
command-line interface,0.09122116466666669
