domain,diff
object detection,2.803833333334116e-05
file system,7.267777777775208e-05
database,0.0013398822222222273
signal processing,0.0016806544444444294
web service,0.002106761111111133
information processing,0.00248952611111114
graphical user interface,0.0031152477777777743
data,0.004701924999999996
pattern matching,0.007418388888888905
password manager,0.007601907222222204
regular expression,0.00799171999999998
computer data storage,0.008873517222222238
web application,0.009391669444444445
automation,0.009628920555555531
data binding,0.010554656111111171
client,0.012349043888888855
big data,0.014250301111111113
website,0.015136914444444455
back end,0.016582846666666762
operating system,0.01905343722222222
Semantic Web,0.01998901222222224
streaming media,0.02038160611111109
data structure,0.02153144944444446
text classification,0.021819342222222204
stream processing,0.022329129999999975
server,0.022556417777777782
user interface,0.024093900555555547
scheduler,0.025201963333333355
information extraction,0.027064650555555597
text processing,0.027424890555555526
game server,0.031821625555555566
penetration test,0.03250941166666663
web server,0.036113505555555536
microservices,0.03768919555555558
security,0.04090900499999994
package management system,0.043284578888888814
File Transfer Protocol,0.04340446833333339
software testing,0.04805268944444449
instant messaging,0.05529172444444441
telecommunications network,0.055328564444444395
World Wide Web,0.06276883111111112
internet bot,0.07242355555555544
