domain,diff
algorithmic trading,9.066269841345731e-06
algorithm,0.0001348382539682058
mathematics,0.0003358115873016154
computer science,0.0010343990476190668
static program analysis,0.0011296996031745499
graphical user interface,0.0011528923015872716
debugger,0.0011603961111111283
sequencing,0.0014192061111111265
distributed computing,0.0016945461111110838
schema migration,0.001709471428571363
Web Components,0.0018734707142856744
Malware Analysis,0.0019596973809523355
mathematical optimization,0.002530424841269918
embedded system,0.002537973968253948
artificial intelligence,0.003116448888888873
game server,0.003197053888888912
text processing,0.003230755793650786
graph algorithm,0.0034806220634920615
computational science,0.003980458015873045
automation,0.003985798412698416
mobile application development,0.00403263825396824
computer graphics,0.004218398253968247
continuous deployment,0.004243422698412713
speech synthesis,0.004286971428571429
dependency injection,0.0044292643650793995
shell tool,0.004934110396825342
RNA sequencing,0.00500141023809525
computer programming,0.005117017936507984
image editing,0.005242362380952326
audio player software,0.005287017142857148
finance,0.0053169992857142745
signal processing,0.006189802777777781
analytics,0.0061987876984127
3D computer graphics,0.0064212238095238405
web development,0.006726236190476215
sentiment analysis,0.007142590873015858
distributed system,0.00722486023809521
computational biology,0.0073139959523809694
Parser combinator,0.007409224841269824
mathematical finance,0.007485788015873046
unit testing,0.007494864761904779
genetic algorithm,0.0075359188888889095
web browser engine,0.007586517380952396
smart contract,0.007592476428571415
digital image processing,0.007673927222222238
microservices,0.008007609603174592
synchronization,0.008038183412698352
language model,0.008366653809523839
benchmark,0.008548619523809475
application performance management,0.008791007380952398
virtual machine,0.008826393730158727
syntax highlighting,0.008937872777777828
machine learning,0.009128935476190536
information processing,0.009143667698412683
test automation,0.009343655952380958
text mining,0.009522963571428567
code generation,0.009667133571428566
kernel,0.010139740238095246
simulation,0.010142899523809507
plot,0.010234557619047652
static program analysis tool,0.010260356507936497
stock market,0.010615034206349183
artificial neural network,0.010659974126984106
audio signal processing,0.010687370555555575
scheduler,0.010947959126984153
face detection,0.011953407777777758
genomics,0.012397000317460327
functional programming,0.012658424444444427
facial recognition system,0.012839594285714268
banking industry,0.012936681428571434
operating system,0.013116861349206366
client,0.013377159920634901
Image analysis,0.013507797857142873
stream processing,0.01406080222222228
Reverse engineering,0.014273656666666606
computer configuration,0.014330928095238116
front end,0.01440196428571433
database management,0.014502277380952389
random forest,0.014613485952380934
data mining,0.014842389126984129
content management system,0.014893980873015883
natural language processing,0.015035683730158733
time series,0.015612280396825412
topic modeling,0.015705121587301557
server,0.015844679841269804
interpreter,0.015961253650793594
network analysis,0.016158853174603166
text editor,0.016315673015872945
command-line interface,0.01637396809523811
malware,0.01692225309523812
"extract, transform, load",0.016955876587301577
Q-learning,0.017058770793650785
natural language understanding,0.01741544777777773
continuous integration,0.017575285952381003
cloud computing,0.017795184523809543
anomaly detection,0.017826681428571384
documentation,0.017849826587301637
object detection,0.017893073333333342
software design pattern,0.017950390873015865
recommender system,0.01851552420634925
data science,0.018581933809523804
distributed multimedia communications platform,0.018689120238095186
design,0.018698517301587336
support vector machine,0.019012412698412667
computer vision,0.019132756031746023
search,0.019377930952380912
knowledge graph,0.01971622476190482
cluster analysis,0.019781699523809537
data analysis,0.01990450253968254
geometry,0.019916061349206343
package management system,0.019917524920634866
graph database,0.01997131507936506
game engine,0.02042183999999997
Semantic Web,0.020498301825396803
sorting algorithm,0.020629797539682554
machine translation,0.020795259920634884
distributed database,0.02093641333333332
back end,0.021250242936507957
web application,0.022109299206349242
validator,0.02270944873015876
electronic trading platform,0.02289392738095236
blockchain,0.02307661880952383
image recognition,0.02311956714285715
question answering,0.02314729515873018
instant messaging,0.023213836746031724
text classification,0.02330984222222221
digital audio,0.023488012857142804
static site generator,0.023817117698412715
translation,0.024354516269841253
web application security,0.024441539047619032
regression analysis,0.024577427777777744
linear algebra,0.024615806825396797
reinforcement learning,0.024645353253968244
data visualization,0.024744510793650726
password manager,0.024936315476190546
web server,0.025102648888888912
authentication,0.025209555317460303
image segmentation,0.025542232063492043
virtual reality,0.025659499523809526
user interface,0.02581716571428566
big data,0.026005583571428598
middleware,0.026363753888888924
web service,0.02673780682539681
pattern matching,0.026785282619047696
neural machine translation,0.02682260301587297
deep learning,0.027105705158730176
semi-supervised learning,0.02711500476190476
compiler,0.02740262595238091
quantum computer,0.02745409634920634
linear regression,0.02811499500000003
web browser,0.02878621063492065
DevOps,0.029197578571428517
HTTP server,0.02934887698412697
software testing,0.02969981865079363
internet bot,0.02985252396825394
logistic regression model,0.02998602873015871
social network,0.030031598253968256
geographic information system,0.030102559285714314
email,0.03017749380952378
parsing,0.03021374071428573
streaming media,0.031088771904761947
HTTP client,0.031329408015873056
deep neural network,0.03239190587301591
optical character recognition,0.03337188198412702
image classification,0.03341306492063492
network security,0.03349535595238093
web crawler,0.03351565563492068
telecommunications network,0.03356112492063487
image compression,0.033795254047619044
WebSocket,0.03393720158730157
penetration test,0.034259701904761936
information retrieval,0.03434526222222223
software engineering,0.03435564357142851
regular expression,0.03440571452380953
website,0.03477113182539687
logging,0.035055886031746
Kalman filter,0.03536226984126986
database,0.03566231468253972
long short-term memory,0.035752593015873
router,0.035867495
natural language,0.03613361333333334
image,0.036134360793650844
data compression,0.03623132626984138
security,0.03669389174603177
word embedding,0.03829361571428572
World Wide Web,0.038397202063492064
digital security,0.039317173095238134
software development,0.040536352380952406
information extraction,0.042056329841269835
data structure,0.04249054055555554
object–relational mapping,0.0425313346031746
e-commerce,0.042685355476190484
cryptocurrency,0.043457047142857114
named-entity recognition,0.044577331984127
file system,0.04570848007936515
data,0.045753501507936445
integrated development environment,0.0466373557936508
convolutional neural network,0.04891728904761905
image captioning,0.050101220793650786
cryptography,0.05039356230158726
web scraping,0.05217189619047613
geographic information,0.052181249603174606
data binding,0.05338069587301594
File Transfer Protocol,0.05401033563492058
computer data storage,0.05479547119047615
backup,0.055429842301587345
encryption,0.06273163912698415
serialization,0.08386524476190477
