domain,diff
unit testing,6.969333333334271e-05
client,0.0010234261111111698
graph algorithm,0.0014980827777777428
digital image processing,0.001734641666666703
distributed computing,0.0018091927777778016
instant messaging,0.003445563333333318
algorithm,0.0034930777777778532
computational science,0.003750247222222225
graph database,0.0043745699999999665
automation,0.0045218972222222376
machine learning,0.004780451111111139
game server,0.005017471111111116
digital audio,0.00502479444444448
static program analysis,0.00544168055555555
graphical user interface,0.005575026111111103
information processing,0.0055985549999999495
object detection,0.005995356666666701
recommender system,0.006267248333333364
Web Components,0.006325893888888878
object–relational mapping,0.006367565555555538
design,0.006693101111111099
stream processing,0.0068800749999999855
data mining,0.007061076666666638
application performance management,0.007796240555555611
cluster analysis,0.00786106666666675
embedded system,0.007901502777777764
smart contract,0.008169339999999997
microservices,0.008472386111111119
support vector machine,0.00871611333333333
signal processing,0.008752432777777819
natural language processing,0.00876723166666668
test automation,0.009017521666666584
analytics,0.009124309444444423
web application,0.009208902222222204
distributed system,0.010129367777777731
scheduler,0.010511116111111107
distributed database,0.01086741055555554
regular expression,0.011389576111111077
web service,0.011461148333333365
operating system,0.011520361666666645
linear regression,0.011655133888888947
word embedding,0.011910154444444515
kernel,0.01225865333333337
content management system,0.012450170555555501
server,0.012670916666666698
package management system,0.013636847222222193
sorting algorithm,0.0140428672222222
data analysis,0.014973730555555509
data structure,0.016194432222222194
user interface,0.016377903888888906
distributed multimedia communications platform,0.016499517222222232
synchronization,0.01703733666666668
data binding,0.017595361111111124
software testing,0.017676180555555532
back end,0.01769657444444439
data visualization,0.018007308333333305
big data,0.018267806111111118
long short-term memory,0.018641212222222203
cloud computing,0.018820152222222192
data compression,0.019392468888888847
computer configuration,0.02028723444444447
database,0.021034657222222197
audio signal processing,0.022410241666666608
website,0.022972305
web application security,0.023225965555555533
dependency injection,0.024006397777777716
logistic regression model,0.02569423277777777
penetration test,0.025799704444444405
web scraping,0.02613092611111109
telecommunications network,0.0300688927777778
time series,0.03026545166666672
World Wide Web,0.031229036111111053
anomaly detection,0.03167237777777779
data,0.033113032777777746
game engine,0.03399952277777779
web server,0.03404815722222221
security,0.03590603888888888
streaming media,0.036629122222222144
serialization,0.03884149888888888
statistics,0.04078963944444447
HTTP server,0.04124260666666671
computer data storage,0.04634315666666666
digital security,0.047228535000000016
logging,0.048102963333333304
file system,0.05329325666666662
File Transfer Protocol,0.058263141666666685
