domain,diff
pattern matching,8.656750000002322e-05
HTTP server,0.00025544138888888845
stock market,0.0005066530555555837
logging,0.0022170263888888486
regular expression,0.003855371666666718
data compression,0.004537712222222157
telecommunications network,0.004632502777777797
information processing,0.004843814722222173
benchmark,0.005015191666666696
web application,0.005041149444444393
web service,0.005342556388888836
Web Components,0.007859245833333306
database,0.007955965277777755
command-line interface,0.00828980333333329
recommender system,0.009098146944444413
server,0.010573708611111093
streaming media,0.010992230833333339
automation,0.01221596222222221
web development,0.012478870833333378
package management system,0.012612516944444485
data structure,0.012831626388888961
signal processing,0.012880326111111146
File Transfer Protocol,0.0145748002777778
web server,0.01572963722222226
linear regression,0.015801515833333307
instant messaging,0.017013431944444518
object–relational mapping,0.01746619138888897
data binding,0.017481806944444428
microservices,0.0189887863888889
static program analysis,0.0193929986111111
user interface,0.01975541833333333
facial recognition system,0.020114357499999957
neural network,0.020386878611111076
game engine,0.020469493333333366
language model,0.02143333750000001
website,0.02149804277777778
data,0.023533893055555477
machine learning,0.02353494500000003
big data,0.023898060000000054
static program analysis tool,0.024393624722222174
interpreter,0.024820422777777768
mobile application development,0.026107581388888884
stream processing,0.027396048611111112
file system,0.028575600555555497
software testing,0.03328900638888893
face detection,0.038142579444444435
web application security,0.039986984166666656
operating system,0.04268145361111114
object detection,0.04274088499999995
cloud computing,0.04300193833333335
computer vision,0.04352234638888891
image recognition,0.044099678333333364
computer data storage,0.05310284499999998
computer configuration,0.07755551583333342
