domain,diff
distributed computing,6.965611111109382e-05
computer vision,0.00010535722222221322
data science,0.0002733911111110765
command-line interface,0.0007769744444444671
support vector machine,0.0013819761111110718
geographic information system,0.0015752561111111174
client,0.0016624400000000705
shell tool,0.0016746433333333366
linear regression,0.0017200511111111205
static site generator,0.0027894449999999738
front end,0.0028236133333333358
stock market,0.0030512316666666817
object–relational mapping,0.003053220555555569
information extraction,0.00411594277777777
cluster analysis,0.00452149555555556
data binding,0.00462264999999995
smart contract,0.00470141388888895
facial recognition system,0.005325494999999958
data analysis,0.005893137777777752
machine learning,0.006177064444444463
digital audio,0.007104855555555539
object detection,0.007273258333333338
data structure,0.00734148833333334
graph database,0.007443684444444487
text classification,0.007528893888888888
scheduler,0.007806966666666637
server,0.008069032222222272
microservices,0.008318201111111062
deep learning,0.008600270555555567
web application,0.008726648888888883
instant messaging,0.009175962222222223
long short-term memory,0.009747531111111152
data compression,0.009940278333333274
design,0.010126836111111093
electronic trading platform,0.010142832777777805
user interface,0.010974141666666687
pattern matching,0.011079687777777736
synchronization,0.011174332777777796
face detection,0.011351724444444489
distributed system,0.011420086111111116
distributed database,0.011445612777777808
data mining,0.012239919444444414
operating system,0.01250384555555556
database,0.01269684388888892
documentation,0.012857003888888913
email,0.012990216111111175
package management system,0.01304733611111114
hyperparameter optimization,0.013152253333333364
website,0.013246126666666691
analytics,0.013405818888888865
stream processing,0.013518254999999979
natural language processing,0.013616488333333288
big data,0.01362447166666661
regular expression,0.013992422222222245
word embedding,0.014271847222222217
plot,0.014464072777777809
WebSocket,0.0147283138888889
computer configuration,0.014848250555555526
recommender system,0.015193467777777803
information retrieval,0.015199012222222252
algorithmic trading,0.015502697222222195
geographic information,0.015502956111111105
telecommunications network,0.015513931111111046
distributed multimedia communications platform,0.01573285888888884
validator,0.016224175555555498
information processing,0.016515288333333322
digital image processing,0.01669938888888886
application performance management,0.01696062944444454
password manager,0.018297438333333332
World Wide Web,0.018745365000000014
artificial intelligence,0.018766284444444448
virtual machine,0.019193948333333377
content management system,0.01927910055555554
embedded system,0.01953735000000001
continuous integration,0.01983390722222214
penetration test,0.020010455555555612
automation,0.020017624444444493
web service,0.020253716111111125
streaming media,0.020500483888888865
automated machine learning,0.02114931722222227
data,0.02119159722222219
benchmark,0.022375857222222184
web application security,0.02284095833333341
static program analysis,0.02349510166666663
unit testing,0.02368669333333337
Web Components,0.02507013555555554
algorithm,0.025966738888888896
blockchain,0.02660698277777776
dependency injection,0.0268455955555556
3D modeling,0.02804672444444445
language model,0.02841104500000005
test automation,0.028584411666666615
web server,0.028616717222222254
graphical user interface,0.029096163888888915
logging,0.029139545000000044
signal processing,0.029657071666666673
HTTP client,0.030869362222222252
back end,0.031040025000000027
HTTP server,0.03130446111111118
mobile application development,0.03156334611111114
authentication,0.033181413333333354
static program analysis tool,0.03427805722222227
audio signal processing,0.03696337666666666
Parser combinator,0.03705471222222226
cryptocurrency,0.03730299388888886
cloud computing,0.03913918111111114
syntax highlighting,0.03944855722222221
text processing,0.0396463038888889
digital security,0.040203128333333366
software testing,0.04226949888888887
security,0.042596829444444456
functional programming,0.04701884666666667
serialization,0.04800984444444448
network security,0.04966112722222221
game engine,0.05181922944444439
software engineering,0.05192102444444452
File Transfer Protocol,0.05232042388888883
computer data storage,0.05290494833333334
software development,0.05905575388888887
encryption,0.060070950555555586
file system,0.06451064222222225
backup,0.06819189777777776
