domain,diff
recommender system,0.0007487805555555782
text processing,0.0008493466666666394
command-line interface,0.0011599749999999798
Parser combinator,0.001370402222222289
scheduler,0.0014819738888888212
code generation,0.0015985238888889253
algorithm,0.001859015555555621
distributed computing,0.0020200544444444746
stock market,0.0024989055555555417
stream processing,0.0026340927777777634
instant messaging,0.0027565444444443976
distributed system,0.0029168916666666433
smart contract,0.002961229444444491
client,0.003021661111111129
operating system,0.0030997538888889453
finance,0.0033185238888889246
information processing,0.0035525033333332345
artificial intelligence,0.0037487755555555002
synchronization,0.004057451666666656
embedded system,0.004163854444444448
automation,0.004698733888888862
graph algorithm,0.004875820555555493
graphical user interface,0.005099233333333286
signal processing,0.0056158261111111385
web application,0.005690845555555546
3D modeling,0.006266367777777698
computational science,0.006334142222222172
digital image processing,0.006490706111111161
validator,0.00654771166666665
Image analysis,0.007015270555555647
analytics,0.007023992777777793
mathematical finance,0.008130569444444458
object detection,0.008938263333333307
language model,0.008973863333333332
design,0.009130628888888881
Web Components,0.009455825555555575
algorithmic trading,0.009819029999999979
front end,0.010088384444444431
face detection,0.010228066666666646
user interface,0.01043409222222233
password manager,0.010712373333333386
syntax highlighting,0.010819876111111182
computer graphics,0.010854177222222205
artificial neural network,0.011105056111111122
network monitoring,0.011132480555555546
3D computer graphics,0.01133161944444444
web application security,0.011423589999999983
facial recognition system,0.011746944444444463
sentiment analysis,0.01181561000000006
computer science,0.011955125000000039
audio signal processing,0.012223041111111055
test automation,0.012259088888888936
static program analysis,0.012468174444444424
distributed multimedia communications platform,0.012475865555555576
reinforcement learning,0.013347496666666625
server,0.013364574444444444
web service,0.01339769611111108
Semantic Web,0.013834230555555549
animation,0.013974427777777798
benchmark,0.014071593888888873
computer configuration,0.014361230555555549
network analysis,0.014757510000000001
streaming media,0.014903625555555577
image recognition,0.015268764444444444
continuous integration,0.015404609444444523
HTTP client,0.01552528388888888
web development,0.015845484444444474
time series,0.01608087222222218
machine learning,0.016232315555555543
unit testing,0.016308933888888877
content management system,0.016433100555555497
microservices,0.016461722777777743
"extract, transform, load",0.016686307777777742
mobile application development,0.01673813833333332
parsing,0.01680629722222224
email,0.016816597777777748
linear regression,0.01697654500000001
translation,0.017088723333333333
image,0.017500433888888917
sorting algorithm,0.01763740333333333
digital audio,0.0183232972222222
text mining,0.018575957777777763
cloud computing,0.01858158999999998
data science,0.01898120166666664
internet bot,0.019450781111111093
natural language processing,0.019612730555555513
back end,0.01967608000000004
neural network,0.0197281361111111
database management,0.019822018888888904
video,0.01985254499999997
web server,0.020320188333333378
regression analysis,0.02036946611111115
cluster analysis,0.0205242977777777
text classification,0.02093716444444438
electronic trading platform,0.021330068888888887
anomaly detection,0.021374608888888924
geographic information system,0.021610375000000043
text editor,0.021870099999999948
security,0.021936417222222226
static program analysis tool,0.02205038166666662
telecommunications network,0.02215783111111111
data mining,0.022685067777777762
data analysis,0.022726973333333317
question answering,0.023031502777777768
blockchain,0.02316035777777775
web crawler,0.02321660277777779
HTTP server,0.023280283333333318
data visualization,0.023402129999999965
software architecture,0.023447286666666622
website,0.023532431666666687
random forest,0.024055965555555475
bitcoin,0.024142564999999977
penetration test,0.02446943722222225
internet of things,0.024905566666666656
package management system,0.025151302777777773
statistics,0.025748967777777798
application performance management,0.025749905555555508
support vector machine,0.025782123333333296
pattern matching,0.025894727222222275
deep learning,0.02617380055555557
Kalman filter,0.026304743333333352
game engine,0.02655211722222217
schema migration,0.027222117777777777
digital security,0.028234457777777833
graph database,0.028542482222222276
dependency injection,0.028692072777777855
distributed database,0.029202160000000033
compiler,0.02952862555555552
long short-term memory,0.030745278333333376
World Wide Web,0.03195689388888892
regular expression,0.03224498222222219
logging,0.03284175388888888
big data,0.03466287055555556
data binding,0.036681287222222136
software engineering,0.03726098111111115
database,0.037484472222222176
software testing,0.03948547166666658
image compression,0.039524166111111064
word embedding,0.04103042500000004
object–relational mapping,0.04145586500000001
optical character recognition,0.04239921222222223
data structure,0.04329066166666662
data,0.044259309444444395
convolutional neural network,0.04452037666666667
information extraction,0.045321274444444476
e-commerce,0.045732772222222245
File Transfer Protocol,0.04704341333333337
backup,0.04788625444444444
software development,0.04821242722222219
web scraping,0.04839766499999992
file system,0.0508376783333333
data compression,0.053432929444444444
integrated development environment,0.05480837277777775
computer data storage,0.058450485555555515
encryption,0.06068801777777774
serialization,0.06310205888888887
