domain,diff
automation,0.0001111794444444425
web service,0.00022837888888888047
code generation,0.0005827749999998688
benchmark,0.0007940677777777405
content management system,0.0010709711111111242
static program analysis,0.0012316394444444323
client,0.001387971111111136
stream processing,0.0016833911111110433
computer science,0.002450054444444405
front end,0.0028162344444445098
functional programming,0.0029042144444443307
web server,0.0029634672222221825
streaming media,0.003328624999999974
server,0.003465327777777749
test automation,0.0034965744444444558
audio signal processing,0.0036946777777778494
static site generator,0.003982379444444462
command-line interface,0.004128135555555634
text processing,0.004195002222222244
distributed computing,0.004587721666666655
unit testing,0.004700464999999987
embedded system,0.0049715805555555215
graphical user interface,0.005214741666666578
HTTP server,0.005292218333333348
back end,0.005432333888888863
web application security,0.006305623888888889
operating system,0.006721388888888874
smart contract,0.006760050555555619
continuous integration,0.007462898888888847
instant messaging,0.007630335000000044
cloud computing,0.008600972777777743
validator,0.009749205555555585
information processing,0.010192065000000028
logging,0.010389012222222244
search engine,0.011342509444444399
artificial intelligence,0.01245511833333332
recommender system,0.01262460444444441
user interface,0.013205302222222298
distributed system,0.013581630000000039
web application,0.01367200888888892
stock market,0.014061177222222193
signal processing,0.014115482222222198
game engine,0.014158498888888982
language model,0.014516727222222248
mathematics,0.014725422777777719
static program analysis tool,0.014787656666666649
computer configuration,0.014935353888888891
sentiment analysis,0.015028575555555562
electronic trading platform,0.015879028888888896
application performance management,0.01638915277777775
website,0.016695998888888897
database management,0.016984149444444457
compiler,0.017768135000000018
dependency injection,0.01810861555555554
World Wide Web,0.019076381111111096
microservices,0.019169906666666736
Parser combinator,0.01968867833333332
File Transfer Protocol,0.020335352222222214
genetic algorithm,0.020511663333333346
blockchain,0.020645632222222238
Web Components,0.02098711444444451
search,0.021119177777777803
text mining,0.021361115000000014
distributed database,0.021454071111111195
package management system,0.021866048333333277
sequencing,0.021907098888888976
natural language processing,0.021974017222222197
software testing,0.023496583888888894
graph algorithm,0.023684928888888873
mathematical optimization,0.024126111111111098
geographic information system,0.02468739666666664
penetration test,0.02470882999999996
algorithmic trading,0.02483626611111109
artificial neural network,0.02515635388888887
web crawler,0.025280959444444473
analytics,0.02614502777777769
text editor,0.02618324777777775
translation,0.02644950500000004
algorithm,0.026506860555555567
machine translation,0.027392588333333384
machine learning,0.027451609999999987
security,0.02781492499999999
file system,0.028255013888888902
evolutionary algorithm,0.02877552166666661
network analysis,0.02926380222222222
data science,0.02953159777777775
text classification,0.029968024444444408
big data,0.030854202222222182
neural machine translation,0.030869478888888885
telecommunications network,0.03125005722222218
time series,0.03141813444444444
natural language,0.031576649444444466
data binding,0.0316701511111111
object detection,0.031792945555555535
deep learning,0.03188238111111119
regular expression,0.033049599444444466
random forest,0.034526436111111086
reinforcement learning,0.03453330333333332
database,0.034884020000000016
anomaly detection,0.035204143333333326
serialization,0.03582265277777774
computer data storage,0.03585440277777774
support vector machine,0.03609566166666661
data visualization,0.036145545
cryptocurrency,0.036402382222222224
pattern matching,0.03696048944444441
linear regression,0.03700437833333331
regression analysis,0.03710542166666664
data compression,0.037701444444444454
long short-term memory,0.038416787777777794
question answering,0.03869161722222217
Kalman filter,0.03899209777777779
optical character recognition,0.04013720055555556
data analysis,0.04032971000000002
image classification,0.04084952499999994
software development,0.04126036388888893
data mining,0.04127760833333327
data,0.041316348888888965
object–relational mapping,0.04132224944444446
classification,0.04138340111111102
information extraction,0.04140214500000006
information retrieval,0.04222255555555551
linear algebra,0.04244718333333336
cluster analysis,0.046167815000000056
logistic regression model,0.04668874833333331
sorting algorithm,0.047211257777777765
convolutional neural network,0.05025142499999999
statistics,0.050500983888888906
named-entity recognition,0.05326637444444443
data structure,0.05448376944444447
