domain,diff
data structure,4.6927232142834896e-05
Containerization,9.425723214284698e-05
language model,0.00011938964285715392
linear algebra,0.0003581852678571362
penetration test,0.000572422499999975
code generation,0.0007172489285713901
digital audio,0.0008576067857142822
network security,0.0008750752678572116
command-line interface,0.000954054464285703
compiler,0.0010138591964285737
e-commerce,0.0010924480357142607
internet bot,0.0011145294642856685
HTTP server,0.0012037524107142428
electronic trading platform,0.0013679700892857138
machine learning,0.0014156303571428719
digital image processing,0.0014170484821428575
support vector machine,0.0017015007142856808
face detection,0.0017568826785714364
continuous integration,0.0018699381249999703
text processing,0.0019007907142857272
server,0.002020614464285697
telecommunications network,0.0022864912499999945
image segmentation,0.002360761517857163
static program analysis tool,0.0023652866964286035
computer configuration,0.002382004107142871
web browser,0.0024067276785714187
benchmark,0.002631215357142863
synchronization,0.002746959196428561
mobile application development,0.002795456964285764
artificial intelligence,0.002852516249999937
algorithmic trading,0.003253242589285693
operating system,0.0032860904464285523
education,0.003481952857142867
information retrieval,0.0035696191071428185
game engine,0.003667169553571409
static program analysis,0.0038710919642857555
data,0.004020264464285717
virtual reality,0.004112887589285713
distributed multimedia communications platform,0.0042937045535713925
image recognition,0.004343383660714323
reactive programming,0.004528553660714252
lexical analysis,0.004621849999999983
artificial neural network,0.004717803482142846
game server,0.004765153660714255
optical character recognition,0.004791492321428559
text classification,0.00481087375
Kalman filter,0.004856577232142861
integrated development environment,0.005048251964285655
virtual machine,0.005401473839285742
security,0.00554174776785718
linear regression,0.005622041339285705
router,0.005660863392857124
HTTP client,0.005669041607142822
analytics,0.005721365625000002
algorithm,0.005845251160714354
reinforcement learning,0.005845467321428627
stream processing,0.006079207500000072
internet of things,0.006095681339285675
information extraction,0.006143313124999938
distributed database,0.006512951964285779
continuous delivery,0.006522631875000018
Malware Analysis,0.006743492321428596
signal processing,0.006910506607142847
WebSocket,0.007260338214285705
object detection,0.007439757946428566
data compression,0.007491752142857189
stock market,0.007988495714285726
File Transfer Protocol,0.00803999651785714
computer vision,0.008539016428571439
statistics,0.008673834196428531
long short-term memory,0.008940326160714274
distributed computing,0.009070626517857144
content management system,0.009215075357142832
Q-learning,0.009250966339285738
data mining,0.009267887232142863
software testing,0.0093341673214285
random forest,0.009362342321428546
logging,0.00946519374999999
graph database,0.009474786607142877
middleware,0.009564392499999963
web browser engine,0.009606693839285668
facial recognition system,0.009642261517857104
data analysis,0.00976302678571428
translation,0.010048912410714317
instant messaging,0.010049724910714264
web application,0.010082762767857134
big data,0.010422042589285696
unit testing,0.010507150267857146
static site generator,0.010617134642857073
anomaly detection,0.01077898321428572
digital security,0.010849408571428576
3D modeling,0.011198454999999968
deep learning,0.011315615624999997
search,0.011380543571428536
search engine,0.011438290000000018
database,0.01162137142857142
computer data storage,0.011849181607142878
web server,0.0121893158928571
test automation,0.012483133035714328
automated machine learning,0.012542731607142837
word embedding,0.01263147205357143
game,0.01266691687499999
package management system,0.01270968705357145
convolutional neural network,0.012793943392857138
"extract, transform, load",0.012815194642857186
sorting algorithm,0.013072084374999987
automation,0.013461440178571427
graphical user interface,0.013521403392857151
malware,0.013597396696428593
network monitoring,0.014077504017857123
streaming media,0.01414758982142858
deep neural network,0.014632087589285747
smart contract,0.014706118749999997
Web Components,0.015115244642857184
video processing,0.015173170446428602
audio signal processing,0.015488362678571427
user interface,0.0157540654464286
plot,0.015859256785714315
encryption,0.01623235973214282
design,0.01625011232142856
website,0.016335498571428575
database management,0.016532953839285658
information processing,0.016582957232142842
World Wide Web,0.016800305535714266
cryptocurrency,0.01705880767857143
cloud computing,0.017576034732142892
time series,0.017746081071428554
Bayesian inference,0.018448076517857126
documentation,0.018670251875000043
application performance management,0.01923688142857144
Semantic Web,0.01928868955357141
data visualization,0.019291980000000014
front end,0.019386200535714326
file system,0.020432634107142827
scheduler,0.020832901607142906
pattern matching,0.020946691249999955
web service,0.021206203214285735
network analysis,0.021473469285714336
topic modeling,0.02157725848214284
business dashboard,0.02206933053571425
hyperparameter optimization,0.022134940624999988
geographic information system,0.02224993008928572
distributed system,0.022757968303571435
web crawler,0.023474876874999967
regular expression,0.02483602089285719
backup,0.025101176785714246
embedded system,0.025766649107142825
serialization,0.02651958151785716
geographic information,0.027244576517857166
dependency injection,0.027307468750000008
back end,0.028422229285714196
password manager,0.0285176249107143
blockchain,0.028545866785714302
microservices,0.029321554375000114
authentication,0.029593761339285735
recommender system,0.031004399374999964
Parser combinator,0.031738545624999975
web application security,0.03352803562499998
web scraping,0.03373035535714289
client,0.035898375982142905
web development,0.036377871071428536
debugging,0.041350223392857155
data binding,0.043840940446428556
object–relational mapping,0.04389807026785719
validator,0.0469892223214286
