domain,diff
client,0.0002142711111110529
computer data storage,0.0002434233333333813
recommender system,0.0002492388888888919
data visualization,0.0006999250000000179
instant messaging,0.000991356111111119
website,0.001134269999999965
serialization,0.0013815088888889104
text classification,0.001459740555555561
static site generator,0.0015913305555556034
operating system,0.001679206666666655
data,0.0018331344444444397
package management system,0.0019311150000000388
command-line interface,0.002502626666666674
user interface,0.0027088116666667272
continuous integration,0.0028178155555555473
application performance management,0.003416207777777791
design,0.0039597883333333805
web application security,0.004383208888888879
dependency injection,0.0045839355555555295
question answering,0.004705414999999991
embedded system,0.005388646666666608
kernel,0.005431957222222256
World Wide Web,0.0054860138888888355
streaming media,0.005529299444444413
documentation,0.005655283333333316
file system,0.006214633888888876
data structure,0.00665354944444449
web crawler,0.007057545555555544
smart contract,0.007417868888888901
object detection,0.007757069444444459
web scraping,0.008036289444444455
analytics,0.008283222222222192
support vector machine,0.008935676111111124
logging,0.008947654444444453
automation,0.008957288333333313
database,0.009190954444444455
penetration test,0.00951511611111111
object–relational mapping,0.009571558333333369
machine learning,0.009646248333333274
data binding,0.00974146833333328
geographic information system,0.010247378333333307
content management system,0.01025736999999996
DevOps,0.010291666666666588
big data,0.010664479999999976
web service,0.010673396666666612
linear regression,0.010776255000000012
graph database,0.011127405555555553
data analysis,0.011641348333333329
natural language processing,0.01204771666666668
back end,0.012125081666666648
malware,0.012825537777777785
optical character recognition,0.013700533888888866
word embedding,0.013895743888888895
pattern matching,0.014032866666666699
WebSocket,0.014255975555555578
digital security,0.014505663333333335
cluster analysis,0.01482787499999999
password manager,0.015396826666666641
software architecture,0.016973511666666607
regular expression,0.01705552611111108
language model,0.017583778888888874
computer configuration,0.017685204444444436
algorithm,0.018783817222222193
HTTP client,0.019349205000000008
blockchain,0.01948635166666668
game server,0.020359112777777744
digital image processing,0.021337800000000018
benchmark,0.021381440555555575
long short-term memory,0.021586467777777757
distributed database,0.02190676444444442
File Transfer Protocol,0.02271956833333333
scheduler,0.022774527222222174
unit testing,0.02280859111111111
web application,0.022991391666666666
information processing,0.024186492222222133
reactive programming,0.024476709999999957
stream processing,0.024789624999999982
Malware Analysis,0.024961480555555554
distributed computing,0.02758186166666665
test automation,0.028845087222222232
web server,0.028969720000000004
data compression,0.029172188888888922
security,0.03012678555555559
microservices,0.03066335777777779
server,0.030806378333333218
graphical user interface,0.031013883888888844
Web Components,0.031493873888888885
HTTP server,0.03230528499999996
"extract, transform, load",0.03290236277777778
static program analysis,0.03358796499999997
signal processing,0.03384264888888894
distributed system,0.034332447777777775
distributed multimedia communications platform,0.03493897111111113
virtual machine,0.03513859999999994
software testing,0.035486366111111084
reinforcement learning,0.035671372222222275
digital audio,0.0365661261111111
game engine,0.03854994444444437
telecommunications network,0.03993185833333329
web development,0.03999653222222224
functional programming,0.04042447499999999
continuous deployment,0.04125635611111109
static program analysis tool,0.04259945166666668
internet of things,0.045845149444444455
network monitoring,0.0493229738888889
cloud computing,0.04985382499999996
network security,0.050051498333333305
text processing,0.05092146111111112
software development,0.05098526388888888
integrated development environment,0.05267946722222219
middleware,0.05519662277777776
compiler,0.06743347833333335
