domain,diff
web application,0.0005210300000000057
smart contract,0.0009079238888889396
application performance management,0.0011102433333332606
static program analysis,0.002313226111111122
audio signal processing,0.002348293333333279
continuous integration,0.0028226199999999424
client,0.0031133738888889095
web service,0.0031241222222222753
content management system,0.003712582777777751
server,0.004183072777777852
stock market,0.0042680850000000325
search engine,0.00529526055555557
code generation,0.006031135555555511
mobile application development,0.0060368611111111525
functional programming,0.006786613333333302
benchmark,0.006976419444444437
computer science,0.007471731111111102
text processing,0.007730789999999987
Parser combinator,0.007833962777777814
web server,0.00834529500000003
Web Components,0.008346667777777761
analytics,0.008467702222222179
distributed computing,0.009279452777777808
distributed database,0.009296008888888901
HTTP client,0.009316329444444466
signal processing,0.009452126666666616
stream processing,0.009912928888888839
distributed system,0.009936467777777735
language model,0.009940062222222212
software architecture,0.010054195555555645
algorithm,0.01059941944444448
recommender system,0.010830546666666635
software testing,0.010837149444444416
static program analysis tool,0.011056185555555542
software design pattern,0.011219042222222197
unit testing,0.011303827777777747
graph database,0.011666924999999967
embedded system,0.012341016111111158
artificial intelligence,0.012642059444444464
HTTP server,0.012666795000000036
dependency injection,0.01310914944444444
graphical user interface,0.013118326111111134
visualization,0.013482369999999966
continuous deployment,0.01409772555555558
command-line interface,0.014139151666666683
front end,0.014251734444444414
back end,0.014427409444444483
digital audio,0.014725923888888853
evolutionary algorithm,0.014878409444444435
algorithmic trading,0.0149972438888889
test automation,0.015055435000000006
microservices,0.015303709444444397
blockchain,0.015431395555555533
game engine,0.01606532888888884
scheduler,0.01615158499999997
digital image processing,0.016443536111111184
natural language processing,0.016482180555555642
web application security,0.017272940000000014
design,0.017582328888888915
data analysis,0.017771344999999994
geographic information system,0.01815657666666662
information processing,0.01816493500000005
graph,0.018299949444444408
distributed multimedia communications platform,0.01838928611111104
cloud computing,0.018864987222222213
streaming media,0.019068192777777743
graph algorithm,0.019190572777777748
electronic trading platform,0.0195159105555556
data mining,0.020060241666666645
big data,0.02013223888888882
sorting algorithm,0.0202820866666667
cluster analysis,0.02158966555555558
data science,0.021601102777777798
automation,0.02221295000000001
web crawler,0.022319089444444495
regression analysis,0.02253271000000004
validator,0.02274533166666662
database,0.022769230555555464
search,0.022797244999999994
machine learning,0.022989550000000053
data visualization,0.023140547222222224
computer configuration,0.023652358888888864
computer vision,0.02396459277777782
logging,0.024009058888888823
synchronization,0.024656434444444514
instant messaging,0.025836220555555595
text classification,0.025956756666666664
data structure,0.026367345555555532
linear regression,0.026472350555555607
object–relational mapping,0.02689937166666667
file system,0.028034611111111163
website,0.02808218833333337
time series,0.02836410888888896
operating system,0.028593213888888885
facial recognition system,0.028624663333333356
data,0.029436844444444388
World Wide Web,0.03002784055555552
internet of things,0.030449837777777794
object detection,0.030635026111111074
data compression,0.03080004555555549
compiler,0.030995979444444488
telecommunications network,0.0315494683333333
natural language,0.03197976777777778
web browser,0.0321438722222222
package management system,0.03250637833333336
face detection,0.0337499688888889
support vector machine,0.03409959500000004
software development,0.03437770833333326
image recognition,0.03541534444444444
deep learning,0.03568265722222219
serialization,0.03608181166666655
user interface,0.0362151361111111
internet bot,0.037133598888888925
File Transfer Protocol,0.037536667222222236
regular expression,0.038034054444444465
anomaly detection,0.03809709388888885
word embedding,0.03879003777777776
deep neural network,0.039936452222222224
Naive Bayes classifier,0.04080884555555553
penetration test,0.04104633611111108
integrated development environment,0.04129969833333336
pattern matching,0.04142976222222225
home automation,0.04215293722222224
computer data storage,0.04270560222222222
data binding,0.04426772666666662
backup,0.04442012333333337
long short-term memory,0.04535192222222223
named-entity recognition,0.049444418888888925
optical character recognition,0.04974703444444445
security,0.051606835555555564
reinforcement learning,0.052451334444444414
Kalman filter,0.053874675000000094
digital security,0.05559143111111117
encryption,0.05953440666666662
