domain,diff
game server,0.0002099927777777788
application performance management,0.0004914950000000085
distributed computing,0.0007026827777778522
server,0.0009029849999999118
embedded system,0.0010998372222221775
sentiment analysis,0.0012919238888888795
object–relational mapping,0.0016600799999999805
unit testing,0.0023604661111111536
web application,0.002734226666666645
command-line interface,0.002973047222222136
smart contract,0.0031467138888888746
information processing,0.0031788733333333874
stock market,0.003450652777777785
graphical user interface,0.0040917266666666285
static site generator,0.004096850000000041
operating system,0.004213974444444463
client,0.0042863022222222324
front end,0.004297216666666631
artificial intelligence,0.004446739444444431
Web Components,0.004956208333333378
natural language processing,0.005255998333333289
content management system,0.005637311111111182
real-time computing,0.0056702394444445026
plot,0.0057410594444444185
artificial neural network,0.007236597222222224
distributed database,0.007239460000000031
Containerization,0.007343893333333296
topic modeling,0.007639150555555557
microservices,0.0076668388888888606
knowledge graph,0.007688638333333303
continuous integration,0.007753479444444433
graph database,0.007918108888888914
test automation,0.008009849999999985
database management,0.008879371111111117
design,0.009108688888888883
audio signal processing,0.009681982777777765
pattern matching,0.010118746111111132
serialization,0.010123748888888895
distributed system,0.010253803333333367
stream processing,0.01028864555555542
automation,0.010536449999999975
benchmark,0.010757879444444396
recommender system,0.010980416666666687
back end,0.011082568888888922
signal processing,0.011109063888888854
regular expression,0.013157081666666653
static program analysis,0.013937898333333254
digital audio,0.014382498888888845
package management system,0.01481512555555553
visualization,0.015646012777777774
database,0.01606294555555554
user interface,0.016079559444444474
web service,0.016137932777777725
data binding,0.01712044999999998
instant messaging,0.017386551111111065
digital image processing,0.017649727777777846
streaming media,0.017888726111111114
file system,0.01800918388888892
software testing,0.018080686666666707
word embedding,0.01816294500000004
data structure,0.018709111111111065
language model,0.018782696666666654
computer configuration,0.01909232500000002
data science,0.01921459277777776
augmented reality,0.0192352094444444
static program analysis tool,0.019335927222222216
web application security,0.01976301333333333
cloud computing,0.01997049055555558
Image analysis,0.02001902555555557
audio player software,0.02020978888888894
backup,0.02044757333333333
graph,0.02094437777777783
text classification,0.0213409366666667
machine learning,0.021381960000000005
text processing,0.02142010611111117
long short-term memory,0.02223148666666666
dependency injection,0.02329325388888895
password manager,0.023567769444444497
image compression,0.023611302777777815
support vector machine,0.023627553888888875
data compression,0.024210649444444454
big data,0.025213904444444435
geographic information system,0.025256961111111087
object detection,0.02531889722222222
distributed multimedia communications platform,0.02574298444444445
data mining,0.026290977222222206
website,0.027798979999999918
analytics,0.028038721666666738
web server,0.02823997999999997
logging,0.028790942222222227
data visualization,0.029901174444444456
computer data storage,0.03010398388888888
cluster analysis,0.0319051572222222
HTTP client,0.03279755666666667
image classification,0.0340133866666667
HTTP server,0.035060788333333315
WebSocket,0.03596043333333332
data analysis,0.036292515000000025
Naive Bayes classifier,0.03698149888888885
time series,0.03802068111111112
functional programming,0.03871611500000005
game engine,0.03879405777777775
geographic information,0.03992258444444441
File Transfer Protocol,0.04040378777777781
network analysis,0.040656807222222174
World Wide Web,0.04110438777777775
web scraping,0.041175132222222216
data,0.04248882444444452
web crawler,0.04300786000000001
text editor,0.04428659055555553
software engineering,0.0450529511111111
anomaly detection,0.04759664277777775
security,0.047904336666666686
business dashboard,0.049801677222222285
telecommunications network,0.051105087222222234
Kalman filter,0.05415765277777784
penetration test,0.05428859166666658
compiler,0.05664782166666671
digital security,0.05949905777777775
statistics,0.06070124166666674
network security,0.06313973555555558
network monitoring,0.07775968111111115
