domain,diff
streaming media,0.0006791435416666491
application performance management,0.0011699154166666115
web service,0.0011841754861110498
microservices,0.0012002713888888406
test automation,0.0012151129166666497
"extract, transform, load",0.0012928256944444438
Web Components,0.001449634375000064
dependency injection,0.0024538777777777243
game engine,0.0026088231250001037
unit testing,0.002918057708333338
web application,0.0030942722222222496
HTTP client,0.005787648194444495
benchmark,0.005995091458333379
mobile application development,0.008111725138888887
web application security,0.009289983333333363
smart contract,0.009399299375000003
audio signal processing,0.01006070319444441
static program analysis,0.01007621763888883
static program analysis tool,0.010111071597222188
stream processing,0.010155527847222123
automation,0.011145685069444411
real-time computing,0.011301484097222203
graphical user interface,0.011392146944444348
scheduler,0.011525524305555535
software architecture,0.012497177777777813
text processing,0.01293066840277779
code generation,0.012994914999999996
command-line interface,0.01315086229166662
validator,0.013334401319444522
static site generator,0.014632749305555498
content management system,0.015047995069444486
embedded system,0.015182656111111137
video game development,0.015290042152777739
functional programming,0.015444831180555507
productivity,0.015900611666666675
software testing,0.016160611597222235
continuous delivery,0.016233198541666632
digital audio,0.017266389374999996
web browser,0.017283817777777766
instant messaging,0.017350537638888858
package management system,0.018030005902777757
web browser engine,0.01853062291666674
HTTP server,0.018611820555555547
client,0.01862077777777771
backup,0.020113769444444457
database management,0.020263463541666665
translation,0.020714954930555585
compiler,0.021014152916666695
search,0.021746147291666656
back end,0.021918306597222242
Parser combinator,0.02234336368055556
stock market,0.022843658402777745
server,0.02302924930555561
logging,0.024529196388888813
virtual machine,0.024567141319444513
operating system,0.02471930090277777
web server,0.02527588451388882
signal processing,0.02595218722222223
analytics,0.027821798680555482
user interface,0.02835559874999999
regular expression,0.029108377916666678
software development,0.02948375166666667
file system,0.029712235347222227
geographic information system,0.030367891249999945
information processing,0.030450373680555642
time series,0.030750142986111118
serverless computing,0.031205702569444438
cryptocurrency,0.03156034500000002
electronic trading platform,0.031790351041666665
search engine,0.03346466069444448
website,0.03378606298611114
web crawler,0.033926128402777755
middleware,0.034552085138888855
data compression,0.0345766761805556
digital image processing,0.03567464972222223
data analysis,0.03666601673611111
File Transfer Protocol,0.03680987715277778
artificial intelligence,0.037198023888888904
penetration test,0.03734410458333337
serialization,0.03804387270833329
database,0.038334852361111116
internet bot,0.03855651611111108
data binding,0.03901545131944442
blockchain,0.0391908991666666
data,0.039370276597222226
design,0.040032851319444396
sorting algorithm,0.04082814798611106
language model,0.04087907729166668
digital security,0.04211609166666666
security,0.0428116645138889
algorithm,0.043007719236111075
World Wide Web,0.04317931777777778
recommender system,0.04319866402777772
big data,0.04333901062499995
distributed system,0.04357426666666664
statistics,0.04400801819444444
computer data storage,0.04528962958333335
natural language processing,0.04537329881944441
distributed multimedia communications platform,0.04542375416666669
cloud computing,0.045942682291666675
distributed database,0.04594871583333332
distributed computing,0.04609321138888889
natural language understanding,0.046491007152777736
Semantic Web,0.04669840111111109
algorithmic trading,0.04697229194444444
facial recognition system,0.04794400500000004
text classification,0.048845384097222166
Kalman filter,0.04897588430555555
genetic algorithm,0.049661204236111006
transfer learning,0.049991483402777814
artificial neural network,0.05039535555555555
data science,0.05049287729166674
internet of things,0.05180713875000001
optical character recognition,0.052000096180555566
cluster analysis,0.05225745479166666
computer configuration,0.052629191666666714
image recognition,0.05351694375000002
data mining,0.054038935555555584
pattern matching,0.05412730270833335
natural language,0.05417527645833334
hyperparameter optimization,0.054181723958333344
linear regression,0.054245135
machine learning,0.056104892708333326
evolutionary algorithm,0.05689552388888891
information retrieval,0.05697685659722221
computer vision,0.057507107013888864
Naive Bayes classifier,0.05771880895833334
face detection,0.05795736902777773
computational biology,0.05822970354166662
logistic regression model,0.05926367319444445
support vector machine,0.06000099118055549
mathematical optimization,0.062410356180555626
object detection,0.062435266458333305
Bayesian inference,0.06426715979166675
data structure,0.06448590180555558
word embedding,0.06634660062500003
long short-term memory,0.06697478944444443
graph database,0.06732998659722217
telecommunications network,0.06786370902777775
network analysis,0.06801033263888889
reinforcement learning,0.06900831111111116
object–relational mapping,0.06957762013888888
graph algorithm,0.07452834590277777
deep neural network,0.07525350756944443
convolutional neural network,0.08152436458333329
