domain,diff
object detection,0.00026076277777778434
static site generator,0.00033861499999998657
embedded system,0.0008896961111111712
artificial neural network,0.0009381383333333104
time series,0.0010250444444444007
image recognition,0.0011373649999999735
object–relational mapping,0.0012857811111111062
pattern matching,0.0013014944444444398
synchronization,0.0013331377777777709
operating system,0.0013778555555555572
stream processing,0.0015235344444444188
content management system,0.0024988627777777217
linear regression,0.002730365555555586
support vector machine,0.0030205683333333344
cluster analysis,0.003046472777777698
face detection,0.0031195794444444647
unit testing,0.003184033333333336
static program analysis,0.004211532222222203
database,0.004387757222222233
microservices,0.004779233888888901
distributed computing,0.004942442222222232
data compression,0.0050253316666666326
regression analysis,0.005070767222222244
data analysis,0.005093880555555541
word embedding,0.0051807600000000065
data structure,0.005539081111111149
design,0.006441962222222236
classification,0.006607919444444416
big data,0.007021212777777758
digital audio,0.007167062222222187
virtual reality,0.007299104444444482
regular expression,0.007364496666666692
dependency injection,0.007646026666666583
computer vision,0.007656117222222231
artificial intelligence,0.007672812222222186
kernel,0.008475429444444432
user interface,0.008477788333333292
computer configuration,0.00863185777777778
mobile application development,0.008805283333333302
web application,0.009637104444444378
information processing,0.010553489444444397
facial recognition system,0.010581512777777774
smart contract,0.01065942277777776
language model,0.010684925555555502
reactive programming,0.011030866666666694
recommender system,0.01112640833333331
application performance management,0.011346770000000006
automation,0.011826942222222248
Web Components,0.01198478944444445
distributed database,0.013627743333333303
website,0.013714474999999976
data,0.01391279833333331
analytics,0.014403695555555596
client,0.014517078333333322
long short-term memory,0.01501066222222222
virtual machine,0.015675374444444418
test automation,0.01573290555555551
continuous integration,0.01587328277777772
sentiment analysis,0.01654053055555557
signal processing,0.017462022222222207
command-line interface,0.017505417222222208
distributed system,0.017565889999999945
network analysis,0.017701876111111098
data binding,0.017892203888888875
social network,0.018357187222222265
graphical user interface,0.01843219000000007
digital image processing,0.01869248444444438
cloud computing,0.018954444999999986
file system,0.01899801277777785
benchmark,0.019094036666666703
deep neural network,0.019532821666666672
web crawler,0.021521486666666645
streaming media,0.021689289444444426
penetration test,0.02214926500000003
computer data storage,0.024388047777777755
logging,0.024485514444444495
back end,0.02450555333333329
game server,0.025066329999999998
package management system,0.025407057777777742
blockchain,0.02616999888888888
web application security,0.026440634444444444
digital security,0.028829807222222198
instant messaging,0.02928976333333333
audio signal processing,0.03006877666666663
web scraping,0.030105391666666648
World Wide Web,0.03150131500000003
game engine,0.03316255166666657
web service,0.033864091111110994
software testing,0.03499212500000004
security,0.03584802166666662
distributed multimedia communications platform,0.037088831111111054
server,0.03831185666666659
backup,0.03953737611111119
middleware,0.03997792388888893
internet bot,0.042202563333333304
network monitoring,0.04266035777777777
WebSocket,0.049850455555555506
telecommunications network,0.05015428444444445
serialization,0.05123491722222223
web server,0.05227569166666665
network security,0.055098043888888865
File Transfer Protocol,0.056042267222222275
software development,0.05608424000000001
HTTP client,0.0670967861111112
HTTP server,0.06937043833333334
