domain,diff
validator,0.000990405555555518
regular expression,0.0016843027777777297
website,0.0017063972222222668
pattern matching,0.0017235900000000803
facial recognition system,0.0017388044444444362
automation,0.0017772161111110907
continuous integration,0.0019660416666666958
computer configuration,0.002212098333333329
object–relational mapping,0.0022892744444444613
translation,0.0023716183333332974
logging,0.003106936111111125
embedded system,0.0031715088888888965
static program analysis,0.003241635555555511
operating system,0.003508033333333327
Parser combinator,0.004046288333333259
data binding,0.004293027222222273
streaming media,0.004692191666666623
support vector machine,0.005108419444444401
face detection,0.005694641111111121
object detection,0.005742599444444441
computer data storage,0.0058765249999999936
World Wide Web,0.006073594444444386
application performance management,0.006151708888888885
big data,0.006820686666666659
unit testing,0.006996719999999956
client,0.007049669444444406
deep neural network,0.007337918333333304
mobile application development,0.007367786111111163
password manager,0.007477611666666717
back end,0.007523605000000072
user interface,0.00831433555555558
linear regression,0.00876133833333334
long short-term memory,0.008933592777777805
web application,0.009529754999999973
regression analysis,0.009625806666666625
word embedding,0.010524137777777776
computer vision,0.010825290000000043
command-line interface,0.011198713888888878
reactive programming,0.011459114444444474
recommender system,0.011768835000000005
distributed database,0.011861728888888867
classification,0.012091826111111065
language model,0.012519528888888909
synchronization,0.012891150555555564
image recognition,0.013362466666666684
natural language processing,0.01341385611111115
file system,0.013507923888888856
email,0.013851596111111086
test automation,0.013953209999999994
design,0.014009423888888844
time series,0.014043837222222216
virtual machine,0.014278062222222193
geographic information system,0.014589674999999969
static program analysis tool,0.014887652777777816
stream processing,0.01495274777777772
penetration test,0.015505778888888877
backup,0.016450197222222268
data structure,0.01661625
network analysis,0.016962634999999976
database,0.0169837072222222
data,0.01789603666666667
microservices,0.01794356500000005
Web Components,0.01948473388888891
dependency injection,0.020297813333333303
server,0.020343146666666534
game server,0.021711206111111103
digital audio,0.021878756666666693
information processing,0.02204402833333341
content management system,0.022858903333333375
analytics,0.023039937222222195
distributed computing,0.023466237777777788
distributed system,0.023691890555555567
web application security,0.025717401111111093
digital security,0.025798739444444413
scheduler,0.026397041111111075
web server,0.02792151222222225
benchmark,0.028016046666666655
web service,0.029191938333333334
signal processing,0.02927567833333336
package management system,0.029457371111111075
instant messaging,0.029481816111111114
serialization,0.031808238888888896
digital image processing,0.03184843722222219
software testing,0.03185847555555557
blockchain,0.03290473277777775
audio signal processing,0.03413569055555549
smart contract,0.03455561166666665
web development,0.03475279277777776
security,0.040985825000000004
File Transfer Protocol,0.04132181277777777
text processing,0.04161392499999997
HTTP server,0.04221194277777779
distributed multimedia communications platform,0.04345914944444443
internet bot,0.04472571333333333
middleware,0.04586144333333336
compiler,0.04644667944444447
WebSocket,0.04655788777777775
telecommunications network,0.050913255000000046
HTTP client,0.05182663055555556
software development,0.054064032777777715
integrated development environment,0.0565827794444444
network security,0.06402423499999998
