domain,diff
web browser engine,0.00012829395833330315
artificial intelligence,0.00047860826388892996
unit testing,0.00047915708333334806
translation,0.0007020505555556111
test automation,0.001033790208333274
client,0.0013640534722222375
natural language processing,0.0014242750694444528
web application,0.0014990647222222486
recommender system,0.0016255140972221693
graphical user interface,0.001826845069444527
front end,0.0019256893750000392
microservices,0.002025108263888853
interpreter,0.0027169378472222394
computer science,0.00280119041666671
parsing,0.0028854537500000166
static program analysis,0.0028869348611111345
smart contract,0.0029281568749999765
mobile application development,0.002976261388888901
malware,0.003100365833333313
data compression,0.0032711499305555503
algorithm,0.0034973682638888837
reactive programming,0.0037072848611111597
digital audio,0.003974754375000028
machine translation,0.003979889652777763
digital image processing,0.004052554652777762
shell tool,0.004384638888888848
facial recognition system,0.004450841874999972
Containerization,0.004604319305555604
validator,0.004672136805555532
regular expression,0.004813441666666696
design,0.004873203194444453
kernel,0.004875059583333313
database management,0.005001086666666682
language model,0.005288812083333316
genetic algorithm,0.005512977361111088
continuous integration,0.005580742083333312
dependency injection,0.005595125972222281
optical character recognition,0.005625494305555562
natural language understanding,0.005627116527777726
artificial neural network,0.00600569868055556
sentiment analysis,0.00611224305555555
image compression,0.006124212708333354
signal processing,0.006229749652777838
algorithmic trading,0.006331355069444461
computer programming,0.006380239722222181
embedded system,0.0066660479861111455
computer benchmarking,0.0071015890972222495
computer graphics,0.007208416736111084
debugging,0.007867404166666703
pattern matching,0.007919468333333318
lexical analysis,0.008071868749999989
machine learning,0.008140353958333374
computational science,0.008204800694444403
stock market,0.008312002777777772
linear algebra,0.008513216736111079
rendering,0.008559172222222189
benchmark,0.008659049583333356
real-time computing,0.008752836597222258
web application security,0.008789947708333412
automation,0.009090444444444401
mathematical optimization,0.0091024693055555
stream processing,0.009127211527777734
information extraction,0.009253187430555532
plot,0.009366459583333375
computer vision,0.009591008888888947
sorting algorithm,0.009637258611111116
Semantic Web,0.009857989236111087
package management system,0.009985897777777752
content management system,0.010250853194444437
mathematical finance,0.010328625694444454
DevOps,0.010422720624999937
video processing,0.010546096736111094
Malware Analysis,0.010549460208333361
graph database,0.010988996597222217
topic modeling,0.01105034131944449
information processing,0.011257806805555548
object-oriented programming,0.011402637499999924
documentation,0.011432755069444467
time series,0.011565111111111137
3D computer graphics,0.011590329791666715
graph algorithm,0.011784517777777809
text classification,0.01187075597222223
image recognition,0.012061590000000039
evolutionary algorithm,0.012101935763888905
3D modeling,0.01214903784722221
face detection,0.012455977152777797
analytics,0.012537368680555522
HTTP client,0.012633557569444426
schema migration,0.012697362500000031
neural network,0.012806278194444465
word embedding,0.01288665875000003
hyperparameter optimization,0.012949263958333318
Parser combinator,0.012967573194444415
static site generator,0.013057571805555557
synchronization,0.013167988680555576
visualization,0.013345248263888915
video,0.013364277430555516
data analysis,0.013421960486111079
search,0.013480730416666642
regression analysis,0.013515992777777736
web crawler,0.013609725902777703
geometry,0.01395212152777775
object–relational mapping,0.013970996388888879
data mining,0.014243730555555528
random forest,0.014253048541666619
streaming media,0.01454196520833334
animation,0.014583278541666661
web service,0.014620177361111125
email,0.014649332916666646
database,0.014835152361111104
blockchain,0.014933737291666666
game,0.014973539583333334
command-line interface,0.014991963541666653
image,0.015171835347222246
linear regression,0.015262091250000026
website,0.015406036736111045
code generation,0.015643816249999942
debugger,0.015653170486111062
static program analysis tool,0.015784497222222194
graph,0.015871675416666675
data science,0.016010494166666694
game server,0.016165640763888933
natural language,0.016334082708333336
object detection,0.016370127083333325
geographic information system,0.01664457250000001
deep learning,0.017154588819444427
Web Components,0.017233945
support vector machine,0.017765341180555533
question answering,0.017843315694444445
information retrieval,0.01804089972222217
distributed computing,0.018271487013888865
web scraping,0.018464848958333308
data visualization,0.018491600347222165
classification,0.018771770347222216
scheduler,0.018837469305555576
distributed database,0.01912604333333337
quantum computer,0.0191382634027778
text processing,0.0192439697222222
audio signal processing,0.01924669805555554
image segmentation,0.019268506527777812
server,0.019563924930555587
software design pattern,0.019667070069444403
back end,0.01981739597222215
cluster analysis,0.019847398541666644
user interface,0.019996438125000016
WebSocket,0.02000045006944451
"extract, transform, load",0.02060223555555557
continuous deployment,0.02078992993055559
software architecture,0.020815942222222217
web development,0.021024057083333297
software testing,0.021605659097222174
application performance management,0.021784318958333382
instant messaging,0.021966018263888915
virtual reality,0.02218173541666668
logging,0.022244766388888892
simulation,0.022426214166666653
electronic trading platform,0.022446518541666627
game engine,0.02255060249999999
functional programming,0.022654215694444424
data structure,0.02269390555555556
big data,0.023100928124999948
password manager,0.02332586395833336
operating system,0.0234372996527778
deep neural network,0.02400866756944442
network analysis,0.024024544513888857
cryptocurrency,0.02408405062500002
speech synthesis,0.02418500374999999
web server,0.02452785263888893
audio player software,0.024530154999999942
World Wide Web,0.024632994652777768
digital security,0.024653216666666727
Naive Bayes classifier,0.02476301583333329
data binding,0.024847397569444485
authentication,0.024923277638888935
encryption,0.024996748680555486
continuous delivery,0.02534578979166663
distributed system,0.02576291166666672
syntax highlighting,0.025848064027777756
home automation,0.026036430833333374
data,0.026333459722222258
logistic regression model,0.026527567569444493
image captioning,0.026828803472222218
HTTP server,0.02685137680555555
penetration test,0.0270204470833334
file system,0.027073385972222197
virtual machine,0.027287024444444447
anomaly detection,0.027488358750000025
social network,0.027856490486111107
Bidirectional recurrent neural networks,0.028917883750000012
Q-learning,0.029040462222222257
long short-term memory,0.02972654381944448
Kalman filter,0.03016470368055557
internet bot,0.030748927361111122
serialization,0.03150805333333334
cloud computing,0.03177444479166666
cryptography,0.03218146194444446
computer configuration,0.03256794166666668
internet of things,0.032674877500000005
software engineering,0.03284828562499997
geographic information,0.032938892638888884
File Transfer Protocol,0.0335928565277778
e-commerce,0.03359814708333336
distributed multimedia communications platform,0.034523077291666704
middleware,0.034671610138888864
backup,0.03479396194444445
compiler,0.036342070416666705
security,0.03719502201388886
router,0.03813938624999996
statistics,0.03884176381944443
reinforcement learning,0.039677154236111095
integrated development environment,0.039703305972222214
computer data storage,0.040998654583333294
telecommunications network,0.04136010715277777
routing,0.042164321527777826
software development,0.04322888541666661
business dashboard,0.04630136243055555
network security,0.04719420541666669
network monitoring,0.04917399729166663
