domain,diff
unit testing,0.00030117916666663747
pattern matching,0.00040049249999998815
design,0.0004785580555555502
regression analysis,0.0014612636111111243
recommender system,0.0015306436111110766
graphical user interface,0.0020253752777777967
object detection,0.0020337533333333047
distributed computing,0.0022344005555555158
information processing,0.002267366111111113
data analysis,0.0024542430555555272
data compression,0.002911407777777819
microservices,0.0034022430555555316
linear regression,0.003857449166666721
sorting algorithm,0.003917126944444488
big data,0.00405137333333333
data structure,0.004683203055555557
blockchain,0.004751819999999962
distributed database,0.004919745000000031
validator,0.00541178138888887
distributed system,0.006197612499999949
dependency injection,0.00647010277777782
static program analysis,0.006554493611111101
package management system,0.00663747277777782
support vector machine,0.006663244722222211
machine learning,0.006887006666666723
word embedding,0.006973823333333379
client,0.008340057777777798
automation,0.008689992222222276
smart contract,0.009077151666666644
artificial intelligence,0.01040213694444439
object–relational mapping,0.010582001388888929
digital audio,0.010707374999999963
Web Components,0.010984573333333247
embedded system,0.012155766388888906
database,0.012817665277777723
operating system,0.013501427777777741
regular expression,0.013659184166666671
language model,0.013681854166666674
stream processing,0.014006651111111212
test automation,0.0142777875
data,0.01557554222222221
continuous integration,0.015769130833333284
digital image processing,0.01624202111111106
content management system,0.016485808611111152
reactive programming,0.01668240194444448
software design pattern,0.0167097261111111
scheduler,0.016785235555555555
user interface,0.017430312500000072
documentation,0.01794557861111118
static program analysis tool,0.018315031388888903
streaming media,0.020028664999999973
server,0.020286718888888777
distributed multimedia communications platform,0.02064139833333334
data binding,0.02116864361111112
benchmark,0.021555642500000027
instant messaging,0.022929415555555527
cloud computing,0.0238701375
DevOps,0.023889037499999988
command-line interface,0.024712599166666627
back end,0.024990009722222206
software testing,0.025024608888888827
computer configuration,0.025169817500000025
digital security,0.028056115833333367
website,0.030769687777777777
file system,0.03086999888888886
penetration test,0.031086617500000024
computer data storage,0.033119358333333404
router,0.03320455083333332
telecommunications network,0.0332453236111111
security,0.03520643222222228
logging,0.03661669388888894
WebSocket,0.03837978611111112
web application,0.03991119361111112
software development,0.04108919250000004
compiler,0.041249527499999994
internet bot,0.04279263444444448
World Wide Web,0.0431165277777778
backup,0.044751211944444425
serialization,0.045507595833333386
web service,0.046632861111111035
web application security,0.049224511666666665
web scraping,0.05046420583333333
web server,0.05258466722222216
File Transfer Protocol,0.05398519027777776
HTTP server,0.057988219722222206
HTTP client,0.060900126944444494
