domain,diff
web service,0.00045924968253963083
natural language processing,0.0009136734126984347
website,0.0010117289682539943
World Wide Web,0.0017508392063492195
question answering,0.0025906723015872712
data mining,0.0027484734126984045
language model,0.003723567619047685
linear regression,0.004046228571428556
geographic information system,0.004859028571428586
big data,0.005085574999999953
cloud computing,0.0061256583333333114
data analysis,0.0061863782539682
support vector machine,0.006215607698412673
database,0.006964506111111102
streaming media,0.007358193809523822
client,0.007591925079365042
HTTP server,0.008727688015873009
security,0.008984696031746037
back end,0.009043586349206323
web application security,0.009143829523809516
image recognition,0.009299391428571419
computer vision,0.009381667539682531
machine learning,0.010139620238095143
artificial intelligence,0.012046342539682564
analytics,0.012229551587301574
stream processing,0.012362914206349218
instant messaging,0.013076104682539696
command-line interface,0.01393087047619046
server,0.014518413730158691
object detection,0.014903755238095256
distributed system,0.014987616904761886
smart contract,0.015038012857142846
facial recognition system,0.0159993642857143
web application,0.016042500793650827
content management system,0.016185314126984124
recommender system,0.01628764222222223
natural language,0.01699362904761903
algorithm,0.018369465317460254
penetration test,0.018733120476190496
web server,0.018739328253968235
user interface,0.018883314999999984
information processing,0.019188597301587285
face detection,0.019550290793650782
pattern matching,0.020973771904761906
data binding,0.022736660873015874
static program analysis,0.023086213968253944
telecommunications network,0.024664484920634916
microservices,0.02659515460317463
file system,0.028108442936507966
computer configuration,0.028393736904761907
data compression,0.02853229626984133
File Transfer Protocol,0.02865543920634922
benchmark,0.029638062380952346
graphical user interface,0.030520554841269837
data,0.032693093650793675
Web Components,0.03280595714285711
mobile application development,0.033213804603174635
backup,0.03374261230158729
operating system,0.034263240793650784
automation,0.0347607491269841
data structure,0.03498846841269848
game engine,0.03568580000000002
static program analysis tool,0.037414526507936474
dependency injection,0.04003052293650791
embedded system,0.04060380103174599
application performance management,0.0513755502380952
package management system,0.0531523542063492
serialization,0.07118900904761913
