domain,diff
continuous integration,0.000456633333333345
geographic information system,0.00071531312499995
embedded system,0.002076863611111146
natural language processing,0.0029638061805555005
algorithm,0.003129983263888858
regular expression,0.0031386497916666978
language model,0.003323559583333302
web service,0.0034188738888889514
scheduler,0.0034962506944444804
smart contract,0.0039093912499999495
computer science,0.004099048333333327
digital audio,0.0041983974999999785
analytics,0.004259679930555593
benchmark,0.004661293333333316
microservices,0.004806235138888892
database management,0.004831631041666673
application performance management,0.004873955833333332
digital image processing,0.005320501527777716
distributed computing,0.005825211388888862
computer benchmarking,0.006301409722222151
user interface,0.0065071975000000615
data analysis,0.006513848611111095
schema migration,0.006644909999999948
artificial intelligence,0.00675301986111107
web application security,0.006776101458333378
instant messaging,0.006804956388888894
recommender system,0.0070118590277777615
client,0.007294492222222254
content management system,0.007315103194444422
command-line interface,0.007457068333333344
computational science,0.007674834444444445
data binding,0.007882588194444484
object detection,0.008233140208333295
pattern matching,0.008346877708333394
support vector machine,0.008749046805555577
machine learning,0.008754240833333343
data science,0.008836632916666642
automation,0.009102054930555548
static program analysis,0.009174149236111095
information processing,0.009420726319444406
question answering,0.009823945694444447
data compression,0.009848019930555563
unit testing,0.009920512916666624
time series,0.01031901861111112
kernel,0.011047105416666703
linear regression,0.011787386249999976
data mining,0.012380649930555543
back end,0.01246877222222223
sorting algorithm,0.012780722361111163
email,0.012877825416666683
graph algorithm,0.013314630277777795
random forest,0.013738434791666643
design,0.013793396319444429
validator,0.013925094930555493
stream processing,0.013925439027777764
documentation,0.014172616944444438
web application,0.014186449722222244
distributed system,0.014413029166666647
server,0.014887469305555456
streaming media,0.01511175895833336
test automation,0.015166014791666682
distributed multimedia communications platform,0.015170257916666652
graphical user interface,0.015200616805555622
package management system,0.015650819652777814
Web Components,0.01576494749999996
HTTP server,0.016116199305555523
distributed database,0.01612646645833335
dependency injection,0.016678509097222266
signal processing,0.016706942777777817
object–relational mapping,0.01704683326388895
web server,0.017355115138888877
static site generator,0.01743563430555556
synchronization,0.017446196180555568
graph database,0.017483446597222202
cluster analysis,0.01798030729166672
World Wide Web,0.018335657777777764
static program analysis tool,0.018390130347222144
code generation,0.018416846250000007
website,0.018538055486111094
virtual machine,0.018963698194444406
operating system,0.019696527777777778
virtual reality,0.020845845416666647
image segmentation,0.020888103402777775
password manager,0.021036098958333388
database,0.022154571111111132
software testing,0.02292990097222225
data structure,0.023332690555555508
audio signal processing,0.023439739930555564
penetration test,0.024427366458333294
big data,0.024687979375000002
word embedding,0.02558343875000002
telecommunications network,0.025877839652777762
data,0.026186861597222222
internet of things,0.026519088750000003
game engine,0.02764323187499995
text processing,0.028091740972222223
web development,0.02837606270833337
anomaly detection,0.02867266875000002
blockchain,0.02900117166666663
reinforcement learning,0.03126802236111109
File Transfer Protocol,0.031787587777777765
logging,0.03218129576388892
long short-term memory,0.03306548756944444
functional programming,0.033346471319444404
computer configuration,0.03691114104166665
security,0.03706495201388885
serialization,0.03709226020833334
compiler,0.037671601666666665
digital security,0.038841319166666693
integrated development environment,0.046166280347222255
software development,0.046819036666666675
file system,0.04898131722222224
computer data storage,0.051759437708333356
