domain,diff
Web Components,0.0011041775000000253
streaming media,0.0011238704166666724
distributed system,0.0015511627083333868
web browser engine,0.0017305018749999568
big data,0.0025050010416667323
test automation,0.003202270416666708
support vector machine,0.003828093333333338
server,0.003913304583333277
database,0.004156828333333279
data compression,0.004226147500000027
data structure,0.004671426041666649
object detection,0.005283844374999985
pattern matching,0.00541999708333335
web browser,0.005675776249999986
analytics,0.005726769791666642
computer data storage,0.005862239583333373
File Transfer Protocol,0.006257252708333327
regular expression,0.0065169387500000064
smart contract,0.0066731854166666715
web application,0.0072230743749999715
command-line interface,0.007240179583333339
router,0.007364623749999993
HTTP server,0.009076659791666719
application performance management,0.009134993333333341
language model,0.009306205833333248
content management system,0.009503693333333396
security,0.00972760479166665
distributed computing,0.009757538958333312
random forest,0.009834643749999983
cloud computing,0.010686400208333308
penetration test,0.010841964999999981
automation,0.01087576374999999
web application security,0.011398907291666677
web crawler,0.011461130208333309
HTTP client,0.0114712029166667
computer configuration,0.011702350416666646
user interface,0.01237355270833329
website,0.012857259166666635
logging,0.013663643750000037
object–relational mapping,0.014058788958333346
file system,0.014311953749999967
World Wide Web,0.014422587916666646
web server,0.014890323750000045
text processing,0.015146030000000005
static site generator,0.015204974166666663
data,0.0155081504166667
unit testing,0.01817387854166666
telecommunications network,0.018342879583333277
data binding,0.018975279374999987
instant messaging,0.019959348958333345
package management system,0.020885163958333286
code generation,0.02362136083333341
web scraping,0.02832263916666669
back end,0.030234305833333308
software testing,0.030468505416666597
password manager,0.03348213645833337
client,0.03552811479166662
microservices,0.03865659437500002
web service,0.04375619999999997
