domain,diff
audio player software,0.00010754055555559083
algorithm,0.0001470244444444213
benchmark,0.00030778500000000486
Web Components,0.0008274716666666904
object-oriented programming,0.0009340611111111063
kernel,0.0012539055555555456
dependency injection,0.0013603794444443928
code generation,0.0020081077777778233
static program analysis tool,0.0022171949999999496
search engine,0.0027132749999999872
recommender system,0.003076316666666634
microservices,0.0032215016666666263
computer benchmarking,0.0036357150000000393
web application,0.003838767777777752
digital image processing,0.004101161666666686
stock market,0.004256263888888917
audio signal processing,0.004373945555555536
"extract, transform, load",0.004410012222222204
mobile application development,0.005060742777777738
algorithmic trading,0.005297882777777763
artificial intelligence,0.0055972466666666665
text processing,0.006233937777777809
data mining,0.006276232777777779
animation,0.006441857777777754
sentiment analysis,0.006592386111111126
smart contract,0.0066415499999999406
unit testing,0.006785691666666621
static program analysis,0.007267748888888925
test automation,0.007289513333333331
text mining,0.007292659444444405
computer science,0.0073023727777777325
plot,0.00752435888888886
Semantic Web,0.008467772777777771
game server,0.008488582777777753
graph database,0.008650640555555533
video processing,0.009004933333333326
game engine,0.009102022222222172
application performance management,0.00936662166666663
functional programming,0.009377226111111192
evolutionary algorithm,0.009765561666666617
graph algorithm,0.00985865055555557
analytics,0.00986064666666675
graphical user interface,0.009962731111111178
static site generator,0.010265322222222262
continuous integration,0.010332127777777755
client,0.010732886111111117
facial recognition system,0.010851321666666608
data science,0.011549459444444438
signal processing,0.011563501666666698
virtual machine,0.011726338333333308
Parser combinator,0.011784090000000025
sorting algorithm,0.011836748888888915
machine learning,0.011866723333333357
design,0.012393751111111101
content management system,0.012587938888888872
geographic information system,0.01284335166666667
data analysis,0.01286287611111106
big data,0.013228051111111139
cluster analysis,0.013306063888888886
distributed computing,0.013513156111111091
distributed database,0.013740210000000058
text editor,0.013946963333333284
language model,0.013990966111111058
computational science,0.01404186388888884
computer vision,0.0146442172222222
software testing,0.01465665055555554
DevOps,0.01470859611111111
web browser engine,0.014786585000000074
web development,0.01484051499999997
random forest,0.015097343888888892
validator,0.015382480555555439
server,0.01543373333333331
visualization,0.01554966722222223
data visualization,0.01577387277777781
face detection,0.01634649499999999
automation,0.016650592777777806
linear regression,0.01707282888888889
database,0.01718284444444451
embedded system,0.0174944677777778
package management system,0.017588130555555637
search,0.01780677222222224
object detection,0.0180329977777777
data structure,0.018826318333333425
digital audio,0.01883861666666667
natural language processing,0.019311029444444433
front end,0.019363347777777762
regression analysis,0.019364806111111077
software engineering,0.01937089277777776
image recognition,0.019776951111111135
web application security,0.01993749388888888
graph,0.020036595555555536
linear algebra,0.020539244444444438
augmented reality,0.0210104888888889
natural language understanding,0.021070443333333272
web crawler,0.021506695555555594
web service,0.02162805722222222
computer configuration,0.021642759444444493
scheduler,0.02173390055555552
regular expression,0.0218145716666667
cloud computing,0.021930252222222196
electronic trading platform,0.021959586666666697
distributed system,0.022171512222222245
text classification,0.022229572222222216
blockchain,0.022509333888888927
support vector machine,0.022597467222222223
website,0.0227178888888889
data compression,0.02275634777777774
compiler,0.023113559999999977
classification,0.0232435772222222
information processing,0.023878153888888864
optical character recognition,0.024584449444444434
image segmentation,0.024641253333333335
pattern matching,0.02468557222222223
object–relational mapping,0.02509462888888897
password manager,0.025274014999999983
operating system,0.025870088888888837
web server,0.026856053888888898
image,0.026904249444444445
data,0.027122446666666578
machine translation,0.027230103888888885
time series,0.027780906666666716
file system,0.027884063333333403
continuous delivery,0.027985397777777754
image compression,0.028153617222222205
command-line interface,0.02852479722222223
social network,0.028537052222222192
network analysis,0.028653993333333377
email,0.02923319722222223
information retrieval,0.02923907611111115
cryptocurrency,0.029942026666666677
deep learning,0.030094340555555515
user interface,0.030544012222222194
information extraction,0.030863355555555555
Q-learning,0.0314262661111111
translation,0.03155947166666673
word embedding,0.031880020555555555
synchronization,0.03203949611111115
question answering,0.032053835555555577
software development,0.03217907055555552
HTTP client,0.03236228777777783
penetration test,0.03254648888888889
back end,0.032653256111111056
integrated development environment,0.03337027777777779
quantum computer,0.03341405222222224
web scraping,0.033526477222222184
data binding,0.03360577444444446
HTTP server,0.03451235555555554
stream processing,0.034717130000000096
anomaly detection,0.035065797777777824
World Wide Web,0.03602641611111107
deep neural network,0.03646148166666663
internet of things,0.0368149338888889
reinforcement learning,0.0373095483333333
long short-term memory,0.03771992944444444
natural language,0.037883839999999946
distributed multimedia communications platform,0.039198069999999974
instant messaging,0.039465513333333396
home automation,0.03986113722222223
computer data storage,0.04194637722222222
Kalman filter,0.04248044500000006
digital security,0.042825122222222234
logging,0.04350381055555552
security,0.04383544388888891
router,0.043884677222222224
streaming media,0.04410254277777789
internet bot,0.04542011222222228
backup,0.04688043555555557
WebSocket,0.04996265499999994
File Transfer Protocol,0.050054803888888916
telecommunications network,0.05012530500000004
network monitoring,0.05141932499999996
image captioning,0.05196992944444445
encryption,0.05799276944444445
serialization,0.06025055055555553
