domain,diff
test automation,0.0007753259523809453
automation,0.006133204444444373
support vector machine,0.007374016269841327
instant messaging,0.007715568888888913
microservices,0.00787387539682538
web server,0.008355111031746021
Web Components,0.009303563571428586
server,0.00969775984126986
web crawler,0.010334163492063536
World Wide Web,0.01204238134920635
static program analysis,0.012371387539682532
streaming media,0.012389201666666683
data analysis,0.012886821111111169
client,0.013065106349206268
information processing,0.01388531515873015
object detection,0.014605461904761863
penetration test,0.014763563333333313
artificial intelligence,0.015497036031746014
package management system,0.016767692777777787
HTTP server,0.018350944126984126
linear regression,0.018745688571428526
web application,0.019835071349206368
logging,0.02104216674603171
HTTP client,0.021857130158730143
language model,0.024308726666666614
big data,0.024340651428571447
unit testing,0.025873291904761897
stream processing,0.027182183492063416
smart contract,0.02745741928571438
web service,0.030369307539682477
web application security,0.03124226976190478
file system,0.03170142579365076
software testing,0.03370808865079372
user interface,0.034380202142857114
regular expression,0.035197909523809495
File Transfer Protocol,0.03580975134920639
benchmark,0.037012587380952394
database,0.043971849682539726
data,0.04408329650793652
data binding,0.05397807801587312
data structure,0.06203633555555549
object–relational mapping,0.07653534817460317
serialization,0.11442732261904753
