domain,diff
computer science,0.0001598944444445305
distributed system,0.0001940827777777432
functional programming,0.00027550166666667764
embedded system,0.0004040533333333207
education,0.0005140800000000001
web application,0.0005317155555555619
code generation,0.0005830155555555105
test automation,0.0008285622222221622
static program analysis,0.0009255044444444471
text processing,0.0010596366666665857
graphical user interface,0.0011856955555556437
computer programming,0.0018331355555554762
engineering,0.0019360027777778066
debugging,0.0020235588888889156
game server,0.002035217222222274
smart contract,0.002167785555555579
benchmark,0.002239966666666593
signal processing,0.0025030383333333184
stream processing,0.002601304999999998
3D modeling,0.003008114444444432
streaming media,0.0033203461111110666
content management system,0.0035894849999999756
distributed computing,0.0037283711111111284
web browser engine,0.0043084644444444375
object-oriented programming,0.004322112777777776
unit testing,0.0043647038888887935
kernel,0.004392736111111101
continuous deployment,0.004615137777777861
automation,0.004643689999999923
digital image processing,0.004717927777777714
virtual machine,0.005048580555555543
science,0.005247400000000013
virtualization,0.005478453333333383
animation,0.005615388888888906
client,0.0057036272222222295
mathematics,0.00588218500000004
web service,0.00593820166666667
sentiment analysis,0.006322037777777845
synchronization,0.006391306111111161
computer graphics,0.006417092777777855
web application security,0.007605257222222189
3D computer graphics,0.0076672061111110745
front end,0.007967884999999952
cloud computing,0.008149827777777785
visualization,0.008431510555555521
audio signal processing,0.00843292499999998
shell tool,0.008569508333333364
design,0.008618436111111183
debugger,0.008714963333333325
genetic algorithm,0.008797000555555545
distributed multimedia communications platform,0.009332833888888892
information processing,0.009532491666666643
scheduler,0.00976514722222227
continuous integration,0.009803741111111097
recommender system,0.009829114444444453
operating system,0.009947908888888912
static program analysis tool,0.009977661111111147
"extract, transform, load",0.009986197777777761
reactive programming,0.010544148888888993
artificial intelligence,0.010643962222222192
syntax highlighting,0.01098974500000005
command-line interface,0.011114533333333315
WebSocket,0.011178542777777772
Image analysis,0.011564461666666637
image editing,0.011616541666666647
HTTP client,0.011762941111111092
language model,0.011806287222222211
Web Components,0.011809588888888917
evolutionary algorithm,0.012038571666666692
lexical analysis,0.012208628888888823
back end,0.01258371444444445
rendering,0.012645741111111108
web development,0.013311557777777788
game engine,0.013327583888888828
web browser,0.013817804999999989
digital audio,0.013885928888888871
middleware,0.014016450555555587
mathematical optimization,0.014028386666666642
topic modeling,0.014170551111111152
graph algorithm,0.014270993333333287
computer vision,0.014320732222222243
documentation,0.014333628888888839
facial recognition system,0.01439406388888892
graph,0.014464101666666701
computer configuration,0.014520561111111108
virtual reality,0.014741819444444415
server,0.014746738888888888
internet of things,0.015299937777777772
web server,0.015478127222222221
compiler,0.015724512777777644
schema migration,0.01581621666666677
algorithm,0.01599409777777777
user interface,0.01616394888888889
plot,0.01660165777777778
dependency injection,0.016787104444444423
instant messaging,0.01707023555555559
mobile application development,0.01716642055555556
blockchain,0.017340994444444424
validator,0.017775591666666618
static site generator,0.01832844777777773
object detection,0.018703444444444495
computational science,0.018828621111111138
geographic information system,0.01894795111111111
Parser combinator,0.01896805000000007
geometry,0.019001072222222276
text mining,0.01906620055555555
HTTP server,0.019150018888888842
face detection,0.01915494499999995
email,0.019294976666666686
software design pattern,0.019347503888888895
Semantic Web,0.019462278333333333
password manager,0.019508513888888884
machine learning,0.019856414444444442
artificial neural network,0.020023548888888937
random forest,0.020188121111111124
stock market,0.020350103333333314
image recognition,0.02036328944444446
sorting algorithm,0.02047554611111116
search engine,0.02054375777777781
data compression,0.020820713888888842
translation,0.020836457222222188
image,0.02089076555555558
bioinformatics,0.021465164444444434
text classification,0.02147206055555559
application performance management,0.02149522388888886
software architecture,0.02182564555555555
natural language processing,0.021991267222222194
image segmentation,0.02224778611111114
logging,0.02247802833333329
machine translation,0.022630416111111107
anomaly detection,0.022729607777777744
analytics,0.022754021666666735
microservices,0.023151077222222205
text editor,0.023198464444444344
interpreter,0.023204761666666657
network analysis,0.024094357222222224
website,0.02414012500000004
genomics,0.02499763944444447
web crawler,0.02500696555555551
penetration test,0.02523025222222225
data science,0.025254040555555468
banking industry,0.025283327777777753
parsing,0.025842886666666703
big data,0.025906234444444398
internet bot,0.026081558333333338
file system,0.026104810555555524
data visualization,0.026176424444444485
algorithmic trading,0.026430603333333358
image classification,0.026558221111111113
classification,0.027022866111111155
digital security,0.02744911333333333
World Wide Web,0.027518361666666713
mathematical finance,0.027543150555555562
support vector machine,0.0275966083333333
search,0.028022355555555517
software testing,0.028406249999999966
backup,0.02856110333333331
cluster analysis,0.028595455555555566
deep learning,0.029392224444444476
neural machine translation,0.029431894444444412
time series,0.030036261666666647
File Transfer Protocol,0.03004962111111109
security,0.030298912777777742
data analysis,0.03084298944444444
graph database,0.03127769277777781
router,0.03138682833333334
DevOps,0.03197268833333339
semi-supervised learning,0.03239871555555551
Naive Bayes classifier,0.03290957611111109
reinforcement learning,0.032944676666666645
Kalman filter,0.03294968722222222
data mining,0.03322609499999998
package management system,0.033290380555555554
word embedding,0.03352788888888891
deep neural network,0.03378421388888883
linear regression,0.033883803888888925
regression analysis,0.03404045222222221
database management,0.03434856611111112
distributed database,0.0343955038888889
telecommunications network,0.034715306111111094
electronic trading platform,0.035199948333333314
statistics,0.03602626277777776
recurrent neural network,0.0360356133333333
geographic information,0.03625583333333329
optical character recognition,0.036265613333333335
regular expression,0.03645536277777783
data,0.03705970222222216
linear algebra,0.037161705000000045
serialization,0.037479624444444415
natural language,0.03771674333333333
web scraping,0.03836597444444448
long short-term memory,0.0387086616666667
business dashboard,0.03890481222222225
cryptocurrency,0.040211782777777816
Bidirectional recurrent neural networks,0.04060296111111106
software development,0.04099790333333339
logistic regression model,0.041326250000000064
information retrieval,0.04175451666666671
pattern matching,0.042233309444444506
question answering,0.04256769722222223
data binding,0.04273943722222223
information extraction,0.04296665444444439
data structure,0.04440900555555555
Bayesian inference,0.045064283333333344
computer data storage,0.04521656777777769
convolutional neural network,0.04535186166666663
e-commerce,0.04536045777777778
image captioning,0.04656306055555556
object–relational mapping,0.04907485222222216
encryption,0.051599839444444434
integrated development environment,0.05206713333333329
database,0.05386871555555561
named-entity recognition,0.053889931666666724
