domain,diff
data,0.0004902261111111028
regular expression,0.0005504783333333263
object detection,0.0010626449999999732
recommender system,0.0010829672222222586
image recognition,0.0012658672222222445
linear regression,0.0013168488888888885
data binding,0.0013231172222221976
computational science,0.001576689999999964
Web Components,0.001944536666666663
package management system,0.0021039794444443483
application performance management,0.0021991805555556243
big data,0.002353071666666595
classification,0.002587200555555502
distributed database,0.0026191677777777367
graphical user interface,0.0030397527777777378
geographic information system,0.0030848200000000714
computer vision,0.0031164577777777758
camera,0.0032834099999999866
cluster analysis,0.003698882777777801
operating system,0.004217435555555565
machine learning,0.004536320000000038
smart contract,0.005055212222222216
DevOps,0.005133557777777742
user interface,0.0054877527777777435
artificial intelligence,0.005654242222222217
instant messaging,0.006071618333333251
data structure,0.006779187777777779
pattern matching,0.006897820555555545
analytics,0.006984063888888864
web browser engine,0.007396419444444469
web development,0.007480903333333372
text classification,0.007791632777777779
face detection,0.007853789999999972
microservices,0.008103652222222202
stock market,0.008142372777777823
dependency injection,0.008190738888888938
word embedding,0.00847184944444443
mobile application development,0.009174765555555575
design,0.009275393888888928
embedded system,0.009363623333333293
deep learning,0.009467847777777788
continuous integration,0.009679866111111102
file system,0.009812447777777816
streaming media,0.01000404222222226
automation,0.010469773888888922
website,0.01118786666666663
web service,0.01122486388888888
object–relational mapping,0.01123421611111114
content management system,0.01155258444444443
support vector machine,0.01161250222222221
computer data storage,0.011668025000000026
logging,0.01212632555555554
unit testing,0.013201096666666662
digital security,0.01441021055555558
back end,0.014466850555555577
deep neural network,0.014996566666666655
facial recognition system,0.015477456666666667
3D modeling,0.016801872777777754
web application,0.016952553888888833
web scraping,0.01763312000000003
penetration test,0.017999038888888902
web crawler,0.01803212388888889
digital image processing,0.018304588888888862
database,0.01946270111111112
distributed system,0.019879012777777816
File Transfer Protocol,0.02049191833333333
benchmark,0.02103670333333335
scheduler,0.021419516666666694
data compression,0.021479890555555547
information processing,0.021555082222222244
test automation,0.02158188555555557
language model,0.022214038888888926
algorithm,0.022519800555555525
distributed computing,0.022620848888888934
distributed multimedia communications platform,0.022781491666666626
client,0.02302008277777773
stream processing,0.023608967222222166
command-line interface,0.025555663888888913
server,0.025795457777777697
game engine,0.026203435555555515
World Wide Web,0.02654583611111111
digital audio,0.02701654500000003
Parser combinator,0.028237445555555574
signal processing,0.029565056666666728
computer configuration,0.029918828888888943
database management,0.03132455000000001
cloud computing,0.03275534999999999
security,0.03309155722222226
integrated development environment,0.03367387999999999
software testing,0.03420025111111108
web application security,0.03633102166666666
HTTP server,0.037456617777777756
telecommunications network,0.03759412666666667
middleware,0.03781246833333338
web server,0.04038275666666666
functional programming,0.041377623333333335
audio signal processing,0.04335169611111106
text processing,0.04523750444444452
text editor,0.04871569944444448
HTTP client,0.048985289444444496
