domain,diff
digital image processing,6.860267857095037e-06
algorithm,8.00532142857524e-05
front end,0.00037585017857141856
Semantic Web,0.0011842562500000153
bitcoin,0.0013843407142856978
anomaly detection,0.0016748677678571633
data mining,0.0019023531250000059
World Wide Web,0.002551630089285689
static program analysis tool,0.0027381175000000257
smart contract,0.002808617321428619
telecommunications network,0.002889550892857168
website,0.0029694150892857207
data analysis,0.0035946273214285673
object detection,0.003687718214285679
face detection,0.0038170267857142726
information extraction,0.004227466250000006
geographic information system,0.004311553303571414
computer vision,0.00437041714285713
test automation,0.005538788660714278
data,0.00635413196428572
mobile application development,0.006895074553571384
search,0.0069899474107142645
serialization,0.0073977451785714465
search engine,0.007884159285714315
sorting algorithm,0.008056738482142833
static program analysis,0.008089238214285754
image recognition,0.008509703124999962
database,0.009047112410714292
text classification,0.00925596633928577
encryption,0.009430148482142908
code generation,0.010221988571428614
software testing,0.010641410714285732
natural language processing,0.01076826285714283
language model,0.011325640535714332
linear regression,0.01174984892857145
deep neural network,0.012506377053571383
back end,0.013242728571428608
Web Components,0.013349537678571416
compiler,0.013699554285714288
machine learning,0.013772976785714292
pattern matching,0.01394244598214281
machine translation,0.014019669375000016
password manager,0.014483904642857093
automation,0.014638954910714347
validator,0.015249461607142911
analytics,0.015259805982142854
data structure,0.01582509276785718
user interface,0.016382458928571375
banking industry,0.016750470089285707
neural machine translation,0.016882671964285667
unit testing,0.017537088571428577
graphical user interface,0.01754600437499998
HTTP server,0.018108976517857145
facial recognition system,0.018271065089285693
cryptography,0.019525354553571406
network security,0.0198413632142857
information processing,0.019905617321428593
computer data storage,0.020059568303571418
digital security,0.02017945473214286
File Transfer Protocol,0.02027670125000003
data binding,0.020311613214285762
text processing,0.0212574819642857
email,0.021323213125000018
signal processing,0.02201009357142855
object–relational mapping,0.02230852312499998
web application security,0.022621857321428573
benchmark,0.022724643750000023
shell tool,0.022757770357142826
web service,0.022776199464285718
computer configuration,0.022920660892857186
HTTP client,0.023091829821428544
blockchain,0.02318564499999995
data compression,0.02405970580357139
big data,0.026597632232142843
security,0.026837500267857084
content management system,0.026997105535714272
application performance management,0.030694053660714316
backup,0.030963219464285707
software development,0.0319451904464286
file system,0.034705656160714304
game engine,0.03515730053571425
embedded system,0.03531427964285713
penetration test,0.036488661160714336
web server,0.03671481348214284
operating system,0.036999259017857083
cloud computing,0.0385771509821429
logging,0.03918033901785711
regular expression,0.040438870446428604
instant messaging,0.04100306607142856
client,0.04198283392857133
server,0.04325386491071426
microservices,0.04970765383928574
package management system,0.05035132660714281
authentication,0.0599969780357143
distributed system,0.06103679955357144
streaming media,0.07508985669642856
stream processing,0.0789661299107143
