domain,diff
static site generator,7.61147916666649e-05
static program analysis tool,0.0002005124999999719
data science,0.0005163536111111311
HTTP server,0.0006529315972222394
mobile application development,0.0006927074305555225
penetration test,0.000797577013888856
machine learning,0.000988461388888917
audio signal processing,0.0011839911805555658
neural machine translation,0.0012737973611111064
machine translation,0.0013184027083333327
facial recognition system,0.0013433715972221982
Web Components,0.0014740415277777474
image recognition,0.002230040763888913
cryptocurrency,0.0025042445833333427
authentication,0.002553964583333318
blockchain,0.002816857222222191
computer vision,0.0028829455555555716
embedded system,0.0033756180555555293
digital image processing,0.0034146714583333515
web browser engine,0.003620520902777813
compiler,0.00373132000000001
cluster analysis,0.003769923472222214
computer data storage,0.0038563379861111247
data compression,0.0038741977083333046
signal processing,0.004243466111111177
graphical user interface,0.004311944375000043
bioinformatics,0.004538385069444373
application performance management,0.004569434513888859
web service,0.004607840972222277
network monitoring,0.004743557430555545
reactive programming,0.004997060902777739
big data,0.005704487847222189
content management system,0.005718344583333312
automation,0.005775705486111116
serialization,0.006260594583333334
middleware,0.006333684166666631
test automation,0.00641651437499996
File Transfer Protocol,0.006463881805555571
design,0.006543101666666634
distributed database,0.006647809652777836
security,0.007142547986111136
support vector machine,0.0071554278472222566
word embedding,0.007251976944444433
website,0.0072901761805556076
recommender system,0.007370618194444484
game server,0.007484576319444436
distributed system,0.007494888680555534
Semantic Web,0.00781872597222219
dependency injection,0.007951250416666639
geographic information system,0.007962375208333372
user interface,0.008250269166666713
regular expression,0.008923451319444442
network security,0.009185244722222208
scheduler,0.009244423472222263
back end,0.009433252222222188
object detection,0.009939787499999964
server,0.010064525069444441
algorithm,0.010090683055555577
email,0.010241876458333354
text editor,0.010472668750000025
face detection,0.010631986388888903
WebSocket,0.010741458888889
World Wide Web,0.011430700625000012
digital audio,0.011513062430555526
data mining,0.011578751319444441
text processing,0.011761605972222283
data analysis,0.011875024583333338
web scraping,0.011879174583333374
natural language processing,0.011912430000000002
instant messaging,0.0119475552777778
game engine,0.012009482361111073
static program analysis,0.012183655833333362
language model,0.012253907638888895
search,0.012564663125000014
smart contract,0.013662455416666719
pattern matching,0.01383645812499995
front end,0.014167060138888965
benchmark,0.01496861958333337
analytics,0.01573249687500003
natural language,0.01594415784722225
backup,0.016142776527777847
information extraction,0.016321085138888886
web server,0.016404288958333346
distributed computing,0.016661184375000027
password manager,0.01693961916666667
internet bot,0.017185206111111184
database,0.017426844791666618
digital security,0.018043621458333353
microservices,0.0180674570138889
software testing,0.01845294944444445
anomaly detection,0.018531621597222214
time series,0.018538893819444457
validator,0.01870794541666665
data,0.018856554305555523
web application,0.018938934583333344
unit testing,0.019389216666666653
telecommunications network,0.0203210518055556
Parser combinator,0.020695533194444504
computer configuration,0.02073836430555548
text classification,0.021057902152777752
stream processing,0.022144489513888865
router,0.022407753958333332
HTTP client,0.022694320694444436
geographic information,0.02281663854166674
graph database,0.023135221875
natural language understanding,0.023523752430555572
operating system,0.023814678541666662
web application security,0.023919020138888886
linear regression,0.02436862305555554
mathematics,0.024648381041666667
file system,0.025238005763888877
information processing,0.025485472361111094
sorting algorithm,0.025804622708333336
command-line interface,0.026115046041666645
reinforcement learning,0.026359825138888876
knowledge graph,0.02710956708333334
logging,0.027140172986111127
encryption,0.028023074375000012
long short-term memory,0.028705579027777733
client,0.028934094166666646
question answering,0.029432624097222193
data structure,0.030075702847222274
object–relational mapping,0.03142775590277777
topic modeling,0.034138594097222225
streaming media,0.03514672090277782
package management system,0.03542295374999993
cloud computing,0.03611713868055555
synchronization,0.0364269559027777
data binding,0.038289575277777765
