domain,diff
signal processing,5.099555555557189e-05
Semantic Web,0.0003023362499999793
front end,0.00035114986111109414
World Wide Web,0.0004016277083333242
text processing,0.0005485601388888761
WebSocket,0.0007245994444444182
distributed database,0.0007654720138888793
convolutional neural network,0.0012687006250000354
back end,0.0013870500000000008
database,0.001494279097222273
smart contract,0.0015230493055556349
distributed multimedia communications platform,0.0020890614583333744
data mining,0.0022284307638888723
application performance management,0.0023916760416666794
algorithm,0.0024006247222222443
support vector machine,0.0025830504861110992
middleware,0.0025951713888888728
big data,0.002972222847222178
game server,0.0031263918749999675
audio signal processing,0.0035867404861111285
random forest,0.0036581845138888847
data science,0.0038209436111110717
regression analysis,0.003836201736111128
web scraping,0.004079575138888902
regular expression,0.004107565902777777
object detection,0.004176148611111097
validator,0.0043048276388888695
pattern matching,0.004789666458333314
recommender system,0.005243609027777735
face detection,0.005309548611111131
distributed system,0.005336867569444459
translation,0.005840691805555576
language model,0.006086073194444486
serialization,0.006222001805555544
information extraction,0.006304526249999998
machine learning,0.006353769722222236
artificial neural network,0.006723903611111137
embedded system,0.006967865277777763
test automation,0.007197576736111128
geographic information system,0.008129512013888868
data compression,0.008228399930555547
mobile application development,0.008250592013888891
static program analysis,0.008405922500000051
email,0.008997884236111087
data,0.009031713194444457
automation,0.009327863958333349
unit testing,0.01028735111111112
analytics,0.010363662430555531
HTTP server,0.010523805486111037
website,0.010551534374999977
internet bot,0.010739269444444477
server,0.011146787291666627
graph database,0.011321125208333338
backup,0.011418582083333323
user interface,0.011784844722222243
web service,0.012186400416666632
benchmark,0.01306598680555554
computer data storage,0.013333717986111104
database management,0.013406843263888912
text classification,0.013635300486111057
Web Components,0.013710115138888868
File Transfer Protocol,0.013965530694444506
distributed computing,0.014143606597222247
router,0.01414595451388892
scheduler,0.014208683472222206
game engine,0.0146002506944444
logging,0.014954642430555554
telecommunications network,0.01547067291666665
knowledge graph,0.015601464305555562
blockchain,0.01615063444444445
Parser combinator,0.016343649861111087
time series,0.01681614104166665
penetration test,0.016968038680555547
information processing,0.017514293472222275
optical character recognition,0.017527942152777753
authentication,0.017956102361111143
data structure,0.01820808729166662
facial recognition system,0.018300107847222247
computer vision,0.018516229999999995
data binding,0.018610431388888904
continuous integration,0.01878316618055559
instant messaging,0.01911027027777773
question answering,0.019864691319444405
long short-term memory,0.01990204291666664
web browser engine,0.020024570902777705
image recognition,0.02097584076388892
plot,0.020990937013888877
software testing,0.021227940555555547
graphical user interface,0.02147820493055555
microservices,0.02165128479166667
sorting algorithm,0.022548358819444447
stream processing,0.022680990069444462
security,0.023639277986111096
content management system,0.024336140694444452
HTTP client,0.024586730694444503
operating system,0.02516871409722221
text editor,0.02531915208333335
streaming media,0.026394367569444355
web server,0.0285622517361111
3D modeling,0.03233139444444444
synchronization,0.03259995534722218
file system,0.03300443187499999
web application,0.033466092361111116
password manager,0.03517725972222224
command-line interface,0.035907181041666625
computer configuration,0.03756507652777777
package management system,0.03790238374999999
client,0.03864636305555563
encryption,0.042094335486111106
cloud computing,0.04218648090277777
web application security,0.044274336250000046
