domain,diff
image compression,0.00048484951388891306
internet bot,0.0006687744444444088
Semantic Web,0.0006782201388888798
website,0.0007306356249999757
facial recognition system,0.0008256427083333517
signal processing,0.0009039005555555313
image recognition,0.00108183979166665
random forest,0.0013859177083332952
code generation,0.0014793911111110891
machine learning,0.0016235091666666757
natural language,0.0017504250694444778
computer data storage,0.0017873681250000217
blockchain,0.0018101505555555009
geographic information system,0.001895367013888899
Web Components,0.0019381395833333315
World Wide Web,0.0020703977083333658
support vector machine,0.0022633800694444595
sentiment analysis,0.0023535918750000606
natural language processing,0.0024714622222222205
language model,0.0025290187499999728
face detection,0.002587649166666678
application performance management,0.002640961041666723
syntax highlighting,0.0030153558333332886
security,0.003126745763888883
computer vision,0.0033304255555555995
static site generator,0.0033872992361110854
back end,0.00347845166666666
documentation,0.0036967430555555347
debugger,0.0037664877777777717
cryptography,0.004079729097222151
embedded system,0.004575364722222253
video processing,0.0046694547222221605
text processing,0.0047867201388889224
optical character recognition,0.004797179513888916
automation,0.005144193819444476
text mining,0.005293904861111115
user interface,0.005318510833333345
word embedding,0.005351062500000003
design,0.005812201666666655
database management,0.005861642291666663
object detection,0.0059970802777778165
middleware,0.006088298055555497
data science,0.0061816508333333575
information extraction,0.006243364027777781
artificial intelligence,0.0065909700000000015
bioinformatics,0.006696188958333349
data compression,0.006936506736111181
front end,0.0070195973611111295
penetration test,0.007062990208333342
recommender system,0.0071339568055555636
network analysis,0.007187770208333333
backup,0.007269871527777805
distributed database,0.007578838680555533
translation,0.0075811173611111116
software testing,0.007588007777777767
deep neural network,0.007642747152777796
compiler,0.007796914444444386
audio signal processing,0.007796962152777753
network monitoring,0.008181118124999998
text classification,0.008190746041666669
digital image processing,0.008261828680555527
static program analysis tool,0.008354446944444371
cluster analysis,0.00839836847222225
information processing,0.00841188347222227
telecommunications network,0.009109094861111111
algorithm,0.010012864166666607
serialization,0.010149738472222225
big data,0.010471351180555477
electronic trading platform,0.011374063680555546
game engine,0.011552202916666643
geographic information,0.012138500208333347
robotics,0.012171310555555592
anomaly detection,0.012323061041666694
pattern matching,0.012341162569444397
artificial neural network,0.012359712500000036
kernel,0.012542568819444405
Parser combinator,0.012759203750000003
mobile application development,0.012838774791666646
continuous integration,0.012932050069444423
test automation,0.013062492708333262
file system,0.013115934097222282
smart contract,0.013426795972222239
3D modeling,0.013587075000000004
digital audio,0.013919312430555553
server,0.014103215069444508
data mining,0.014124537430555556
HTTP server,0.014228207152777728
graphical user interface,0.014238056597222215
mathematical optimization,0.014305265347222207
speech synthesis,0.014378128888888897
router,0.014399662291666643
dependency injection,0.014471522638888845
web development,0.014551413333333402
regular expression,0.014719337430555562
computer configuration,0.015148855416666662
graph algorithm,0.015442531111111102
question answering,0.016343941875000018
password manager,0.016746778611111096
scheduler,0.01676446013888888
digital security,0.016922304791666676
shell tool,0.017198536944444454
data analysis,0.017210041805555548
analytics,0.01738076909722225
game server,0.017552493541666603
static program analysis,0.018534074722222293
knowledge graph,0.018720046527777756
Kalman filter,0.018865992361111084
database,0.019934062569444466
regression analysis,0.020329401180555567
graph database,0.02033961465277781
logistic regression model,0.02066471638888895
content management system,0.021269662916666654
long short-term memory,0.021297550694444473
instant messaging,0.021554249166666706
encryption,0.02175362770833339
logging,0.02185479076388891
File Transfer Protocol,0.021892941805555566
sorting algorithm,0.022465952708333348
software development,0.02284019854166669
data,0.023332863194444498
stock market,0.023493363055555605
Bayesian inference,0.02390744708333331
validator,0.024192999861111092
web service,0.024478519305555557
microservices,0.024597510347222185
operating system,0.024682437986111055
unit testing,0.02469272611111112
web application security,0.025464647916666694
synchronization,0.02662820201388888
distributed system,0.027054963680555544
classification,0.027086979930555533
email,0.027619500902777788
web server,0.027772606180555603
time series,0.028293869374999975
linear regression,0.028451687500000017
object–relational mapping,0.02846423979166668
distributed multimedia communications platform,0.028857250763888842
web application,0.029402770694444413
benchmark,0.030032711249999955
data binding,0.03177788916666663
integrated development environment,0.031903306458333336
distributed computing,0.03199954326388893
virtualization,0.032056734722222285
stream processing,0.03277920895833336
command-line interface,0.03308899770833329
WebSocket,0.03317500666666667
package management system,0.0346568331944444
mathematics,0.03494923881944448
data structure,0.039050091180555524
cloud computing,0.03962147645833339
streaming media,0.045514426458333423
statistics,0.046821660902777756
client,0.04818528638888886
HTTP client,0.04944846458333335
