domain,diff
HTTP server,0.0006799768749999879
embedded system,0.0012204433333333764
object detection,0.0014959666666666815
penetration test,0.0026487022916666936
geographic information system,0.0027402572916666867
user interface,0.0031001308333333255
regular expression,0.0034201897916666946
security,0.003736512708333306
database,0.004161181041666656
command-line interface,0.005910856875000037
synchronization,0.0059811102083333345
server,0.0074597522916666215
Web Components,0.007946586249999998
automation,0.00875428354166663
World Wide Web,0.008893522708333323
test automation,0.01015059437499996
web server,0.010618876458333315
back end,0.010886426666666615
blockchain,0.011556323333333285
website,0.012017532708333362
recommender system,0.012162003749999956
smart contract,0.012194709583333352
artificial neural network,0.012521095000000038
graphical user interface,0.012884562708333325
static program analysis,0.012942914166666653
telecommunications network,0.013566949583333321
middleware,0.013901777500000045
data,0.014390988750000028
microservices,0.015119352291666666
machine learning,0.01641431500000004
benchmark,0.018754332083333325
web service,0.0192563545833333
software testing,0.019392424166666672
information processing,0.019807594583333338
analytics,0.019883015625
distributed system,0.02043202479166667
web application security,0.021359182916666664
content management system,0.023474377916666678
data binding,0.02447604166666667
application performance management,0.02469270270833329
operating system,0.024752701041666686
object–relational mapping,0.024759182291666626
logging,0.025935023541666657
file system,0.026193804374999963
HTTP client,0.027513398749999973
package management system,0.028932678749999996
signal processing,0.029726809166666673
WebSocket,0.03061693166666668
computer data storage,0.03133898104166666
File Transfer Protocol,0.033416843750000036
audio signal processing,0.03353313520833337
web application,0.03423466124999999
client,0.03426520249999998
big data,0.03448196187500002
cloud computing,0.04291275729166666
instant messaging,0.04614607166666662
streaming media,0.059038867291666686
stream processing,0.06516101395833335
