domain,diff
data analysis,0.00033073562499999487
benchmark,0.0005530743750000178
regular expression,0.0009048393750000217
object detection,0.0009073225000000296
website,0.0012722012499999935
language model,0.0014935431250000242
data visualization,0.001986831250000015
security,0.0020558812500000023
blockchain,0.002056106875000019
data,0.002266976249999997
back end,0.0025085487499999504
data mining,0.0029294918749999954
algorithm,0.003215102500000011
embedded system,0.003428570625000016
World Wide Web,0.0037605562500000467
Web Components,0.0037664581250000106
robotics,0.004743772500000021
penetration test,0.005166641874999989
user interface,0.006479126249999967
application performance management,0.006569015624999952
telecommunications network,0.007747199375000013
pattern matching,0.007801851874999932
big data,0.008553610000000017
content management system,0.008586268125000018
functional programming,0.008833744999999976
analytics,0.00978557499999999
information processing,0.009878068124999972
password manager,0.01037722499999999
data structure,0.01047621437499996
serialization,0.010703701874999971
web browser,0.01101028062499998
graphical user interface,0.011278233749999977
data science,0.012124538125000028
linear regression,0.012353973749999969
time series,0.012398820625000001
web application security,0.012527506874999983
HTTP server,0.013634213124999961
software testing,0.01411911687500006
server,0.01413408250000009
text processing,0.015810547499999994
signal processing,0.01697751437500003
internet bot,0.017112778749999946
web development,0.017210707500000033
3D modeling,0.018018273750000008
long short-term memory,0.018023048124999996
database,0.018023858124999986
email,0.018224511249999964
audio signal processing,0.01832404874999996
game engine,0.018670792500000033
distributed computing,0.019728846249999987
computer data storage,0.020614280000000068
instant messaging,0.02128743625000007
web application,0.021404466875000028
microservices,0.02282269124999997
web service,0.022838257500000014
web server,0.02300950125000001
scheduler,0.023205909999999996
automation,0.024538393125000002
File Transfer Protocol,0.024567665624999957
WebSocket,0.02588831749999998
test automation,0.026662638125000027
smart contract,0.02746965999999995
command-line interface,0.030624767499999983
object–relational mapping,0.03471043437499999
package management system,0.03532316375
logging,0.03550707187500002
data compression,0.03699435437499998
file system,0.037783649375000006
data binding,0.037804365000000006
HTTP client,0.042013418749999976
client,0.042517796875000013
stream processing,0.05518398562499999
streaming media,0.06294899937499993
