domain,diff
machine learning,0.0001078025000000038
classification,0.001970434250000014
instant messaging,0.005466032374999985
database,0.0058538149999999844
web browser engine,0.006338714875000012
test automation,0.0073593282499999635
automation,0.008333764249999986
Web Components,0.009683092500000046
HTTP server,0.01245165212499999
security,0.012644631624999958
static program analysis,0.012777244250000042
server,0.013386754249999966
command-line interface,0.013530156750000022
file system,0.014242894250000027
operating system,0.014742383875000015
benchmark,0.014860742500000024
algorithm,0.01500203687499993
package management system,0.01700816262499999
streaming media,0.018188580250000003
web application,0.01936125637499997
telecommunications network,0.01977469725000003
software testing,0.022005752749999996
user interface,0.022383699125000045
graphical user interface,0.02267743574999992
web server,0.023738121749999952
cloud computing,0.024128097875000032
distributed system,0.026585915875000005
embedded system,0.02995046825
web application security,0.030199684625
content management system,0.0321841625
big data,0.03568711587499998
microservices,0.03635259937500007
website,0.03694198799999998
analytics,0.038091599625
World Wide Web,0.05000873325000002
recommender system,0.05717368537499995
web service,0.05889373249999996
