domain,diff
audio signal processing,0.0011045267361111388
computer science,0.00131436000000007
penetration test,0.0013389374305555757
user interface,0.001477829166666722
benchmark,0.003358445416666661
big data,0.003440562708333317
static site generator,0.003503159652777754
smart contract,0.0037173645833332714
computer data storage,0.004198964097222202
image editing,0.004242141319444476
software testing,0.004457293333333334
website,0.004852540624999957
automation,0.005361479930555524
World Wide Web,0.005394908819444544
machine learning,0.0061667147222221885
image,0.006824753958333318
geographic information system,0.006933955208333342
graphical user interface,0.007415892708333316
video processing,0.007504146944444456
analytics,0.00824855576388886
text editor,0.008408908472222199
encryption,0.009403137152777796
Web Components,0.00989165736111114
signal processing,0.01015429722222222
security,0.010648532986111126
support vector machine,0.011453421736111108
search engine,0.011470451111111113
recommender system,0.011579111249999996
front end,0.012158432916666684
stream processing,0.013111121736111064
natural language processing,0.013577158333333311
text classification,0.01376756937500001
time series,0.014252736041666714
file system,0.015131694097222176
language model,0.015350980972222261
information processing,0.016367786250000016
backup,0.016740490416666698
object detection,0.016850665833333306
Image analysis,0.017194363749999997
back end,0.018627273888888907
data compression,0.018640783402777805
algorithm,0.01876093861111114
logging,0.018970885763888917
telecommunications network,0.019029100416666694
data analysis,0.02181968347222224
image captioning,0.022104410138888864
Malware Analysis,0.02246520666666668
text processing,0.022578808750000012
Kalman filter,0.022827329027777787
code generation,0.02342625333333337
long short-term memory,0.024072786805555524
sorting algorithm,0.024869769930555563
test automation,0.02495966993055554
search,0.024979282013888826
static program analysis,0.025027252499999986
digital image processing,0.025269454236111072
malware,0.025823176527777686
data,0.03009233208333334
operating system,0.0344825902083333
question answering,0.03464455909722225
instant messaging,0.03483177249999997
File Transfer Protocol,0.036196535694444476
database,0.03758320479166666
interpreter,0.038185513819444405
unit testing,0.03891525055555556
lexical analysis,0.03918061347222221
HTTP server,0.03953064326388886
server,0.04051804062500003
content management system,0.0414402973611111
object–relational mapping,0.041588649236111136
compiler,0.04219271833333338
syntax highlighting,0.04311403416666662
streaming media,0.043506015347222204
pattern matching,0.045200372569444425
validator,0.049352131527777704
data structure,0.05440515895833331
Parser combinator,0.05602715375
microservices,0.05731975479166673
data binding,0.057359380277777816
client,0.06041582361111117
HTTP client,0.06207278013888884
regular expression,0.06886210909722226
