domain,diff
static program analysis,0.0004395612499999424
data,0.0006679393749999818
object detection,0.0008808925000000078
penetration test,0.001478175000000026
user interface,0.002059193125000025
automation,0.0025141474999999525
security,0.0031588800000000306
support vector machine,0.0034682225000000066
back end,0.0035265037500000207
information processing,0.0037272256250000524
information extraction,0.0038537449999999918
command-line interface,0.003888738125000013
time series,0.005365643749999982
scheduler,0.005632013749999998
pattern matching,0.00586929312499998
graphical user interface,0.006003212499999966
smart contract,0.00602134937500004
website,0.0071418912499999765
middleware,0.0072847143750000565
web server,0.007640305625000066
HTTP server,0.00772070750000009
server,0.007851170625000015
web service,0.007966004999999998
World Wide Web,0.007990813124999996
database,0.008310500000000026
static program analysis tool,0.00889035437500002
search,0.008902259999999967
machine learning,0.009655194375000009
data analysis,0.010045039374999981
recommender system,0.01026010375
computer configuration,0.010360271249999997
analytics,0.011755589374999986
test automation,0.011852072499999977
serialization,0.012240209374999977
regular expression,0.013324560000000013
geographic information system,0.01375981499999998
Semantic Web,0.013921400625000024
web application security,0.014117783125000033
validator,0.014338568125000034
blockchain,0.014419655624999972
WebSocket,0.014792035000000037
long short-term memory,0.014845046250000021
dependency injection,0.015720459374999995
internet bot,0.01606518687499997
game engine,0.01607128500000002
cluster analysis,0.016108350625000017
content management system,0.01669348187499997
data structure,0.016819121250000013
File Transfer Protocol,0.01707188625
benchmark,0.01712539437499999
software testing,0.017220800625000032
HTTP client,0.01737342624999999
distributed system,0.01820686499999996
unit testing,0.020756089999999977
backup,0.021010488125000032
application performance management,0.021658259999999985
web application,0.02168331687499997
microservices,0.02216617812499999
computer data storage,0.02345017125000004
distributed computing,0.02356167062500003
big data,0.023599078125000006
data compression,0.024464870000000027
audio signal processing,0.025513333750000006
knowledge graph,0.02633057375000003
telecommunications network,0.02709060687500009
instant messaging,0.03095756999999999
logging,0.03338821999999997
operating system,0.034759829999999936
file system,0.03485451874999998
package management system,0.03669644749999995
cloud computing,0.040933703125
object–relational mapping,0.041375997499999984
router,0.04210150375000005
data binding,0.043335304374999994
client,0.047083336249999996
stream processing,0.05051011812500006
streaming media,0.05336104937499997
