domain,diff
neural network,0.00011280437500002516
Semantic Web,0.0009149481249999813
artificial intelligence,0.0010122437499999748
database,0.0015658193749999993
time series,0.0023959224999999806
big data,0.0029869968750000364
middleware,0.0030700912500000177
lexical analysis,0.0032216537500000253
information processing,0.0035281149999999983
dependency injection,0.0035658800000000213
pattern matching,0.003575113125000029
language model,0.0037261693750000324
regular expression,0.0038673756249999747
text classification,0.004017943124999951
web scraping,0.0048364681250000485
data,0.0049266875000000265
scheduler,0.004971199375000013
information extraction,0.005466738125000009
benchmark,0.005504929374999995
instant messaging,0.005767742500000006
design,0.0058720437500000555
compiler,0.007409141249999973
reactive programming,0.007558090000000017
internet of things,0.007613378125000014
data compression,0.0076280349999999775
deep neural network,0.00838112812499997
word embedding,0.009803471875000025
router,0.009805224375000005
recommender system,0.009978449374999976
automation,0.010194432499999961
website,0.010208019375000044
deep learning,0.010476418750000022
penetration test,0.010519220624999992
Bayesian inference,0.010921879374999999
telecommunications network,0.011049721249999978
test automation,0.011071866875000003
geographic information system,0.011745013125000009
web service,0.01186487937499997
random forest,0.01280579312500002
back end,0.01295510875
machine learning,0.013110811874999989
data science,0.013499927500000009
synchronization,0.013980210625000017
microservices,0.014622348125000018
statistics,0.01471535499999993
computer data storage,0.015148728749999923
user interface,0.015417392500000071
distributed database,0.015527915624999972
WebSocket,0.016035233750000044
digital audio,0.016158297500000002
password manager,0.016398698125
digital image processing,0.016484735625000024
object detection,0.016831836249999982
optical character recognition,0.017173788750000002
encryption,0.01736366874999995
smart contract,0.01736663249999998
security,0.017635533125000047
signal processing,0.018319673124999963
text processing,0.018832174375000038
image classification,0.018880393125000006
World Wide Web,0.019082841250000038
computational biology,0.021261120000000022
unit testing,0.021321856875000045
distributed multimedia communications platform,0.023384522500000005
software testing,0.023440196250000017
HTTP server,0.023611406875000074
application performance management,0.02363600812499994
data structure,0.024260901874999963
audio signal processing,0.02445576999999996
digital security,0.024702000625000053
validator,0.025462993749999996
server,0.02582835187499999
logging,0.026044774999999992
serialization,0.02606866000000002
File Transfer Protocol,0.026540174375000003
3D modeling,0.026859325625000013
content management system,0.027331300625
object–relational mapping,0.027866039375000012
continuous integration,0.028799448124999988
file system,0.031003146249999947
operating system,0.033511746249999974
HTTP client,0.03399914249999997
distributed computing,0.03444551312500005
data binding,0.03452300875000003
web application,0.03454984312500001
web application security,0.03508811624999997
package management system,0.03604580062500001
streaming media,0.03710920812499996
DevOps,0.041855166875000044
computer configuration,0.041886147500000026
stream processing,0.04216095249999996
cloud computing,0.04218064562500001
client,0.04416257125000006
web server,0.04502711937500009
Containerization,0.0676756725
