domain,diff
data,0.00020094437499998397
back end,0.0004114606249999708
test automation,0.00046601812499999506
sorting algorithm,0.0005380218749999888
dependency injection,0.0007011881249999741
geographic information system,0.0009615981249999905
web service,0.0012117199999999717
image segmentation,0.0013357906249999996
information extraction,0.0017672562500000433
HTTP server,0.0019154149999999759
signal processing,0.0020584468749999807
benchmark,0.002073942500000009
middleware,0.002158231250000031
machine translation,0.0022252074999999927
neural machine translation,0.0023355487499999716
search,0.002441365000000001
text processing,0.0025494043749999806
analytics,0.0025593362499999883
object detection,0.002729742500000021
web crawler,0.0028337493749999443
bitcoin,0.0029042075000000334
natural language processing,0.003163753749999998
WebSocket,0.0033158143750000035
support vector machine,0.0033794624999999856
automation,0.0034080581250000574
algorithm,0.0034147131249999962
instant messaging,0.0034548406250000108
front end,0.0034996931250000085
World Wide Web,0.0035627449999999783
database,0.0035656681249999767
penetration test,0.003970321249999992
machine learning,0.004821260625000018
recommender system,0.004856775000000063
big data,0.004987327500000027
web scraping,0.005096499375000008
data analysis,0.005144123750000007
regular expression,0.005174497500000014
language model,0.005235883125000007
static program analysis,0.005291303125000035
pattern matching,0.005353038124999959
network security,0.005613100624999978
stock market,0.006019553125000021
scheduler,0.006105734375000005
time series,0.006142104999999981
serialization,0.006308439999999971
static program analysis tool,0.0064402075000000725
compiler,0.0067154749999999985
data mining,0.006818511874999961
information retrieval,0.006849277499999973
application performance management,0.006861929374999964
anomaly detection,0.006911591874999956
blockchain,0.0073840874999999695
Semantic Web,0.007609035000000014
network monitoring,0.007721243750000051
sentiment analysis,0.0077246350000000075
virtual reality,0.007854921875000004
game server,0.008075830000000006
user interface,0.008127923749999988
smart contract,0.008149325625000037
Web Components,0.009159158750000007
validator,0.00925599187499998
reactive programming,0.009364172499999934
audio signal processing,0.009625471250000017
authentication,0.009964620625000004
File Transfer Protocol,0.010536948125
web browser,0.010719924375000023
linear regression,0.01097163000000001
web browser engine,0.011040941249999991
data visualization,0.011164078124999977
data structure,0.011655093750000012
embedded system,0.011685243750000018
unit testing,0.01197448437500001
data compression,0.012322238124999996
distributed system,0.012915890000000041
website,0.013123902500000034
graph database,0.013304613125000031
distributed computing,0.013304778750000024
code generation,0.013307749374999983
security,0.01357340249999997
static site generator,0.013705897500000008
server,0.01374746562500001
HTTP client,0.014170375000000013
microservices,0.014875026249999979
continuous integration,0.016238108124999984
graphical user interface,0.016418924375000032
knowledge graph,0.01666419687499998
information processing,0.016684133125
internet bot,0.016856419999999983
cryptography,0.01765881749999998
web server,0.01863386437500003
synchronization,0.018926650624999958
network analysis,0.019602917499999983
data binding,0.01964322124999998
long short-term memory,0.019688325624999975
backup,0.020796113749999928
email,0.021685336250000048
router,0.02184035312499999
Bayesian inference,0.021959623750000018
Parser combinator,0.02212636999999995
software testing,0.022601714375000026
stream processing,0.022646081875
command-line interface,0.024081870624999946
computer data storage,0.024503361874999935
object–relational mapping,0.025238333750000036
web development,0.02641618812499999
telecommunications network,0.026448966875000035
cloud computing,0.027909073750000013
web application,0.028849617500000008
logging,0.028946635624999967
computer configuration,0.029343651875000043
web application security,0.029355133750000068
content management system,0.029410407499999985
client,0.032229210625000004
encryption,0.033402583124999996
operating system,0.03354496187499997
shell tool,0.034259769375000054
streaming media,0.036234690625000066
password manager,0.038764145624999996
package management system,0.045368321875000006
file system,0.04651675999999999
