domain,diff
cluster analysis,2.9854166667120374e-06
random forest,0.00020479715277774146
interpreter,0.00036576229166665475
stock market,0.0007239141666666449
word embedding,0.0007414747222222462
front end,0.0008093601388889093
data visualization,0.0010482304861111347
natural language processing,0.001131257222222265
big data,0.0011648810416667321
game server,0.0012835607638889135
data science,0.0014749369444444216
HTTP server,0.0021722739583332484
static site generator,0.0021779131249999584
website,0.0023193127083333542
algorithm,0.0023521386111111375
image segmentation,0.002365854236111131
face detection,0.0023903041666666625
authentication,0.002732519583333315
debugging,0.002843037916666652
middleware,0.0030598752777777904
scheduler,0.0030814712499999675
network monitoring,0.0031963335416666516
design,0.0033420905555555935
language model,0.0035811501388889333
electronic trading platform,0.0036721292361111546
server,0.0038764400694444867
digital image processing,0.004100499652777784
text classification,0.004202459375000023
back end,0.004433110555555619
test automation,0.00466926326388889
smart contract,0.0049894487500000695
natural language,0.005021590069444498
penetration test,0.005100385208333391
object detection,0.005101165277777736
data mining,0.005360661875000006
validator,0.005405129861111108
static program analysis tool,0.005525497500000032
automation,0.005585276736111089
data compression,0.005609977152777751
regular expression,0.005692476874999991
distributed database,0.0057232263194443855
World Wide Web,0.0063846106249999535
network security,0.006435156388888863
Web Components,0.006450661805555563
analytics,0.006510524652777794
Q-learning,0.006685262361111083
machine learning,0.006806058611111082
support vector machine,0.006940794930555466
distributed multimedia communications platform,0.007124418541666622
Parser combinator,0.007299102083333342
dependency injection,0.007352782083333342
signal processing,0.00739978277777778
computer data storage,0.007438871319444373
user interface,0.007527653055555583
text processing,0.007535216250000004
static program analysis,0.007981813611111055
compiler,0.008322622777777788
data analysis,0.008481241250000021
optical character recognition,0.008651668819444458
Semantic Web,0.009006564861111122
File Transfer Protocol,0.009067047916666682
neural machine translation,0.009169740694444456
blockchain,0.009317385555555557
serialization,0.009486651805555524
code generation,0.009524544999999995
embedded system,0.009809090277777766
application performance management,0.009972776597222233
facial recognition system,0.010246187847222255
information extraction,0.010417036805555557
logistic regression model,0.010779332500000016
recommender system,0.01085187569444443
internet bot,0.010859658888888846
image recognition,0.011313684652777767
information processing,0.011605666250000035
machine translation,0.011775731597222228
kernel,0.011781367708333323
anomaly detection,0.011984497708333375
benchmark,0.012052236805555616
web scraping,0.012303891250000004
pattern matching,0.012325997013888923
security,0.012402767430555517
cryptography,0.012652694652777713
web server,0.012727486180555525
audio signal processing,0.012753011597222225
reinforcement learning,0.012810616805555591
search,0.013108450347222217
geographic information system,0.013247572430555549
cryptocurrency,0.013307421250000007
network analysis,0.0136109657638889
software testing,0.013745035000000017
telecommunications network,0.013847914583333315
web service,0.013992099861111107
WebSocket,0.01415778055555561
instant messaging,0.014167455833333398
distributed system,0.014178934236111163
computer vision,0.014363809444444459
image,0.01529406104166664
mobile application development,0.015686061458333345
database,0.015904161458333316
web browser engine,0.0163851897916667
plot,0.01647818590277772
sorting algorithm,0.01662806993055549
time series,0.016799404374999993
question answering,0.01749783854166667
backup,0.017523239861111067
digital audio,0.01760229298611113
graph database,0.017710483541666683
graphical user interface,0.017780946597222236
algorithmic trading,0.017952262638888883
game engine,0.01864394958333332
long short-term memory,0.01918618236111108
digital security,0.019228750902777814
distributed computing,0.01943950048611115
computer configuration,0.01947223708333337
unit testing,0.019857407777777752
command-line interface,0.02077853659722223
data,0.02093796152777777
file system,0.02197632131944438
knowledge graph,0.021996498194444408
content management system,0.02208551069444442
linear regression,0.022338186944444477
synchronization,0.022467801458333353
router,0.023072590624999945
linear algebra,0.0232672810416667
HTTP client,0.02494789680555559
microservices,0.024969955902777785
password manager,0.0266669563888888
encryption,0.02772329881944452
logging,0.02775105854166665
email,0.02823214201388885
web application security,0.02828722847222223
shell tool,0.028854930277777746
web application,0.028886287361111068
operating system,0.02889244798611118
object–relational mapping,0.03114801479166668
data structure,0.03177739062500001
software development,0.032342127430555534
data binding,0.03289870972222217
stream processing,0.03323898062499997
routing,0.034249807291666684
statistics,0.034839234791666646
cloud computing,0.03894801756944452
package management system,0.04092311041666666
streaming media,0.04148715201388886
client,0.04604308916666672
