domain,diff
shell tool,0.00025412035714283965
smart contract,0.00030686517857148043
website,0.0010177272321428288
software testing,0.0014009214285714278
penetration test,0.0021117652678571686
security,0.0029065968750000004
embedded system,0.0034541596428571686
automation,0.003654835803571399
recommender system,0.0039587691071429065
geographic information system,0.0041910704464286075
Web Components,0.004854130535714346
information extraction,0.004869404464285715
user interface,0.0052815503571428946
scheduler,0.006219451964285694
Parser combinator,0.006231253035714285
data,0.006468137321428591
support vector machine,0.006485372946428508
object detection,0.007304403214285715
database,0.007487782410714294
algorithm,0.0076919346428571955
game engine,0.007709281964285719
time series,0.00789229437499997
search,0.009185380267857146
pattern matching,0.009394308839285687
Semantic Web,0.009976623392857126
regular expression,0.01020630187499999
information processing,0.010961078749999964
computer data storage,0.011177320446428551
analytics,0.01126763973214287
test automation,0.011319412232142834
command-line interface,0.011324892232142836
graphical user interface,0.011338947946428535
logging,0.01149212544642858
password manager,0.012581137499999978
back end,0.012824906428571425
signal processing,0.013291097857142858
data compression,0.013835429374999986
World Wide Web,0.014252573660714252
knowledge graph,0.014270889464285702
operating system,0.01452092116071424
telecommunications network,0.01585398660714285
big data,0.016435155803571383
benchmark,0.017059753392857147
long short-term memory,0.017342041964285737
file system,0.01745769187499996
text processing,0.01919459125000003
data structure,0.021341332767857157
computer configuration,0.02222849232142854
static program analysis,0.023001662499999964
server,0.0260162777678572
web service,0.02653053732142857
HTTP server,0.027371697232142833
object–relational mapping,0.02897271098214288
data binding,0.03091028678571428
content management system,0.03449599410714288
web server,0.03463814848214286
microservices,0.03465797383928576
package management system,0.03476653660714285
virtual machine,0.03959617178571431
instant messaging,0.04261152464285711
File Transfer Protocol,0.04868810625
client,0.04947515464285718
distributed computing,0.0500099786607143
streaming media,0.05068702883928572
stream processing,0.051043123482142905
distributed system,0.051559010982142855
