domain,diff
website,1.4348958333298967e-05
signal processing,0.0001236977777777648
static site generator,0.00017542020833330452
game,0.0005327353472222296
back end,0.0006725405555555453
application performance management,0.0007118806249999943
artificial intelligence,0.0007174644444443989
network monitoring,0.0008592847916666368
image compression,0.001051773819444407
sentiment analysis,0.0012276559027778189
telecommunications network,0.001702898472222214
text processing,0.0017859095833333283
automation,0.001818385625000002
random forest,0.001907581180555562
computer science,0.0019145844444444504
code generation,0.00205160000000007
World Wide Web,0.0023241082638888466
penetration test,0.0024070259027777485
backup,0.0025486073611111215
optical character recognition,0.002594669930555571
information extraction,0.002798573472222232
cluster analysis,0.0028453737500000464
image segmentation,0.0029703547916666018
static program analysis tool,0.003066311388888854
support vector machine,0.0032198288194444646
deep learning,0.003379079583333333
Parser combinator,0.0036140581944443806
embedded system,0.0037175952777778187
syntax highlighting,0.0038041080555555884
data science,0.003907201388888948
compiler,0.003908893333333302
distributed database,0.004120645902777831
regular expression,0.0042767124305555515
search engine,0.004643797777777792
language model,0.00479078208333325
information retrieval,0.005065338472222264
scheduler,0.0050669340277777475
education,0.005391830972222261
instant messaging,0.005408452499999938
test automation,0.005730456597222211
front end,0.005859401805555553
smart contract,0.006040823194444489
face detection,0.006042481944444428
machine learning,0.006186466388888895
audio signal processing,0.006524251597222225
geographic information system,0.006606445763888885
pattern matching,0.006824654791666607
image,0.006961010486111141
business dashboard,0.007025861250000015
Semantic Web,0.007377694583333344
artificial neural network,0.007439612499999998
authentication,0.007474729583333339
data mining,0.007494375763888866
data visualization,0.007536501736111145
object detection,0.007732590277777784
database management,0.007765508958333278
internet bot,0.007868324999999954
logging,0.008089487430555542
text mining,0.008162382638888882
word embedding,0.008246608055555521
user interface,0.008745631944444443
text classification,0.009763100486111176
big data,0.01012552506944453
information processing,0.01014294569444446
Web Components,0.010387405138888889
validator,0.010476051527777835
e-commerce,0.01072684138888888
algorithm,0.010812296388888865
computer data storage,0.010862524791666606
software testing,0.010934991666666699
image recognition,0.010968342430555611
data compression,0.010977288958333276
mobile application development,0.010999352569444426
router,0.011319361736111172
facial recognition system,0.01138365895833332
file system,0.011523097986111175
documentation,0.011815923611111112
computer vision,0.011917095555555535
game server,0.012386864652777774
WebSocket,0.012656556666666707
recommender system,0.013586142361111081
video,0.013743130416666666
web service,0.014337653749999957
anomaly detection,0.014441711041666638
question answering,0.014766816319444459
security,0.014780767430555564
"extract, transform, load",0.01493553618055557
topic modeling,0.01508089854166672
data analysis,0.015192810138888901
blockchain,0.0154943933333333
HTTP server,0.015881436597222298
email,0.01627620812499997
server,0.01656494840277789
static program analysis,0.01663001416666665
serialization,0.016773186805555507
continuous integration,0.01683350006944434
graph algorithm,0.017231045
text editor,0.017446632638888876
dependency injection,0.0175209926388889
game engine,0.017618784583333297
linear algebra,0.01807599548611108
File Transfer Protocol,0.018230574027777835
graphical user interface,0.018272386597222245
knowledge graph,0.018763226527777843
logistic regression model,0.01921684805555557
analytics,0.019327307986111097
content management system,0.02132662013888892
distributed multimedia communications platform,0.021594023541666674
linear regression,0.02217275527777779
password manager,0.02228959305555553
unit testing,0.022366889444444427
computer configuration,0.02424838708333335
database,0.024806364236111128
kernel,0.0253432738194444
graph database,0.025833411319444444
distributed system,0.026166663680555535
encryption,0.026257719374999988
object–relational mapping,0.026476549791666665
long short-term memory,0.02654674458333328
web application,0.02778386847222225
data,0.027909828194444597
time series,0.027927213819444435
benchmark,0.02807956236111106
stream processing,0.028850890625000014
operating system,0.031330122430555524
web server,0.03155149562499998
sorting algorithm,0.03184171993055551
microservices,0.032072743680555515
data binding,0.0327217036111111
streaming media,0.033067807013888895
distributed computing,0.033719209375
package management system,0.0340198154166666
synchronization,0.03417251645833333
Malware Analysis,0.03461347499999998
data structure,0.03623031395833326
command-line interface,0.03631119048611109
web application security,0.03884037402777776
HTTP client,0.043515328472222226
cloud computing,0.044854429791666706
statistics,0.045085759236111134
client,0.05161728972222218
virtual machine,0.05534147638888895
