domain,diff
automation,0.0001316678472222388
World Wide Web,0.0002054578472222568
blockchain,0.000371728333333321
back end,0.0009200994444444333
website,0.0010235111805555475
social network,0.0010696986805556474
embedded system,0.0011454408333332888
regular expression,0.0012401335416666326
front end,0.0014202006944444012
validator,0.0019765293055555577
recommender system,0.0022487609722222357
content management system,0.0023195104166666702
continuous integration,0.0024087249305555503
audio signal processing,0.0025067500694444522
distributed system,0.002876117569444392
support vector machine,0.004224110624999999
software testing,0.004376198333333331
Web Components,0.004531542916666631
signal processing,0.005128293333333311
machine learning,0.005366493055555588
distributed computing,0.006234495486111102
smart contract,0.006621161527777808
penetration test,0.0071709103472222535
object detection,0.007412492499999951
code generation,0.00800414333333338
telecommunications network,0.00817716430555554
scheduler,0.008257639027777763
user interface,0.008630026388888878
server,0.00912164451388886
test automation,0.00967084048611111
natural language processing,0.010186771111111104
internet bot,0.010477097777777833
unit testing,0.010483458333333334
application performance management,0.011067548402777738
artificial intelligence,0.011245006666666724
computer science,0.011581133333333382
File Transfer Protocol,0.01158614680555553
speech synthesis,0.011695405555555621
language model,0.012428696527777838
microservices,0.01282402201388888
optical character recognition,0.012925437847222221
geographic information system,0.013147061875000032
graphical user interface,0.013336649930555555
computer configuration,0.01356519097222228
text processing,0.014077088750000022
game engine,0.014332889027777823
Semantic Web,0.014470927638888936
operating system,0.014584115208333415
static program analysis tool,0.014812055833333337
package management system,0.014900233749999936
text classification,0.015569472152777819
compiler,0.016020744999999947
cloud computing,0.016292216458333286
stream processing,0.01634165118055564
logging,0.018098795208333296
instant messaging,0.01854723749999998
serialization,0.01859024847222221
information extraction,0.018725142916666604
web service,0.019513337083333304
HTTP server,0.019846306597222196
data science,0.0204650475
authentication,0.020847305694444485
software development,0.021103593541666688
anomaly detection,0.02137586493055557
pattern matching,0.021424704791666638
security,0.021543129097222197
information processing,0.02161236569444447
encryption,0.0218093199305556
web development,0.023508503888888893
data visualization,0.0236335784027778
data analysis,0.024572731250000063
file system,0.026607786458333282
web server,0.02718116451388891
geographic information,0.027254375208333403
algorithm,0.02766838305555555
information retrieval,0.02840720791666662
image segmentation,0.028765187569444434
analytics,0.02927712465277782
data binding,0.02941748972222219
time series,0.029512462152777724
static program analysis,0.030140226944444404
knowledge graph,0.030766662083333313
big data,0.03160052340277775
streaming media,0.031986038680555495
data compression,0.03372106006944442
web application,0.03383338013888901
database,0.037588705347222195
synchronization,0.038134789791666596
topic modeling,0.03869275465277777
command-line interface,0.03952525437499996
computer data storage,0.04129703979166671
data,0.041415007083333344
long short-term memory,0.04158404347222225
WebSocket,0.043258611666666696
web application security,0.04334943958333337
graph database,0.04617155687500002
object–relational mapping,0.04707949812499998
sorting algorithm,0.04986357048611115
client,0.057750723055555536
HTTP client,0.06449213624999997
data structure,0.0726650150694445
