domain,diff
recommender system,4.9776249999994304e-05
code generation,0.0004779277777777202
convolutional neural network,0.0005083845138888765
data science,0.0005627825000000808
support vector machine,0.000799676597222243
back end,0.0009254477777777548
design,0.0010282672222222122
penetration test,0.00103178520833333
instant messaging,0.0012810336111111487
website,0.0014124884027778284
Web Components,0.0017497159722222044
chatbot,0.0025334906250000233
machine learning,0.0028264247222221928
graphical user interface,0.003379184374999955
optical character recognition,0.003600323263888844
image,0.0037755677083333716
object detection,0.003780086944444455
word embedding,0.0039023808333333576
digital image processing,0.003914017986111101
text processing,0.0041320904166666506
big data,0.004159311736111115
user interface,0.004259989722222135
automation,0.004284262708333375
application performance management,0.004598164375000047
pattern matching,0.004796189236111109
Semantic Web,0.004861617083333325
logging,0.004997855208333346
translation,0.005195813472222227
content management system,0.005234992361111135
static program analysis tool,0.0053141641666666906
game server,0.006072556319444478
algorithm,0.0064941891666666085
serialization,0.0066119626388888575
stock market,0.006680250277777772
scheduler,0.006853221805555532
middleware,0.006891709722222306
language model,0.008715570972222253
signal processing,0.008809678888888867
security,0.008909537986111132
password manager,0.00910033027777779
regular expression,0.009220547430555559
distributed database,0.009289254236111127
game engine,0.010187730138888906
static program analysis,0.01035123305555552
sentiment analysis,0.010399874791666652
data compression,0.010647374930555509
World Wide Web,0.01068611506944439
static site generator,0.010698934791666642
search,0.010878782013888894
information processing,0.011231640694444434
embedded system,0.0115312208333333
telecommunications network,0.011908097361111092
web development,0.011922234444444485
geographic information system,0.012023640763888899
audio signal processing,0.01332932993055555
computer data storage,0.013497502430555558
test automation,0.013642231597222193
data visualization,0.013672503958333332
computer configuration,0.013880681527777883
database,0.013935840902777746
internet bot,0.01422452833333332
smart contract,0.014516482916666712
email,0.01480263312500002
artificial neural network,0.014912071388888976
software testing,0.014939441666666692
dependency injection,0.015051280416666618
HTTP server,0.015300296041666661
command-line interface,0.015308449930555634
backup,0.015323998194444383
operating system,0.01648290965277774
linear regression,0.016620888611111134
digital audio,0.016645933541666685
distributed system,0.0175783525694444
web service,0.017819434305555548
data mining,0.017820500763888858
server,0.01793521229166667
router,0.017942637847222248
unit testing,0.018201641666666657
data,0.01847546875
data analysis,0.0188910540277778
package management system,0.019658788749999878
digital security,0.01970035479166668
shell tool,0.019747679722222244
sorting algorithm,0.01996702937500003
web application,0.020153230694444413
analytics,0.021694549097222265
text classification,0.02274019381944445
data structure,0.022889154513888843
object–relational mapping,0.02298614368055557
data binding,0.02357503472222222
file system,0.02498075465277777
blockchain,0.025625839999999955
WebSocket,0.0257515061111111
distributed computing,0.02618649215277785
web server,0.026554705069444406
information extraction,0.02702717902777771
File Transfer Protocol,0.02751900513888883
graph database,0.028139436319444433
web application security,0.02929794847222225
knowledge graph,0.03242020208333332
microservices,0.03702177256944439
encryption,0.038388633819444434
HTTP client,0.03985727069444445
stream processing,0.04116772506944438
streaming media,0.0419985714583333
client,0.0446655391666666
