domain,diff
internet bot,0.0017401474107142378
code generation,0.0018145639285714332
data compression,0.0022482529464285528
smart contract,0.002599782321428601
static program analysis,0.0026787513392857454
optical character recognition,0.002763319017857202
stream processing,0.002944448571428615
font,0.003053655357142887
information processing,0.003221499910714243
translation,0.003423290982142807
text processing,0.0036944015178571876
pattern matching,0.003997687767857139
penetration test,0.004218277053571418
unit testing,0.004318245892857175
syntax highlighting,0.004433733125000033
"extract, transform, load",0.004444398214285716
HTTP client,0.006103559732142855
File Transfer Protocol,0.006654584017857124
data mining,0.007866086428571423
convolutional neural network,0.008062613928571466
data binding,0.008868999374999909
authentication,0.009038009196428554
data structure,0.009852892857142803
interpreter,0.010687932142857154
text classification,0.01082065991071432
static program analysis tool,0.011633181071428633
logging,0.011896648035714275
digital image processing,0.012119838392857157
HTTP server,0.012422703839285676
sorting algorithm,0.012590340982142872
password manager,0.013071010892857171
time series,0.013370411696428552
data science,0.013446297053571421
data,0.013831819375000054
instant messaging,0.014053935000000017
compiler,0.01433358883928576
network security,0.015801619910714243
object detection,0.01687753062499997
regular expression,0.016959612589285744
security,0.017062500714285722
data analysis,0.017204691071428496
text mining,0.017949620357142843
validator,0.018172834910714253
analytics,0.018383508660714226
digital security,0.01899604223214285
telecommunications network,0.019457193750000018
algorithm,0.01946463321428571
artificial neural network,0.01994129544642856
image editing,0.020089260803571485
language model,0.020503480714285705
blockchain,0.020760665625000008
schema migration,0.020867229910714324
big data,0.021196694553571455
encryption,0.021745315982142882
serialization,0.02205029151785709
game server,0.02263726178571429
machine learning,0.0234709423214286
embedded system,0.023866009107142816
computer data storage,0.024227651249999982
support vector machine,0.02438094044642858
test automation,0.026440718482142855
scheduler,0.026448586696428633
search,0.02651077071428576
benchmark,0.026855737500000004
dependency injection,0.027295581696428567
web service,0.027611417410714295
regression analysis,0.027727219642857154
command-line interface,0.027795634821428578
server,0.027947427410714265
long short-term memory,0.028435281785714306
email,0.02854666607142861
question answering,0.029181946964285665
web application security,0.03035003401785713
microservices,0.030499825625000004
software testing,0.030857912857142844
object–relational mapping,0.031622437410714244
synchronization,0.031695527053571426
random forest,0.032826717321428556
geographic information system,0.03343187249999996
file system,0.034469873125000106
client,0.03466375696428564
backup,0.03583634982142858
word embedding,0.03686509080357145
distributed computing,0.03725495955357136
cloud computing,0.03895380455357139
WebSocket,0.0389772501785714
package management system,0.03898939044642857
World Wide Web,0.03916062571428572
information retrieval,0.039373328392857176
front end,0.04011205142857141
static site generator,0.040165056874999994
web server,0.04072773526785717
network analysis,0.041286139107142794
software development,0.042149509017857134
data visualization,0.042317607946428554
operating system,0.042597450267857134
back end,0.043885923125000004
design,0.04417474053571424
e-commerce,0.04584104589285712
application performance management,0.04651891937499997
graphical user interface,0.05094197687500007
user interface,0.05424312464285719
distributed system,0.055643853660714226
content management system,0.05656350312500005
distributed database,0.05800094562499997
database,0.058434118392857115
database management,0.05963773383928572
digital audio,0.06204942732142854
graph database,0.0644623539285715
streaming media,0.06463030214285712
