domain,diff
graph database,9.891249999977036e-06
graphical user interface,0.000294876750000006
HTTP client,0.0004558367499999938
File Transfer Protocol,0.001189195625000028
server,0.0012322457499999717
HTTP server,0.0012992478750000203
user interface,0.0015639421249999397
web browser,0.002105450249999974
data,0.002268380250000035
security,0.0023144656250000117
application performance management,0.0030116539999999747
text classification,0.0030974297499999914
big data,0.003256519874999947
game engine,0.0036930281249999974
cryptocurrency,0.003734664750000005
support vector machine,0.003770494999999985
web application,0.0037800343750000187
data compression,0.004100560000000031
compiler,0.0043208356249999635
automation,0.005220185750000023
dependency injection,0.006004408750000023
telecommunications network,0.0060170882500000245
penetration test,0.006229664499999954
Semantic Web,0.006273503124999968
web server,0.006439879749999933
electronic trading platform,0.006506358624999986
instant messaging,0.006641764624999991
code generation,0.0067807085000000655
distributed computing,0.0077532523749999915
Web Components,0.007755277499999991
analytics,0.007865755625000026
time series,0.008043541500000001
question answering,0.008806795750000013
web crawler,0.009141265875000026
test automation,0.009166811749999948
static program analysis,0.010466891249999999
streaming media,0.010549030250000035
information extraction,0.011047455124999966
web browser engine,0.011155550125000024
data science,0.011398645625000037
command-line interface,0.011633950750000038
unit testing,0.01190675212500003
logging,0.012011929750000011
language model,0.01214021249999997
lexical analysis,0.013183742999999998
information processing,0.013695798374999985
stream processing,0.013738846500000068
object detection,0.014717575374999986
website,0.016703979000000035
software testing,0.01879656675000002
algorithmic trading,0.019557709875000023
stock market,0.020319481999999972
database,0.020371202000000033
computer data storage,0.020579940749999998
file system,0.02121261125000004
smart contract,0.022471792749999997
static site generator,0.02257906049999997
data structure,0.023106835625000044
World Wide Web,0.02340202024999999
cloud computing,0.023943001874999925
distributed system,0.024362169875000006
scheduler,0.025600058750000015
web application security,0.03218682262500003
web service,0.03427522850000003
front end,0.034918129249999985
package management system,0.035589392624999994
authentication,0.03567613762500005
serialization,0.03652526837499995
regular expression,0.03659346275
encryption,0.03669493987499994
back end,0.037617176999999974
pattern matching,0.03813328825000001
content management system,0.03821886449999995
password manager,0.03932922862499999
object–relational mapping,0.04122534112499998
client,0.046117988125000065
data binding,0.046954890875000044
microservices,0.04707855837499997
validator,0.06170340275000008
