domain,diff
serialization,0.0019045641428571125
schema migration,0.0026177492857142326
optical character recognition,0.00272004785714286
authentication,0.0037917914285713894
regular expression,0.004431486714285726
compiler,0.004769601714285754
penetration test,0.008898830428571453
password manager,0.009078832857142838
translation,0.009865751857142863
dependency injection,0.010738181571428584
Parser combinator,0.012203804571428556
validator,0.012728502714285717
object–relational mapping,0.014015067285714222
debugging,0.014051556571428564
data binding,0.01414890000000002
smart contract,0.015578768571428536
security,0.015640016714285693
logging,0.017530289285714318
unit testing,0.01783186085714286
convolutional neural network,0.018272984428571393
language model,0.01868528471428571
client,0.01894793571428577
cryptocurrency,0.01911950457142858
test automation,0.01958871385714292
object detection,0.021784637000000023
artificial neural network,0.02185257857142861
search,0.02206719871428567
information processing,0.02210775728571429
software testing,0.02306595785714277
server,0.023857735285714277
data,0.02406849600000005
analytics,0.02567518428571422
web application security,0.025885843142857135
static program analysis tool,0.026272950571428588
data analysis,0.027008435571428624
digital image processing,0.02771708414285709
digital security,0.030171701857142907
HTTP server,0.03140420771428576
user interface,0.03191438914285716
data compression,0.03240791242857147
data structure,0.03271214885714285
web service,0.03357526028571431
blockchain,0.03474608800000001
instant messaging,0.03512881699999998
static site generator,0.03561549000000003
computer configuration,0.0359093865714285
command-line interface,0.03596097157142858
synchronization,0.03601935342857146
continuous integration,0.03614637771428575
big data,0.036872428428571496
database,0.03693796514285719
embedded system,0.03724717585714293
database management,0.03763634571428576
software development,0.038416289142857135
design,0.039756702285714235
graphical user interface,0.03997062700000001
file system,0.04138118100000002
operating system,0.04148459914285718
word embedding,0.043807484428571464
web server,0.04622590514285713
backup,0.04652965857142849
distributed computing,0.04693962142857144
package management system,0.04728398757142857
distributed database,0.04806058400000002
File Transfer Protocol,0.05164167214285717
website,0.05475494057142857
network monitoring,0.05491192285714283
back end,0.05736002799999998
World Wide Web,0.057411877714285686
digital audio,0.07568968557142855
