domain,diff
data science,0.00020145579365071775
data mining,0.000248949126984116
penetration test,0.0005219807936508447
password manager,0.0012958454761904936
validator,0.0014229984920634542
analytics,0.0015625848412699206
artificial neural network,0.0033039680158730433
algorithm,0.003422290396825345
data,0.003533958333333309
Image analysis,0.0037024115079364595
support vector machine,0.0037607141269841715
computer data storage,0.003883779999999948
file system,0.0038839455555556013
logging,0.004049521507936471
software testing,0.005603482301587304
sorting algorithm,0.0056052926984127005
natural language,0.0059848107142857765
microservices,0.00654998833333334
operating system,0.007048507142857152
software engineering,0.007385684126984149
embedded system,0.007467452857142842
parsing,0.007703731349206322
serialization,0.007885687142857145
signal processing,0.008015917301587294
convolutional neural network,0.008051243571428557
data compression,0.008442809682539631
natural language processing,0.008674295079365069
command-line interface,0.009177104126984137
object detection,0.009239502222222223
language model,0.009284876825396804
data analysis,0.009535918571428603
synchronization,0.01063648309523807
linear regression,0.0112458980952381
stream processing,0.011264415317460308
regular expression,0.011369776825396832
big data,0.011575758650793688
information processing,0.011958309047619076
cluster analysis,0.012505880476190417
data visualization,0.012793488015873045
web browser engine,0.013009075952380877
data structure,0.013141962698412668
optical character recognition,0.013453722698412718
object–relational mapping,0.013503477619047632
automation,0.013582296984126996
data binding,0.01364567555555557
text processing,0.013655911190476183
interpreter,0.013835890476190521
web scraping,0.013947311269841306
security,0.015162555714285708
smart contract,0.015169431349206342
distributed system,0.015505104285714277
dependency injection,0.016426455793650818
translation,0.016615906746031722
regression analysis,0.01728119769841266
schema migration,0.017436394841269853
pattern matching,0.017820271587301595
static program analysis tool,0.018220195317460275
HTTP server,0.019097602936507946
package management system,0.019929031349206427
graphical user interface,0.021243323333333453
code generation,0.021391895793650834
static site generator,0.02181910833333328
unit testing,0.021896521190476165
Semantic Web,0.02258615460317459
middleware,0.023020808809523785
server,0.02329271373015873
compiler,0.023402008174603195
static program analysis,0.023736523174603175
content management system,0.02790276500000005
File Transfer Protocol,0.028393104920634987
Parser combinator,0.028410280873015947
client,0.028759486825396863
web server,0.02976550936507938
user interface,0.03102953380952378
web service,0.03288381428571427
World Wide Web,0.03303950960317456
graph database,0.03376380309523819
Web Components,0.036596408968253974
web application security,0.03668571880952379
back end,0.03758903833333338
email,0.03802399523809524
distributed database,0.04025629222222221
instant messaging,0.04111572833333327
website,0.04733838468253965
database,0.05422936547619045
database management,0.05561402626984119
streaming media,0.056177356031746034
recommender system,0.06708679936507939
web application,0.07218291547619049
