domain,diff
support vector machine,0.00015333690476188044
data analysis,0.0003799041269841874
recurrent neural network,0.0008103751587301422
question answering,0.0009911062698413353
machine learning,0.0010335886507936431
computer vision,0.0011023184920635198
automated machine learning,0.0011042415873016576
object–relational mapping,0.0016660920634919973
schema migration,0.0018785046031746244
validator,0.0020292701587301676
data science,0.002233015793650761
hyperparameter optimization,0.002413875396825388
DevOps,0.0026515799206349167
artificial neural network,0.002729713571428566
smart contract,0.0029189146825397416
lexical analysis,0.002993782857142885
deep learning,0.003007401825396827
convolutional neural network,0.0031976174603174368
compiler,0.0033066320634920765
static program analysis tool,0.003746045873015802
Image analysis,0.003910994603174595
random forest,0.003982614761904729
data compression,0.003988515317460306
text classification,0.004383169047619068
stream processing,0.004391901984126978
password manager,0.004455857698412696
serialization,0.004615416587301663
test automation,0.005054382301587335
natural language processing,0.005320621190476216
synchronization,0.005391290317460384
time series,0.005686264126984114
evolutionary algorithm,0.005700889920634888
graph algorithm,0.006318938888888903
natural language understanding,0.0065151011904762135
signal processing,0.0066643145238095836
analytics,0.006796895158730165
speech synthesis,0.006993464841269836
scheduler,0.007035920238095239
penetration test,0.0070516136507936256
game engine,0.007219810873015875
image recognition,0.007233168492063513
data binding,0.007412354444444491
information processing,0.007490366825396777
automation,0.008010297539682576
parsing,0.008048981349206286
face detection,0.008375605158730148
shell tool,0.008454481428571442
data visualization,0.00898852468253969
security,0.009039393492063452
natural language,0.009506065714285722
Containerization,0.009598663730158719
computer science,0.009751845714285723
search,0.009800851825396861
regression analysis,0.009927412142857112
distributed computing,0.010210616428571462
Kalman filter,0.010316708650793621
digital image processing,0.010354282857142905
software architecture,0.010478426666666707
interpreter,0.010914742698412694
linear regression,0.011014207539682519
software design pattern,0.011256296111111036
static program analysis,0.011342588730158754
object detection,0.011642945555555534
blockchain,0.011675904444444496
benchmark,0.012002772222222208
software engineering,0.012035585793650827
artificial intelligence,0.012107448492063466
unit testing,0.012115991190476183
statistics,0.012457370396825429
data,0.012546655555555508
data mining,0.013026101349206315
logging,0.013039156507936522
data structure,0.013199556031746051
translation,0.013327578412698438
language model,0.01339300071428573
long short-term memory,0.013474489285714292
big data,0.013890391984127004
digital security,0.013934566190476227
facial recognition system,0.013961068253968256
genetic algorithm,0.014519429444444398
cloud computing,0.014831480873015945
web crawler,0.015170078253968239
cluster analysis,0.015318347698412643
authentication,0.015861485238095302
software testing,0.015938755634920643
design,0.01629709373015875
microservices,0.0165499511111111
dependency injection,0.017868783571428598
word embedding,0.018052768095238064
text processing,0.01822314730158736
encryption,0.018232043412698407
Semantic Web,0.018305509603174674
optical character recognition,0.01912104325396824
camera,0.01913735428571428
geographic information system,0.01971240333333335
syntax highlighting,0.019856944999999987
Q-learning,0.020550285793650813
web browser engine,0.020701283730158643
code generation,0.02137020690476185
middleware,0.021371812698412762
cryptography,0.022339357857142833
network monitoring,0.02235386396825395
regular expression,0.022486073492063524
telecommunications network,0.02272398055555555
3D modeling,0.023258352619047684
routing,0.02332250309523809
graph database,0.02367855087301579
client,0.024056018492063486
computer data storage,0.02415256333333321
internet of things,0.024299970873015775
"extract, transform, load",0.024360499603174546
algorithm,0.02440347873015869
web application security,0.024435909365079334
continuous integration,0.024751851269841307
stock market,0.02526865253968255
file system,0.025277736666666772
image segmentation,0.026197734285714314
static site generator,0.026331269444444416
sorting algorithm,0.027639346031746004
content management system,0.02810080888888894
speech recognition,0.028395740396825492
reinforcement learning,0.02850781857142859
Web Components,0.029954746190476167
pattern matching,0.029986326587301604
graphical user interface,0.030329981111111126
software development,0.03055408214285721
computer configuration,0.031172757460317446
Parser combinator,0.03174548253968251
front end,0.03187543087301589
application performance management,0.0321161783333333
e-commerce,0.03286002325396831
operating system,0.032920007142857144
embedded system,0.03305936841269844
command-line interface,0.03329436468253974
web service,0.033512161507936566
package management system,0.03354308190476191
backup,0.033552034126984154
distributed system,0.03444668428571429
HTTP client,0.03617352285714279
World Wide Web,0.03891405126984121
instant messaging,0.039533654444444455
server,0.039713477619047644
user interface,0.03982510825396823
File Transfer Protocol,0.04124172492063494
web browser,0.04149483142857144
distributed database,0.04205466888888898
banking industry,0.04256361587301591
HTTP server,0.0426681751587302
search engine,0.04268496753968254
website,0.0427054119047619
database management,0.04317994849206358
recommender system,0.043701230476190484
router,0.04392504658730159
back end,0.047733563888888886
database,0.0478323971428572
electronic trading platform,0.04907002301587304
web server,0.05027711269841273
distributed multimedia communications platform,0.05046056738095242
mobile application development,0.0553442666666667
digital audio,0.06243366190476193
web application,0.06788425325396824
streaming media,0.07116470658730153
