domain,diff
data science,9.858095238068909e-06
Semantic Web,0.00017837571428563903
lexical analysis,0.00021921730158724895
DevOps,0.0003351767460317012
stream processing,0.00045547301587306466
natural language,0.0005614518253968526
text classification,0.0005784090476190773
digital image processing,0.0006723793650793841
knowledge graph,0.0009786103174603267
validator,0.0011531381746032188
natural language processing,0.0013391461904761204
computer vision,0.0022261557142857213
web scraping,0.002712422936507919
convolutional neural network,0.002712806349206287
parsing,0.0028669746825397135
game engine,0.003043276904761971
functional programming,0.003320089126984116
data visualization,0.00336088476190477
kernel,0.003573935714285714
sorting algorithm,0.003584387301587305
game,0.0036198607936507865
geographic information system,0.0036226933333332045
static program analysis,0.0036267409523809135
simulation,0.003802738333333361
data mining,0.003811695793650788
face detection,0.004080584841269885
automated machine learning,0.0041707834126984145
data analysis,0.004185551904761942
static program analysis tool,0.004276318015872971
data,0.0043006305555555735
optical character recognition,0.0046113732539682095
regular expression,0.004648899047619032
dependency injection,0.004761851904761971
serialization,0.004994876031746059
algorithm,0.005025055158730196
computational science,0.005089105714285669
support vector machine,0.005116748571428548
hyperparameter optimization,0.005255617380952371
data structure,0.0060097976984127
shell tool,0.006198147539682536
question answering,0.006206290714285634
information processing,0.006410176269841306
language model,0.006629994047618992
static site generator,0.006688910555555538
syntax highlighting,0.006762424999999961
analytics,0.006772242936507966
smart contract,0.00679261912698409
data binding,0.007183114444444527
pattern matching,0.0082369676984127
compiler,0.008425225396825331
microservices,0.008614447777777756
artificial neural network,0.00935242857142854
topic modeling,0.0093960577777778
automation,0.009518721428571353
algorithmic trading,0.009625432698412706
interpreter,0.009640219920634935
software design pattern,0.009844071666666704
machine learning,0.009867636349206343
search,0.009972839603174577
long short-term memory,0.010275657619047612
web browser engine,0.010358805952380923
statistics,0.011058360396825367
unit testing,0.011607004523809555
object detection,0.011636179444444505
time series,0.011847690793650806
3D modeling,0.011984228174603179
artificial intelligence,0.012270289047619037
encryption,0.01239960603174603
content management system,0.013290163888888873
image recognition,0.0133748934920635
test automation,0.01347810396825394
text processing,0.013591985079365071
Malware Analysis,0.01369847206349209
big data,0.014213150317460344
graph algorithm,0.014727163333333404
sentiment analysis,0.014822883412698357
Kalman filter,0.014825944761904741
cluster analysis,0.01544784380952377
Web Components,0.015571758412698422
scheduler,0.015652618571428578
password manager,0.015851949920634906
translation,0.01621256285714287
benchmark,0.016732154444444453
image segmentation,0.01695638428571425
virtualization,0.017041745000000025
design,0.017062744841269767
distributed computing,0.01726657476190474
data compression,0.017286630873015935
web crawler,0.01740603214285713
linear regression,0.017609851984126984
middleware,0.017659611031746014
plot,0.017862202222222234
graph database,0.018069681984127006
cryptocurrency,0.018190249126984137
information extraction,0.018843838492063503
continuous integration,0.01902510682539682
signal processing,0.019644605634920598
code generation,0.020107022460317453
geometry,0.020193711666666697
routing,0.020770056984126983
web service,0.020915360396825455
client,0.021018156825396844
debugging,0.02112966023809526
cloud computing,0.021351963095238097
regression analysis,0.021663685476190464
graphical user interface,0.021675074999999988
word embedding,0.021976279761904777
stock market,0.022825080317460333
virtual machine,0.022925784841269864
telecommunications network,0.023436738333333318
reinforcement learning,0.023458204126984072
front end,0.023509388095238115
synchronization,0.02378664420634921
logging,0.023888671507936526
penetration test,0.02408054365079365
object–relational mapping,0.024635707380952387
video,0.02475114825396829
"extract, transform, load",0.02545914460317461
game server,0.02548509761904763
application performance management,0.025863526666666692
security,0.026054097380952324
schema migration,0.026207452936507947
package management system,0.026378661904761902
database management,0.02657133293650793
user interface,0.02696409158730151
World Wide Web,0.027208689603174574
blockchain,0.02737406222222219
computer data storage,0.02746012111111107
network analysis,0.027757403412698417
authentication,0.02823592246031742
facial recognition system,0.02833272825396832
speech recognition,0.02865438095238093
software testing,0.028803404523809473
web application security,0.029611025476190544
database,0.02980750825396833
HTTP client,0.029870026746031703
embedded system,0.029989826746031734
web development,0.030305924444444438
Parser combinator,0.030620271428571433
continuous deployment,0.03145119293650797
command-line interface,0.032199391904761926
software development,0.03227448103174607
file system,0.03253481888888887
computer configuration,0.033098580238095254
distributed database,0.033451777222222256
internet of things,0.03389827865079362
website,0.034473863571428565
server,0.03501197539682538
malware,0.035341386746031794
network monitoring,0.03571230119047619
e-commerce,0.03607717714285713
instant messaging,0.03626676499999998
operating system,0.03658554714285708
HTTP server,0.03737205793650794
distributed system,0.038312036507936464
search engine,0.040570403095238045
web server,0.040635814365079376
digital security,0.041946363968253964
backup,0.042652390793650824
back end,0.043015560000000064
email,0.04311186468253969
social network,0.044836528492063515
mobile application development,0.049561437222222254
electronic trading platform,0.05010931023809517
audio signal processing,0.05075959539682537
File Transfer Protocol,0.05088850603174597
router,0.05189473547619047
recommender system,0.05323086992063494
web application,0.05595097992063486
streaming media,0.06690192714285711
digital audio,0.07425531190476192
