domain,diff
information extraction,0.0005832479365078802
object detection,0.000590183888888901
unit testing,0.0006594238095238014
data binding,0.0009256222222221999
analytics,0.0026932281746031572
schema migration,0.0028398957142857784
convolutional neural network,0.002908616428571431
regular expression,0.003051654603174636
static program analysis,0.0031786540476190783
validator,0.004038743174603232
text classification,0.004047870396825387
object–relational mapping,0.004547111507936519
code generation,0.004719853015873049
information processing,0.005088049047619059
stream processing,0.005153098650793608
artificial neural network,0.00549819079365077
data analysis,0.006576815793650881
optical character recognition,0.006671595476190451
translation,0.006916584523809555
time series,0.007110733571428579
serialization,0.007425009920634967
logging,0.00826095539682542
pattern matching,0.00878762992063492
compiler,0.008813609603174677
data structure,0.00918596341269845
big data,0.009506305317460273
support vector machine,0.009938415238095244
Parser combinator,0.010390407539682511
text processing,0.01053341063492072
data,0.010778264444444408
static program analysis tool,0.010862729682539762
automation,0.012018891428571377
smart contract,0.012111098015872956
data visualization,0.013038335238095167
synchronization,0.013066686984126968
linear regression,0.01322457587301587
data compression,0.01327616920634922
regression analysis,0.013337902698412729
encryption,0.013557553809523809
algorithm,0.013846086269841296
test automation,0.01406166896825406
dependency injection,0.016407100238095162
virtual reality,0.019316989126984124
password manager,0.020105544365079414
client,0.020257040714285746
signal processing,0.020429649523809518
database management,0.02146750849206358
information retrieval,0.022110355476190474
command-line interface,0.022365761904761916
language model,0.022661053492063488
microservices,0.022798800555555526
HTTP server,0.0233892457142858
game server,0.023757640952380976
distributed database,0.02430565166666665
sentiment analysis,0.024500813412698386
cloud computing,0.025133681984126993
software testing,0.025996515634920586
penetration test,0.02616410865079366
web service,0.026333789285714365
computer data storage,0.026786704999999966
graphical user interface,0.026974405000000035
telecommunications network,0.027286701111111145
static site generator,0.02741548944444444
network monitoring,0.027725350634920626
database,0.02793527436507942
front end,0.02834828809523815
server,0.02851504428571433
middleware,0.02858428047619055
speech synthesis,0.028982560952380998
content management system,0.0302419633333334
web application security,0.03164691825396829
software development,0.032325767142857176
user interface,0.0324515999206349
blockchain,0.032970537777777725
instant messaging,0.033552853333333355
World Wide Web,0.033754240714285705
web server,0.03375745492063492
file system,0.034255190000000046
security,0.03431854071428572
back end,0.03493077888888885
operating system,0.035049296587301604
graph database,0.03512451531746036
computer configuration,0.03532380746031749
package management system,0.03560343523809523
distributed system,0.036102681507936496
File Transfer Protocol,0.03689032880952381
embedded system,0.03880064007936504
e-commerce,0.044431595476190466
website,0.048258105238095234
web application,0.05528289603174602
router,0.05647956603174603
streaming media,0.05837129269841268
recommender system,0.06653852769841268
