domain,diff
classification,6.67738095238013e-05
data analysis,0.00013526246031742017
image captioning,0.00029772031746036487
software engineering,0.0003421235714285431
language model,0.0005096646031746976
Malware Analysis,0.0008432570634920589
deep learning,0.0009533942857143096
internet bot,0.0009785659523809664
microservices,0.001113854999999997
regular expression,0.001266327380952309
semi-supervised learning,0.001446656904762006
cryptography,0.0015548878571428615
test automation,0.0016405649206349127
machine learning,0.0017356813492063194
hyperparameter optimization,0.0019321512698412258
data science,0.0019673969841270122
middleware,0.002062846031746113
evolutionary algorithm,0.002421467301587321
time series,0.0024965269841269733
game engine,0.002532113095238042
validator,0.002685494285714296
kernel,0.0031734512698412543
smart contract,0.003214425793650777
functional programming,0.0033098919047618858
long short-term memory,0.0033959153968254052
support vector machine,0.0034354919047619448
artificial neural network,0.003553972460317467
data compression,0.003652477539682508
signal processing,0.0036868184126984116
object–relational mapping,0.0039831690476190285
data structure,0.004050137142857069
unit testing,0.0040743867460317496
Image analysis,0.004245073730158727
network monitoring,0.004309200079365028
synchronization,0.004323940793650782
question answering,0.004695830714285809
optical character recognition,0.004734424920634944
big data,0.005046005317460356
convolutional neural network,0.005050112460317474
encryption,0.005216393809523823
web scraping,0.005246103492063503
natural language,0.005267406507936556
distributed computing,0.0052819313492062925
data visualization,0.0053609874603174346
logging,0.005443412380952417
cloud computing,0.00575857587301587
continuous integration,0.005867179841269832
serialization,0.006076142142857149
benchmark,0.006156763888888861
data mining,0.006211362460317477
transfer learning,0.006225447698412684
automation,0.006339189126984113
automated machine learning,0.006371835476190496
statistics,0.006611564841269818
application performance management,0.006983300555555627
genetic algorithm,0.00705739666666666
continuous deployment,0.007168940158730153
compiler,0.007390661507936491
parsing,0.007550837460317372
routing,0.007601005873015876
Bidirectional recurrent neural networks,0.007611000079365077
dependency injection,0.007688640793650781
scheduler,0.00817262587301587
neural network,0.008468499365079402
algorithm,0.008497846507936502
sentiment analysis,0.008600068412698447
cluster analysis,0.008615798253968215
static site generator,0.008801775555555502
data binding,0.008846958888888923
object detection,0.008888702777777785
data,0.009508195555555543
artificial intelligence,0.009826060158730249
linear regression,0.01011989365079366
Semantic Web,0.01021112349206349
algorithmic trading,0.010327845634920618
natural language processing,0.010526816587301507
regression analysis,0.01055174547619045
content management system,0.010649999444444502
web browser engine,0.011567585396825397
software testing,0.011654903412698425
network analysis,0.011882573412698438
package management system,0.012306922460317449
command-line interface,0.012357555238095286
analytics,0.01248362626984123
telecommunications network,0.01315280333333324
geographic information system,0.013940362222222225
search,0.014224461269841171
shell tool,0.014400231984127015
software development,0.014591689365079319
static program analysis tool,0.014709925317460293
cryptocurrency,0.015201860793650768
web crawler,0.015227179920634881
blockchain,0.015555491666666588
password manager,0.015652652142857187
distributed system,0.015686545952380948
penetration test,0.015697499761904737
image segmentation,0.015757023730158748
information processing,0.015885732380952422
information retrieval,0.01622047603174609
stock market,0.016278869206349217
network security,0.016549465952380937
game server,0.01733924873015874
pattern matching,0.017580429365079364
back end,0.017860384444444488
HTTP server,0.01811259404761903
interpreter,0.018261940476190508
client,0.018454389603174637
embedded system,0.018850997857142893
HTTP client,0.018992287857142937
software design pattern,0.01948121111111109
bitcoin,0.01997629936507933
3D modeling,0.020115323730158785
static program analysis,0.020506554841269897
front end,0.020762835317460315
anomaly detection,0.02077494261904761
plot,0.021057617222222214
sorting algorithm,0.021213294920634868
internet of things,0.021640341428571352
web service,0.021652963730158736
schema migration,0.02198041960317454
translation,0.022162510634920668
graph database,0.02216594253968246
reinforcement learning,0.02304169634920636
Web Components,0.0230593406349206
server,0.02329883873015881
computer data storage,0.02381651555555553
graphical user interface,0.02390914777777775
file system,0.024160378333333343
banking industry,0.02422389865079355
backup,0.024280263571428568
World Wide Web,0.02479689182539685
text processing,0.024954404523809565
security,0.025058959047618984
distributed database,0.02554440944444447
File Transfer Protocol,0.02597344325396833
code generation,0.026230634126984148
computer configuration,0.02641316079365086
"extract, transform, load",0.027114642380952347
web server,0.027222723253968295
DevOps,0.027569793253968244
audio signal processing,0.02769533928571427
malware,0.028435322301587324
operating system,0.028625311031746037
web application security,0.02874917047619044
instant messaging,0.02898451000000002
stream processing,0.029474981428571356
database management,0.03148948793650802
user interface,0.032407087142857116
e-commerce,0.03307836436507941
image,0.03407067507936509
electronic trading platform,0.034150855238095246
Parser combinator,0.03476396587301589
router,0.03568460714285712
digital security,0.037023523412698434
database,0.0411902438095238
website,0.04302509357142853
WebSocket,0.046018304761904744
search engine,0.0505625075396825
streaming media,0.051174991587301544
recommender system,0.05292146325396824
web application,0.05647075492063497
