domain,diff
static site generator,0.0006707200000000135
encryption,0.0009259603571428188
continuous integration,0.0009386030357142472
translation,0.0009774177678571194
information processing,0.0010829536607142587
object–relational mapping,0.0011616432142857458
Parser combinator,0.0017665029464285775
smart contract,0.002220027678571379
code generation,0.0022946010714285647
package management system,0.002440351428571408
unit testing,0.0033475972321428127
password manager,0.0034746877678570876
static program analysis,0.0034788582142857294
continuous deployment,0.004637204910714288
game server,0.005362433660714316
kernel,0.005689038839285704
synchronization,0.006519201428571486
cloud computing,0.006566474196428529
"extract, transform, load",0.0066346150892857
client,0.006814329464285729
stream processing,0.0070890291964285645
shell tool,0.007091362053571443
dependency injection,0.007468097053571432
text processing,0.007529408392857123
content management system,0.007664228750000002
file system,0.007959164374999994
compiler,0.008043406339285741
blockchain,0.008798220624999964
game engine,0.008841896428571416
application performance management,0.008858249375000016
object detection,0.009901344374999982
distributed system,0.010253119910714259
web browser engine,0.010347711785714253
analytics,0.010487069285714246
distributed computing,0.010888654196428593
web service,0.01194658303571422
pattern matching,0.012008345357142874
HTTP client,0.012080894732142827
geographic information system,0.012461938750000012
web application security,0.012871278392857122
convolutional neural network,0.012941437678571421
server,0.013518114910714307
deep neural network,0.013518345446428603
deep learning,0.013574594285714281
Web Components,0.014306639107142916
logging,0.014316028035714301
security,0.014339558214285675
computer data storage,0.01452724875
automated machine learning,0.014847313482142854
automation,0.015527248303571384
Malware Analysis,0.015669564285714338
validator,0.015893556785714302
sorting algorithm,0.01659691535714289
data structure,0.01710754160714284
network security,0.01761635991071428
natural language,0.017665571964285698
microservices,0.01768406187499999
computer configuration,0.017795285446428555
optical character recognition,0.01849430535714286
text classification,0.01885546803571428
data,0.01895323937500004
big data,0.01901871830357138
game,0.01912696669642852
internet of things,0.01982098392857143
data binding,0.019961468750000044
support vector machine,0.020305975446428592
3D modeling,0.020331791785714287
software development,0.020389342142857148
design,0.020458481160714248
operating system,0.020604776517857165
digital image processing,0.02099179589285713
distributed database,0.0211493425
machine learning,0.021484521696428588
language model,0.021670200714285742
software design pattern,0.021674125625000068
web server,0.021677076517857163
regular expression,0.021780584910714273
software testing,0.021791697857142883
data visualization,0.021848424196428545
HTTP server,0.023233782589285712
hyperparameter optimization,0.02468755008928572
graph algorithm,0.024807223749999996
artificial intelligence,0.024848221339285687
test automation,0.024888384107142836
computer benchmarking,0.02512051142857144
debugging,0.025287968571428565
command-line interface,0.026513739821428572
penetration test,0.026532744553571408
digital security,0.026708714107142872
database management,0.026979324464285637
web development,0.026988308125000027
telecommunications network,0.02718892937499995
back end,0.027265454999999994
benchmark,0.027752994375000006
embedded system,0.027897611607142825
graph database,0.028443614553571472
artificial neural network,0.028925366071428593
data analysis,0.02914811232142861
data compression,0.02937282705357136
File Transfer Protocol,0.029647700892857176
graphical user interface,0.030026897499999983
Containerization,0.030039693839285703
World Wide Web,0.030951679464285675
user interface,0.031231147142857185
malware,0.03148122723214283
word embedding,0.03158249080357142
website,0.033004402946428535
question answering,0.03404492696428571
linear regression,0.039708358303571445
schema migration,0.04090370508928576
instant messaging,0.04184340812499998
database,0.04505522714285709
web application,0.049017082767857156
recommender system,0.049073912142857085
streaming media,0.05914714776785715
digital audio,0.08008306107142854
