domain,diff
convolutional neural network,4.025000000046353e-06
text mining,0.0004364021428571174
microservices,0.000491971428571436
syntax highlighting,0.0006466607142857073
web browser engine,0.0008150992857142714
object–relational mapping,0.0008384314285714289
game server,0.0009274778571428666
HTTP server,0.0012172435714285501
web application security,0.0012244942857143615
compiler,0.0013578949999999979
analytics,0.0014108149999999542
cryptography,0.0023649421428571515
cloud computing,0.0028032785714285635
data mining,0.0028291014285714566
shell tool,0.0028644414285714237
Malware Analysis,0.0029062371428571487
security,0.002993375714285762
telecommunications network,0.0031312314285714127
schema migration,0.003203279999999975
network monitoring,0.003472807857142879
scheduler,0.0034815949999999485
game engine,0.003491919999999954
geometry,0.0035587235714285848
application performance management,0.003924032857142878
encryption,0.0044197942857142625
computational science,0.004450031428571394
automated machine learning,0.004514248571428542
natural language,0.004756369285714324
automation,0.004760224285714265
continuous integration,0.004767414999999997
static program analysis tool,0.004792832857142881
virtual machine,0.004848267857142818
pattern matching,0.004960960000000014
logging,0.005069971428571407
password manager,0.005140859285714283
web service,0.005160810714285702
natural language processing,0.00530915357142861
regular expression,0.005631401428571409
data binding,0.005933384285714272
command-line interface,0.006041105714285677
authentication,0.006136567857142838
distributed computing,0.0063320971428571515
text processing,0.006381900000000024
middleware,0.006386259285714346
synchronization,0.006889574285714295
web scraping,0.007030182142857139
network security,0.007140107142857177
object detection,0.00735793500000001
smart contract,0.007434825000000034
data science,0.007873113571428558
object-oriented programming,0.008204502857142804
HTTP client,0.008305822142857078
text classification,0.008647754285714265
artificial neural network,0.009499295714285705
web server,0.00955000571428577
question answering,0.009714414285714318
software design pattern,0.009759962142857098
algorithm,0.009837918571428544
server,0.010038287857142891
translation,0.01006241071428568
optical character recognition,0.010293724999999976
code generation,0.010470177142857195
test automation,0.010731676428571424
dependency injection,0.010761432857142816
client,0.011007780714285653
blockchain,0.011099171428571364
serialization,0.01127262857142855
validator,0.011285849285714328
stream processing,0.011555590714285746
"extract, transform, load",0.011776563571428533
penetration test,0.011791095000000001
static program analysis,0.011970964285714258
instant messaging,0.012105498571428508
machine learning,0.012357177857142881
geographic information system,0.012429860714285756
information processing,0.012673472857142876
unit testing,0.012810585000000013
support vector machine,0.012928610714285721
internet bot,0.013170097857142848
long short-term memory,0.013379913571428564
benchmark,0.01363222357142857
distributed database,0.01366083571428578
distributed system,0.014084032142857139
hyperparameter optimization,0.01431307357142858
static site generator,0.014373712142857098
data analysis,0.014593407142857201
data structure,0.014713733571428578
back end,0.01522981714285715
network analysis,0.015595851428571395
language model,0.016530035000000054
computer data storage,0.017009407857142833
search,0.01704402214285708
computer configuration,0.01705174499999998
database management,0.017477163571428644
bitcoin,0.018116797142857105
package management system,0.018124462857142865
big data,0.01835060500000002
software testing,0.019021532857142837
content management system,0.019262007857142938
front end,0.019626150000000064
web crawler,0.02003521785714288
embedded system,0.020099843571428633
World Wide Web,0.02047007857142852
Parser combinator,0.020700574285714285
data,0.020947704999999983
File Transfer Protocol,0.021008245000000036
graphical user interface,0.021009974285714272
banking industry,0.02113888214285717
signal processing,0.021256410000000003
data visualization,0.022121727857142837
sentiment analysis,0.022370185714285645
operating system,0.022474352857142832
data compression,0.0228323214285715
user interface,0.02311768714285717
Kalman filter,0.023403162142857203
web development,0.02456408785714287
Web Components,0.024971043571428597
web browser,0.02512226928571437
malware,0.026222355714285717
graph database,0.0265936385714286
software development,0.027150974285714252
regression analysis,0.02842126642857143
WebSocket,0.02973622714285709
database,0.02989636214285718
backup,0.030291890714285702
linear regression,0.030723617857142893
3D modeling,0.03127912999999999
email,0.033826300714285745
file system,0.035276460000000065
business dashboard,0.035815019999999975
e-commerce,0.036218702142857134
website,0.03833732357142855
web application,0.04155038642857145
streaming media,0.04564315428571428
audio signal processing,0.050624028571428614
recommender system,0.06047089642857145
