domain,diff
information processing,4.5411269841311164e-05
static program analysis,0.0008140168253968905
pattern matching,0.0016960404761904302
validator,0.0019774898412698028
unit testing,0.002069984920634982
schema migration,0.00285283071428577
text processing,0.003112416746031743
geometry,0.0033495866666667096
algorithmic trading,0.004021826031746001
speech synthesis,0.0052580337301587066
text editor,0.005823852857142847
parsing,0.0059694480158730134
shell tool,0.006000853650793642
object detection,0.006719393888888925
cluster analysis,0.007045743412698452
static program analysis tool,0.007259751349206367
natural language,0.007667299047619092
text mining,0.007677851190476176
regular expression,0.008161340158730102
sorting algorithm,0.008482821746031766
algorithm,0.00863443349206347
analytics,0.008814388730158662
data structure,0.008848863412698416
optical character recognition,0.009104677857142862
test automation,0.009243336746031727
data mining,0.009795259206349216
lexical analysis,0.010163230476190444
data binding,0.011188833888888916
stock market,0.011638313095238106
compiler,0.011838109841269817
search,0.012083751825396838
text classification,0.012294997619047593
code generation,0.012413045238095222
language model,0.012614716825396888
simulation,0.012635140555555535
object–relational mapping,0.012820658730158752
serialization,0.013657375634920588
natural language processing,0.013897782857142826
time series,0.014199509682539635
data science,0.014412101984126985
convolutional neural network,0.014710684761904763
digital image processing,0.014903523253968237
command-line interface,0.01500811079365083
data analysis,0.015315915793650825
support vector machine,0.015415159682539648
game engine,0.016889344761904762
penetration test,0.017269315317460288
artificial neural network,0.01946209579365077
translation,0.019465424523809477
logging,0.01969891595238099
web scraping,0.02046570904761902
computer science,0.02064356293650796
dependency injection,0.020688526349206426
smart contract,0.02082641246031744
random forest,0.02139623912698413
graph algorithm,0.021705083888888893
named-entity recognition,0.021929594523809548
regression analysis,0.022303849365079398
cryptocurrency,0.022391863015873037
client,0.02254300182539684
data visualization,0.022795686904761886
syntax highlighting,0.02286641277777776
design,0.02345487150793646
machine learning,0.023595088571428557
interpreter,0.023637028253968267
data,0.023705703888888874
graphical user interface,0.02473741833333326
static site generator,0.024739081666666662
3D modeling,0.025154415952380993
synchronization,0.02574433309523813
front end,0.026567299206349204
web browser engine,0.027274248730158768
data compression,0.027950833095238103
benchmark,0.028176520555555584
continuous integration,0.028539159047619056
software testing,0.028577628412698425
Semantic Web,0.0286853479365079
distributed computing,0.030246125873015894
microservices,0.03129008444444448
file system,0.03191656166666673
user interface,0.03223571769841266
server,0.03246676484126981
backup,0.033484221904761885
HTTP client,0.033660626190476245
image,0.034185048968254
digital security,0.03441057841269843
content management system,0.03455740222222228
HTTP server,0.03485367738095235
Web Components,0.03498331507936511
big data,0.03605887531746038
middleware,0.03623034658730162
word embedding,0.03646317253968254
Parser combinator,0.03652163587301582
web crawler,0.03661467380952385
World Wide Web,0.03673711626984122
web application security,0.037198838809523765
computer data storage,0.03786285166666678
graph database,0.03826308531746031
package management system,0.038960616349206334
website,0.039812036349206326
web service,0.0401969176190477
instant messaging,0.04113895666666659
electronic trading platform,0.04367160746031745
embedded system,0.04392442563492069
database management,0.044356424047619136
web server,0.04607018603174609
File Transfer Protocol,0.04614363269841276
e-commerce,0.04637039492063488
database,0.04661926936507932
distributed system,0.04792450373015866
back end,0.04961101611111107
distributed database,0.05301523333333347
distributed multimedia communications platform,0.05522634293650794
search engine,0.05576271476190478
digital audio,0.06722454968253969
web application,0.07193982158730158
streaming media,0.07335769769841272
