domain,diff
hyperparameter optimization,4.9112222222202906e-05
logging,0.0001861080555555783
automated machine learning,0.0001869130555555154
embedded system,0.0006508191666667051
server,0.0007163530555555631
dependency injection,0.000834319166666736
natural language processing,0.0009680647222221894
cloud computing,0.0011801430555555548
machine learning,0.0014233422222222625
blockchain,0.0015453622222222352
facial recognition system,0.0017007541666667347
artificial neural network,0.0017164555555555516
time series,0.002326791111111115
virtual machine,0.0026212927777778117
support vector machine,0.0026247352777777344
scheduler,0.002626651666666646
named-entity recognition,0.003021882500000045
interpreter,0.0032185538888888643
File Transfer Protocol,0.00325930222222226
signal processing,0.003434278055555573
data,0.0038127838888889487
application performance management,0.004005070277777745
cluster analysis,0.0043847966666666904
distributed computing,0.004803076111111082
automation,0.004852106666666717
email,0.005030048888888861
synchronization,0.005644861944444468
operating system,0.005971317222222244
network analysis,0.006041146944444492
unit testing,0.00618820388888891
stream processing,0.006641603333333357
package management system,0.0069593713888888575
content management system,0.0073551580555555884
language model,0.008501339722222251
web application security,0.008867468333333323
big data,0.009369667499999956
software testing,0.00939329972222222
digital image processing,0.00953179388888889
data mining,0.00953905166666666
data analysis,0.009606079722222188
client,0.009799204722222177
microservices,0.009828740833333266
long short-term memory,0.01000009805555549
instant messaging,0.010011593333333346
benchmark,0.010139181388888946
data compression,0.011416157777777769
data structure,0.011658643611111102
HTTP client,0.011803236944444517
linear regression,0.01181626888888887
penetration test,0.011933911111111167
static program analysis,0.012313973055555621
web service,0.012455201388888892
artificial intelligence,0.012466353055555518
geographic information system,0.012574219999999997
computational science,0.012654492222222258
computer data storage,0.013055431666666673
test automation,0.013190743055555537
HTTP server,0.013422722222222239
database,0.013624910555555536
serialization,0.013674013055555545
smart contract,0.014273331944444523
audio signal processing,0.014508916666666677
web server,0.014511323611111016
syntax highlighting,0.014598488055555525
data binding,0.014825172500000039
telecommunications network,0.014848773888888916
back end,0.0158455549999999
distributed database,0.01591382500000002
text classification,0.01613431527777781
pattern matching,0.016397224444444414
mobile application development,0.01700189472222227
encryption,0.017400644166666646
text processing,0.01860081916666667
command-line interface,0.018719858055555594
deep learning,0.019931844722222175
distributed system,0.020283594444444386
compiler,0.020520583888888916
face detection,0.02129188055555556
regular expression,0.021364240000000034
information processing,0.02202479138888888
file system,0.02318842555555556
user interface,0.02357481083333332
question answering,0.024067082500000003
analytics,0.025239998055555546
front end,0.02563110861111112
object detection,0.025678854444444454
graphical user interface,0.026647858611111075
authentication,0.02680303666666664
computer configuration,0.027542296944444433
game,0.02854961638888892
game engine,0.02867815666666662
algorithm,0.02881557555555561
plot,0.0357042044444445
security,0.036444568888888806
web application,0.03647679333333331
World Wide Web,0.04357118638888885
recommender system,0.04395895305555558
website,0.04665992361111104
password manager,0.048232989444444374
streaming media,0.05792032111111112
video,0.06343622833333334
