domain,diff
regular expression,1.628958333332875e-05
benchmark,0.0014003575000000046
continuous integration,0.002705293125000008
anomaly detection,0.002747330833333367
web browser,0.0030783612499999946
streaming media,0.0033189112500000006
File Transfer Protocol,0.004294647291666676
web browser engine,0.004696174791666674
information processing,0.004769867708333292
application performance management,0.00584092666666669
dependency injection,0.005985644583333394
web crawler,0.006079588541666681
deep neural network,0.007068010208333336
automation,0.007681972916666641
digital audio,0.008069929166666656
routing,0.008102558750000016
web server,0.008345716250000024
smart contract,0.00893358375000003
analytics,0.00898921895833335
user interface,0.009919469791666718
computer configuration,0.010102197083333347
data binding,0.010365703125000014
big data,0.010502218541666636
cloud computing,0.011346816458333298
object detection,0.011469171041666698
digital image processing,0.011978474374999992
server,0.012030402083333391
command-line interface,0.012581888749999992
word embedding,0.012669618958333323
microservices,0.012956461041666756
graphical user interface,0.014196250416666695
logging,0.015543250416666682
telecommunications network,0.015690158750000016
database,0.015706715000000038
instant messaging,0.01575449562500003
HTTP server,0.015895306875000015
embedded system,0.016099071250000013
security,0.016839463958333356
text classification,0.01705630875
distributed computing,0.017405707291666683
test automation,0.01799487791666668
distributed database,0.01879562458333331
penetration test,0.018851475833333298
router,0.019110442916666665
data structure,0.019347759375000023
Web Components,0.019701519166666598
pattern matching,0.020293876250000037
middleware,0.02058055583333329
World Wide Web,0.021163147916666653
web application security,0.022196730624999966
text processing,0.02266890833333332
web application,0.022822189374999968
digital security,0.023813269999999997
password manager,0.025022578958333347
data,0.02541138208333335
client,0.025571729791666664
HTTP client,0.025609989583333326
website,0.02649574666666671
scheduler,0.026727418749999954
web service,0.02698833083333335
software architecture,0.027438683333333297
encryption,0.032316471875
package management system,0.032588573958333394
software testing,0.03278154708333331
back end,0.0341844816666666
backup,0.0349606925
file system,0.03582479791666665
design,0.03739078708333335
web development,0.06077472916666665
