domain,diff
distributed computing,4.88805555555194e-05
cluster analysis,0.000626141111111117
support vector machine,0.0007547247222222664
software architecture,0.0008151450000000171
continuous integration,0.0009360694444444928
information extraction,0.000984250277777765
data,0.0009873238888888913
machine learning,0.0010965305555556137
automation,0.0011419050000000264
interpreter,0.0011833872222221653
recurrent neural network,0.0012227530555555532
internet of things,0.001328983055555566
email,0.0016056527777777163
computer data storage,0.0018141211111111222
graph database,0.0018303033333333107
anomaly detection,0.0018718866666666834
neural machine translation,0.0018963149999999818
Naive Bayes classifier,0.001899539444444459
Bidirectional recurrent neural networks,0.001936036944444497
bitcoin,0.001986323888888919
hacking tool,0.0020477888888889018
package management system,0.0022705847222222464
software engineering,0.002300109999999994
graph algorithm,0.0023003275000000045
dependency injection,0.0023683874999999854
data analysis,0.002399953055555598
Q-learning,0.0025663736111111723
artificial neural network,0.002609330555555539
quantum computer,0.0026111833333334056
client,0.002700276388888867
facial recognition system,0.0027367863888888844
middleware,0.00284247194444448
mobile computing,0.0029621713888889067
scheduler,0.003001176666666633
data structure,0.0030412963888888367
DevOps,0.0031219016666667043
object–relational mapping,0.0032961702777777324
algorithmic trading,0.003305470555555551
text classification,0.0034598358333333135
file system,0.003556773333333374
software development,0.0035747438888888705
network analysis,0.0038302319444444843
Containerization,0.0038414658333333074
integrated development environment,0.0039729272222222
mobile application development,0.0041330597222222765
banking industry,0.0042602347222222
lexical analysis,0.004461822777777791
mathematical optimization,0.004467732777777761
distributed system,0.004559467777777826
language model,0.004785940833333363
benchmark,0.004839998611111146
natural language,0.004927169444444435
classification,0.005001897222222246
translation,0.00508407972222219
functional programming,0.005111804166666678
blockchain,0.005173874444444476
code generation,0.005392588333333337
electronic trading platform,0.0054114227777778134
evolutionary algorithm,0.005488234444444434
named-entity recognition,0.005518176388888907
embedded system,0.005559499166666704
data binding,0.005719279722222248
optical character recognition,0.0058589136111110995
statistics,0.005929478888888895
bioinformatics,0.006152935833333317
sentiment analysis,0.006264254166666705
natural language processing,0.006442607499999975
linear algebra,0.0064688400000000035
text processing,0.0066297047222222405
time series,0.00666515833333331
instant messaging,0.006919303888888895
home automation,0.007063414444444471
linear regression,0.007114540555555604
logging,0.00718113749999999
static site generator,0.0072921183333333195
syntax highlighting,0.00740267638888889
Kalman filter,0.007527065833333374
cloud computing,0.007577433055555555
operating system,0.007650897777777804
microservices,0.008098700833333333
machine translation,0.008100160277777824
virtual machine,0.008277590555555547
encryption,0.008642754166666655
reactive programming,0.00890891138888883
long short-term memory,0.009171014722222232
logistic regression model,0.00942063472222221
web application security,0.009455469999999994
synchronization,0.009470443611111073
regression analysis,0.009791873055555594
reinforcement learning,0.0098356413888889
text mining,0.00991795499999995
image segmentation,0.009999451944444404
genetic algorithm,0.01011566111111109
question answering,0.010134338611111071
artificial intelligence,0.01022845638888889
digital image processing,0.010292197777777762
File Transfer Protocol,0.010303475555555608
game server,0.010328170000000025
database,0.010439266666666669
documentation,0.010513604444444435
Parser combinator,0.010562347500000041
computer configuration,0.01070834750000002
search,0.010730077777777763
engineering,0.010752928055555527
server,0.010809597500000045
signal processing,0.010835952500000023
virtualization,0.011044209444444453
geographic information system,0.011152878333333255
router,0.011303758333333358
database management,0.011574681388888897
distributed database,0.011585219444444433
application performance management,0.012076114166666596
data science,0.012270236666666656
web service,0.012477119722222207
random forest,0.012613066111111071
computer programming,0.012799146111111104
mathematics,0.01291514555555559
computational science,0.013194243888888874
chatbot,0.013410003333333309
serialization,0.013410341944444487
information processing,0.013654893055555561
sorting algorithm,0.013744610000000018
transfer learning,0.01389881722222222
word embedding,0.014108618888888869
stock market,0.014186956388888866
continuous deployment,0.01436216999999998
big data,0.014512324722222192
analytics,0.014539118055555605
penetration test,0.015117079444444431
digital security,0.015462331944444435
unit testing,0.015647045
schema migration,0.015700943055555527
computer science,0.016030133611111108
semi-supervised learning,0.01612228333333332
telecommunications network,0.01644721111111111
stream processing,0.016462811111111086
Semantic Web,0.016466605833333342
Malware Analysis,0.016677603055555573
convolutional neural network,0.016684566666666678
serverless computing,0.017491621944444508
software testing,0.017877500833333365
cryptography,0.018041070833333367
genomics,0.01808724500000003
game,0.018648352499999965
compiler,0.018753864444444407
audio signal processing,0.018878121666666664
distributed multimedia communications platform,0.0188843625
information retrieval,0.018895931111111153
command-line interface,0.01896019361111112
design,0.0190092380555556
algorithm,0.019131481666666672
image recognition,0.01918093888888886
parsing,0.01933758305555555
user interface,0.019366285833333274
font,0.019438219166666687
graphical user interface,0.019541706944444515
image editing,0.019725747777777802
kernel,0.019947235277777725
simulation,0.02014752638888892
shell tool,0.02021933944444443
HTTP client,0.02035683638888891
content management system,0.02043450583333331
data mining,0.02046407111111112
static program analysis tool,0.020894114166666644
network monitoring,0.021915343611111138
smart contract,0.022157981388888887
static program analysis,0.022245841388888937
data compression,0.022653877777777776
deep neural network,0.0227866769444445
backup,0.022999965833333302
speech synthesis,0.02337144277777778
Reverse engineering,0.023738226388888867
validator,0.023925174166666674
HTTP server,0.024629018333333308
e-commerce,0.025110280277777786
malware,0.025313873055555602
back end,0.02569303555555552
geographic information,0.02591761972222223
WebSocket,0.026197216111111143
social network,0.02631920361111112
camera,0.026490335555555494
authentication,0.027356708888888887
deep learning,0.02783851916666666
test automation,0.028096334166666653
face detection,0.028352825555555572
software design pattern,0.028527352500000047
security,0.02877563111111109
Image analysis,0.02990501444444449
game engine,0.030019192222222213
image,0.030254955277777773
computer vision,0.030306518611111166
web server,0.03142356749999997
text editor,0.03148400305555554
"extract, transform, load",0.03174321777777772
network security,0.03203489111111113
image captioning,0.03259115833333337
plot,0.03283037277777773
regular expression,0.03284188444444447
3D modeling,0.033085968055555554
object detection,0.033193305000000034
business dashboard,0.033419983333333375
web application,0.03387403611111106
web browser engine,0.033901825
pattern matching,0.03401464944444446
computer graphics,0.03413125277777779
data visualization,0.03456882250000001
internet bot,0.03487143805555551
debugger,0.03510086055555567
recommender system,0.036347058055555576
front end,0.03700944305555559
3D computer graphics,0.03713427555555551
digital audio,0.03730463166666667
image compression,0.03775593305555555
web development,0.03907428694444445
Web Components,0.039736093611111106
education,0.04013040805555554
augmented reality,0.041893123888888883
rendering,0.04506198833333336
password manager,0.047600607222222174
audio player software,0.04832888138888891
website,0.05127771749999996
virtual reality,0.05483708527777778
World Wide Web,0.055730557499999916
web scraping,0.05662599138888888
web browser,0.05790213138888897
search engine,0.060017714722222254
video processing,0.06073076027777774
web crawler,0.06295463472222221
animation,0.07975785111111117
video,0.08441999944444445
streaming media,0.08551137555555555
