domain,diff
social network,2.6759166666612266e-05
data analysis,5.901940476185641e-05
facial recognition system,0.00021329416666668322
cluster analysis,0.0003846176190476225
machine learning,0.00039493999999995477
bitcoin,0.00042991714285714466
artificial neural network,0.00043454238095236297
client,0.0005128377380952398
long short-term memory,0.000553723452380972
classification,0.0005681873809524063
big data,0.0007028977380952872
text processing,0.0008742225000000214
Semantic Web,0.0009046048809523699
computational science,0.0010855528571429018
sentiment analysis,0.0013486470238095183
geographic information,0.001380549642857165
package management system,0.0014294774999999704
encryption,0.0014302555952380724
game server,0.0017173359523809384
continuous integration,0.001811453333333296
virtual machine,0.0020307888095238424
code generation,0.0023568595238095125
File Transfer Protocol,0.0023920752380952592
software testing,0.002737194404761889
image segmentation,0.002750509642857113
functional programming,0.002936305357142871
question answering,0.003026156309523742
translation,0.003036698928571474
cloud computing,0.0033528258333333505
server,0.003403562738095278
dependency injection,0.0034493941666666472
internet of things,0.0037159413095238236
electronic trading platform,0.0037829052380952133
software engineering,0.004055341666666656
Parser combinator,0.004128393690476184
text classification,0.00435113964285716
data science,0.004730472142857101
static program analysis tool,0.0047549215476190565
reactive programming,0.0049783191666666615
backup,0.004992675357142817
scheduler,0.005088430476190481
time series,0.005157604761904772
web application security,0.005213372380952375
operating system,0.005301505238095194
content management system,0.005335897976190496
Kalman filter,0.005344810119047638
continuous delivery,0.005387117499999955
deep neural network,0.005408153928571469
reinforcement learning,0.005448691309523773
email,0.005498830714285696
application performance management,0.0055623163095237516
microservices,0.005692753452380961
syntax highlighting,0.005852001309523791
statistics,0.005990536428571447
logging,0.006419603928571438
support vector machine,0.006480397976190461
instant messaging,0.006485419047619123
blockchain,0.006559497619047672
digital image processing,0.006654594761904775
optical character recognition,0.006745894166666655
linear regression,0.00675862976190475
software development,0.006903855238095252
convolutional neural network,0.006917397142857107
database,0.007152761190476198
digital security,0.0072706639285714525
automation,0.007287816666666641
language model,0.007355560119047644
algorithmic trading,0.007397626428571419
unit testing,0.007406192380952387
embedded system,0.007493994880952343
penetration test,0.007818967857142894
middleware,0.008018246547619068
network analysis,0.008072103928571411
Containerization,0.008134361309523885
Q-learning,0.008189030119047647
information processing,0.008208697261904707
smart contract,0.008222821785714318
data binding,0.008268142976190523
mobile application development,0.008422125357142873
Naive Bayes classifier,0.008477688809523792
lexical analysis,0.008597791904761926
Bidirectional recurrent neural networks,0.00867888773809522
interpreter,0.008777636428571406
cryptography,0.008783350357142838
benchmark,0.00895931583333337
parsing,0.008991742738095193
linear algebra,0.009259279047619057
synchronization,0.009398113928571428
real-time computing,0.009484399642857189
anomaly detection,0.009524492857142935
banking industry,0.009565752976190472
analytics,0.00984310321428572
geographic information system,0.009931749285714248
software architecture,0.010321160952380948
artificial intelligence,0.010363602976190489
static site generator,0.010421939523809487
distributed multimedia communications platform,0.010449650357142876
data compression,0.010516729047619133
object-oriented programming,0.010730109999999987
command-line interface,0.010850269642857124
static program analysis,0.010883456071428571
computational biology,0.011145432261904759
validator,0.011195284880952394
search,0.011198696190476198
image recognition,0.011261227619047603
distributed computing,0.011811119761904743
back end,0.011929488809523825
deep learning,0.01209334107142862
authentication,0.012102908809523805
stock market,0.012344217023809528
image captioning,0.012593517619047617
logistic regression model,0.013232146309523796
stream processing,0.013295893333333364
computer science,0.014118603690476211
information retrieval,0.014205240952381015
regression analysis,0.014400051309523765
machine translation,0.014454636785714264
test automation,0.014862566309523872
data structure,0.015261966071428573
graph algorithm,0.015546708690476196
object–relational mapping,0.01565663369047618
signal processing,0.015695991547619054
sorting algorithm,0.015746588571428577
DevOps,0.015874041904761882
cryptocurrency,0.016507282261904732
data visualization,0.017086664404761948
software design pattern,0.01751166059523812
image,0.017554207261904736
web service,0.01770012726190473
web server,0.018281809404761873
data mining,0.018341229047619034
computer data storage,0.018410564047619038
shell tool,0.018434303809523767
WebSocket,0.018754983809523812
front end,0.0191401229761905
user interface,0.01914851392857142
security,0.019329505238095235
simulation,0.019539348928571426
distributed system,0.019699866190476145
HTTP server,0.019887970476190453
data,0.019911546428571403
algorithm,0.020142300952380898
e-commerce,0.020491273214285732
random forest,0.02057846214285708
serialization,0.020617847738095246
information extraction,0.020962770595238073
3D modeling,0.021272722261904742
natural language processing,0.021583503452380942
"extract, transform, load",0.0217874402380952
Image analysis,0.021880877619047584
business dashboard,0.022082047142857192
pattern matching,0.023099693809523814
graphical user interface,0.024624225119047632
router,0.02483723523809525
plot,0.025069294761904726
database management,0.02509683107142857
continuous deployment,0.025475963571428534
HTTP client,0.025560403452380975
computer vision,0.025581632976190455
audio signal processing,0.025617830714285694
computer configuration,0.025731815357142834
text editor,0.025983856071428557
kernel,0.026059552023809468
compiler,0.026353537857142867
face detection,0.02637668238095242
Malware Analysis,0.02758173821428575
game engine,0.027701989523809534
image compression,0.02776527202380949
regular expression,0.028106969761904743
debugger,0.028290339761904842
password manager,0.029455806904761905
distributed database,0.029482715238095286
object detection,0.029898267857142835
telecommunications network,0.030319557619047643
Web Components,0.030623676547619022
3D computer graphics,0.030902832857142848
graph database,0.03287258499999998
web application,0.03299868476190476
schema migration,0.03308222869047617
malware,0.033710262261904794
file system,0.03392528690476193
network monitoring,0.03426335226190483
internet bot,0.0345940141666666
recommender system,0.03507438678571434
web browser engine,0.03582649571428567
web development,0.036307409166666665
World Wide Web,0.037878137023809544
network security,0.03790152880952383
website,0.03866718845238093
web scraping,0.04676279630952376
search engine,0.055479092023809545
web crawler,0.05845874726190481
web browser,0.06277755821428568
streaming media,0.0784579619047619
