domain,diff
computer data storage,0.00011779904761904936
image segmentation,0.0001250975000000043
computer science,0.00036014202380951765
neural network,0.0008993776190476255
evolutionary algorithm,0.001139856666666661
operating system,0.0011743161904761712
Naive Bayes classifier,0.0012799147619047824
router,0.0013304295238094899
Kalman filter,0.001379942023809505
cloud computing,0.0014297534523809718
data science,0.0014301842857142588
text editor,0.0014815160714285458
network analysis,0.0014993224999999832
mathematical optimization,0.0016731178571428862
cryptography,0.001945873214285715
hyperparameter optimization,0.0021382221428571657
signal processing,0.002185734166666675
data,0.0023148300000000455
data structure,0.0023531260714285684
instant messaging,0.002811063809523784
file system,0.002824745476190549
algorithmic trading,0.00297629499999999
audio signal processing,0.0029814050000000203
transfer learning,0.0032032257142857457
data analysis,0.003263829404761942
content management system,0.0032729220238095214
big data,0.0033004194047618896
simulation,0.0033596139285714255
embedded system,0.003484214404761876
facial recognition system,0.003907924404761898
computational science,0.004347262142857106
long short-term memory,0.004374258690476168
question answering,0.00439248297619052
classification,0.004671066666666668
support vector machine,0.004684850595238127
static site generator,0.004837139761904752
analytics,0.00494489107142862
digital image processing,0.0051145876190476225
translation,0.005184873214285651
optical character recognition,0.005323694166666643
object–relational mapping,0.0053834594047619255
electronic trading platform,0.0055233954761904624
cluster analysis,0.005526928809523796
graphical user interface,0.005564479404761902
email,0.005752757142857112
data binding,0.005980440119047636
virtual machine,0.005996004047619047
compiler,0.006132268571428651
benchmark,0.006187007023809532
sorting algorithm,0.006236174999999983
banking industry,0.006526882738095263
logistic regression model,0.006599561309523827
search,0.006918709761904784
speech synthesis,0.00716980071428569
mathematics,0.0073162511904761585
stream processing,0.00738595261904762
digital security,0.007427252500000009
convolutional neural network,0.0075280942857142985
logging,0.007548552499999972
word embedding,0.007551295238095279
Containerization,0.0077717291666666855
Q-learning,0.007881080595238121
server,0.007902260833333397
blockchain,0.007985833095238037
internet of things,0.008135117261904773
anomaly detection,0.008278025714285736
game,0.008297209880952394
parsing,0.00832955559523807
artificial neural network,0.008459708333333343
linear regression,0.008721401904761866
geographic information system,0.009131273571428566
graph,0.009156235714285671
regression analysis,0.009210558452380974
user interface,0.009342360357142865
stock market,0.009391989166666642
game server,0.009498485952380953
synchronization,0.009585019642857184
artificial intelligence,0.009610324166666684
penetration test,0.009849480714285763
deep neural network,0.009892645357142849
mobile application development,0.009923764642857158
machine learning,0.00996002142857147
telecommunications network,0.010014679047619046
genomics,0.010134565000000012
image classification,0.010141801309523801
data visualization,0.01015805154761909
statistics,0.01037644642857144
text classification,0.010414421785714306
computer programming,0.01055826690476186
syntax highlighting,0.010672340833333321
web application security,0.01075706738095239
interpreter,0.010760623571428568
information processing,0.010768114880952473
documentation,0.010824996190476166
debugger,0.010843793333333296
time series,0.010886700238095293
Bidirectional recurrent neural networks,0.010974484880952373
image editing,0.011069245952380957
design,0.011158868452380982
sentiment analysis,0.01140913773809521
image captioning,0.011717485476190476
client,0.011764582261904855
database,0.011837493809523814
text mining,0.011993911190476159
plot,0.012000153333333347
authentication,0.01220109452380952
business dashboard,0.012227289285714316
dependency injection,0.01231650869047618
graph algorithm,0.012333029404761914
package management system,0.012384520357142825
microservices,0.0127086470238095
information extraction,0.012766739880952366
security,0.01305479380952379
encryption,0.01314083440476188
bitcoin,0.013446629285714273
algorithm,0.013577728809523792
middleware,0.0136278536904762
routing,0.013646713928571502
linear algebra,0.014106561904761922
distributed database,0.014428888095238096
genetic algorithm,0.014837286428571406
language model,0.014839937261904773
named-entity recognition,0.015095530833333315
serialization,0.015319282738095269
network security,0.015321362380952358
object detection,0.015736341428571443
image recognition,0.01579535761904763
continuous delivery,0.015800608214285666
web service,0.015857637976190497
lexical analysis,0.01609344404761906
back end,0.016184528809523757
backup,0.016379722500000055
data compression,0.01660458761904765
deep learning,0.016734631785714327
kernel,0.017061523452380933
random forest,0.017398487142857105
natural language understanding,0.017536433928571404
graph database,0.017870738571428568
automated machine learning,0.01809829273809524
computer graphics,0.018124004047619074
integrated development environment,0.018297907619047593
information retrieval,0.018633160238095248
schema migration,0.018672776547619008
text processing,0.018706368928571443
computer vision,0.01891422083333333
face detection,0.01900391095238102
database management,0.01949412249999999
RNA sequencing,0.019679441428571448
font,0.01973518273809524
game engine,0.020146200952380983
distributed multimedia communications platform,0.02046596892857147
code generation,0.020967561666666662
productivity,0.021864563928571418
3D computer graphics,0.02209853428571426
software development,0.022319106904761937
continuous integration,0.022678970238095203
cryptocurrency,0.022966763690476177
smart contract,0.02303312035714286
3D modeling,0.02306236369047618
data mining,0.023160800476190513
Malware Analysis,0.02317427607142858
reinforcement learning,0.02332036702380952
social network,0.023885908690476243
knowledge graph,0.024038599285714307
distributed system,0.024203969047619067
rendering,0.02435697071428572
unit testing,0.02458735666666667
front end,0.024612878690476236
computer configuration,0.024613166071428577
distributed computing,0.024848114047619052
software engineering,0.02486130547619056
visualization,0.026171011666666688
Image analysis,0.026242674761904783
image,0.02661966369047622
File Transfer Protocol,0.026740929761904786
network monitoring,0.02682597083333335
real-time computing,0.02734007392857135
automation,0.027447739761904788
"extract, transform, load",0.02770985738095233
natural language processing,0.02840092845238093
web development,0.02919052702380953
WebSocket,0.0293421323809524
validator,0.029973460595238116
malware,0.030263293690476173
Parser combinator,0.030332730119047552
e-commerce,0.030450517499999996
web application,0.03062417976190479
augmented reality,0.030633255952380978
regular expression,0.030789261190476175
software testing,0.030831934404761896
static program analysis,0.030970830357142876
shell tool,0.0310682766666667
recommender system,0.031146697499999987
static program analysis tool,0.031422517261904814
serverless computing,0.03184867511904768
geographic information,0.03208730678571428
command-line interface,0.032121488214285704
web browser engine,0.03217673071428567
Web Components,0.03291470797619048
HTTP server,0.036053617619047656
image compression,0.036239955595238016
HTTP client,0.036282297738095326
web server,0.03756371940476194
scheduler,0.038163028809523825
pattern matching,0.03828327238095239
application performance management,0.03907776273809527
virtual reality,0.04014090749999999
continuous deployment,0.04114367928571436
DevOps,0.041970639761904766
reactive programming,0.042122977738095174
video processing,0.04219046440476193
password manager,0.04289146904761901
test automation,0.052504473452380934
World Wide Web,0.05427941345238088
website,0.05747647059523811
web scraping,0.06355253773809522
search engine,0.06383189702380951
web browser,0.06490871892857142
web crawler,0.06709775369047619
video,0.07541543071428572
streaming media,0.09019609547619051
