domain,diff
data structure,7.527083333336293e-05
computer data storage,0.0008879975000000151
algorithm,0.0012015891666666279
data,0.0019362049999999131
telecommunications network,0.002689717499999994
benchmark,0.002706351666666662
text processing,0.003121169999999951
support vector machine,0.0034088983333333267
data binding,0.0037688099999999836
analytics,0.0038515866666666565
data compression,0.004980116666666701
security,0.005335835833333358
machine learning,0.00595310666666668
interpreter,0.006172863333333334
content management system,0.00781281583333332
file system,0.00786667000000002
operating system,0.008318573333333384
game engine,0.009573079166666665
continuous delivery,0.010770750833333342
microservices,0.011192315833333355
encryption,0.012396539166666692
big data,0.012481671666666638
translation,0.013251077500000041
application performance management,0.013564038333333306
instant messaging,0.014906108333333279
database,0.016027210833333305
stream processing,0.017378031666666682
server,0.01768156000000004
automation,0.01807675833333336
embedded system,0.018422410833333264
smart contract,0.019442647499999965
back end,0.01956108333333334
graphical user interface,0.019928415833333324
continuous integration,0.02195253666666669
regular expression,0.023864903333333326
File Transfer Protocol,0.023897968333333297
web application security,0.024777538333333377
pattern matching,0.026343549999999993
user interface,0.028811159166666683
web development,0.029475335833333338
computer configuration,0.02978132333333336
software testing,0.031659116666666653
web service,0.03358148833333327
data visualization,0.03390926583333334
command-line interface,0.03479222083333333
static program analysis,0.035586090833333306
integrated development environment,0.03561996583333343
object detection,0.03681896166666665
Web Components,0.03701198916666665
static program analysis tool,0.03796929166666668
DevOps,0.03910080999999996
shell tool,0.04154657999999997
visualization,0.04257987666666668
test automation,0.04323372750000001
web server,0.0432952241666667
package management system,0.04718710666666659
web application,0.055804570000000026
website,0.058060785000000004
World Wide Web,0.06243740083333338
