domain,diff
internet of things,3.703130952381617e-05
banking industry,0.00012206059523806045
genetic algorithm,0.0002948414285714185
Parser combinator,0.0005564705952380844
code generation,0.0006539938095238285
data,0.0006738535714285177
sentiment analysis,0.0007901098809523777
anomaly detection,0.0008472449999999965
automation,0.0011019911904762147
object–relational mapping,0.0012240170238095316
content management system,0.0012821801190476823
blockchain,0.0016378611904762086
hacking tool,0.001789521190476151
integrated development environment,0.0018574359523809147
electronic trading platform,0.0019964516666666765
middleware,0.0020883615476189887
static site generator,0.002327650952380911
language model,0.002412684880952365
dependency injection,0.002490040833333318
graph algorithm,0.0025229591666666717
computer data storage,0.0025802666666666085
machine learning,0.002628176428571466
software engineering,0.0028088638095238316
knowledge graph,0.0030469692857142683
analytics,0.003048550357142882
software architecture,0.0032095138095238063
software development,0.0032426338095238316
distributed computing,0.0034539069047619386
documentation,0.0034620554761904954
natural language understanding,0.003544041785714269
translation,0.0037620239285714174
distributed system,0.003860756190476211
network analysis,0.004137647500000036
artificial neural network,0.004285310238095225
reactive programming,0.00461166488095241
reinforcement learning,0.0049666877380953045
email,0.005126291428571433
Containerization,0.005220164880952394
scheduler,0.005284498809523808
continuous integration,0.005285876666666717
statistics,0.005334094285714325
distributed database,0.005519042380952355
text mining,0.005689938809523842
bioinformatics,0.006013628928571435
computer benchmarking,0.006032007619047652
functional programming,0.006088345357142838
data analysis,0.006386216309523823
time series,0.006737687619047639
mobile application development,0.006856706785714262
text classification,0.006983501071428561
virtual machine,0.006993401190476228
cluster analysis,0.007004441904761849
word embedding,0.007101378809523745
backup,0.007125402499999933
support vector machine,0.0072355851190476494
hyperparameter optimization,0.007260526428571501
big data,0.007322737261904799
web application security,0.007410643333333328
automated machine learning,0.0074698005952381075
natural language processing,0.008119332023809517
graph database,0.008299105000000001
File Transfer Protocol,0.008379064047619067
command-line interface,0.008381216785714324
syntax highlighting,0.008397476309523783
engineering,0.008406468690476177
facial recognition system,0.008508176547619067
classification,0.00865291976190477
machine translation,0.00869380678571427
data binding,0.008898344166666655
package management system,0.009168008928571447
Naive Bayes classifier,0.009220053095238073
benchmark,0.009248597261904773
named-entity recognition,0.00925719154761906
microservices,0.00931737630952384
Q-learning,0.01010643154761906
cloud computing,0.010202012023809492
image segmentation,0.010321241071428594
interpreter,0.01043702714285713
text processing,0.0105104339285714
database management,0.010514678928571441
telecommunications network,0.010841418333333325
artificial intelligence,0.010998462976190532
Semantic Web,0.011038798690476165
mathematical optimization,0.011221273571428603
encryption,0.011807404166666702
genomics,0.011863212857142869
long short-term memory,0.011901324166666671
optical character recognition,0.012186894880952398
database,0.01220636380952378
logging,0.01222167392857143
computer configuration,0.012555289642857154
digital security,0.01263391321428567
data science,0.012772911428571426
embedded system,0.012790056309523762
operating system,0.012848855238095258
neural network,0.012849125952380941
font,0.013148077023809518
logistic regression model,0.013149704166666665
instant messaging,0.013274032619047638
client,0.013402737261904718
search,0.013548554047619038
geographic information system,0.013602477142857089
Kalman filter,0.014044003690476231
file system,0.01437824190476189
cryptography,0.014476523928571433
evolutionary algorithm,0.014478012619047631
data mining,0.014483954761904783
stock market,0.014519542738095248
object-oriented programming,0.014642409999999995
software design pattern,0.015078942023809522
convolutional neural network,0.016116777857142855
unit testing,0.01613448095238096
software testing,0.01623783869047621
linear regression,0.01638185047619048
static program analysis,0.01645563392857144
static program analysis tool,0.01646357797619044
computational science,0.0164694707142857
server,0.0165604958333333
random forest,0.01671945999999999
data structure,0.016871023214285713
application performance management,0.017201021309523834
web service,0.01738711011904759
regression analysis,0.017431745595238052
HTTP client,0.0180329005952381
question answering,0.01810708345238099
serialization,0.018269980595238045
linear algebra,0.01842063261904761
digital image processing,0.01843250833333332
back end,0.01850734238095242
synchronization,0.018674478214285778
image editing,0.01933743238095237
penetration test,0.01936222571428578
pattern matching,0.01950593309523807
computer programming,0.01953137023809523
business dashboard,0.019721222857142867
information processing,0.019727666547619066
signal processing,0.019860959404761902
mathematics,0.020201271190476183
DevOps,0.020510551904761892
game server,0.021529443095238077
data compression,0.02183031333333335
topic modeling,0.02192762654761901
validator,0.022365452023809518
simulation,0.022594050357142903
stream processing,0.022622478333333307
computer science,0.022821713690476197
serverless computing,0.023428173690476256
Malware Analysis,0.02342981678571429
deep neural network,0.02347305249999998
HTTP server,0.024103924047619074
kernel,0.024346715595238128
image recognition,0.024466022619047623
information retrieval,0.024940278095238133
social network,0.025072901547619098
compiler,0.025529807142857103
deep learning,0.025923553928571458
speech synthesis,0.025969065714285727
smart contract,0.02663227321428574
shell tool,0.026875929523809544
image captioning,0.02697324190476194
user interface,0.027221518214285728
algorithm,0.02737096880952375
security,0.02739617880952383
distributed multimedia communications platform,0.027687493928571394
game,0.028080564880952424
"extract, transform, load",0.02814660380952383
3D modeling,0.028301952261904767
RNA sequencing,0.028584765714285698
image,0.02875875083333329
regular expression,0.028951268333333335
network monitoring,0.029075300833333345
sequencing,0.029148766071428522
graphical user interface,0.02921516940476196
malware,0.02928055011904765
front end,0.02974442226190474
computer vision,0.030162184404761927
debugging,0.03027921464285721
e-commerce,0.03059341749999997
audio signal processing,0.030808919285714276
text editor,0.031080417500000013
network security,0.03163181952380953
Image analysis,0.03199318476190474
authentication,0.03253652738095239
test automation,0.03275404845238092
data visualization,0.03312446369047617
web development,0.03330514916666669
sorting algorithm,0.03371733357142856
plot,0.03376827904761909
web application,0.03512561690476193
computer graphics,0.03593756261904765
continuous deployment,0.036208355000000025
Web Components,0.03626945869047621
object detection,0.03629750928571429
web server,0.03721034226190473
3D computer graphics,0.03722192000000002
debugger,0.037415021190476155
face detection,0.03765396380952385
image compression,0.03930936488095238
rendering,0.04009620071428566
internet bot,0.04076769130952376
game engine,0.040777491666666665
education,0.04241460392857141
web browser engine,0.042418822857142824
recommender system,0.043475023214285674
password manager,0.04554361404761903
website,0.05026746988095235
digital audio,0.05151490452380947
virtual reality,0.055457443214285695
web scraping,0.056046470595238096
World Wide Web,0.05819581916666669
audio player software,0.06286777369047619
web crawler,0.0647817744047619
video processing,0.06490137011904765
web browser,0.06821187678571425
search engine,0.07090237630952381
animation,0.07399145261904763
video,0.07790199642857146
streaming media,0.08269070261904762
