domain,diff
image captioning,7.30169047618856e-05
digital security,0.00013967964285716006
search,0.00029084690476191555
virtualization,0.000549849285714249
file system,0.000564629047619114
user interface,0.0007057189285714638
image classification,0.0008102836904762267
design,0.0009081829761904414
information processing,0.0009352291666667178
genomics,0.0011873357142856977
time series,0.0013453702380952504
stock market,0.0013947313095237779
cloud computing,0.0016642284523809558
anomaly detection,0.0017774121428571488
database,0.001821088809523863
virtual machine,0.0018749311904762145
big data,0.0018760777380952276
Q-learning,0.0018768934523809566
geographic information system,0.001992479999999991
computational science,0.0020531228571428473
penetration test,0.0020715228571428768
logistic regression model,0.0021221341666666227
long short-term memory,0.00226129154761906
mathematics,0.002272107619047642
cryptography,0.002326472499999982
font,0.0024028734523809936
parsing,0.0026079415476190637
analytics,0.0026084867857142646
linear regression,0.0026890995238095516
facial recognition system,0.00289775773809528
data analysis,0.0030090579761904712
computer data storage,0.00345249523809521
electronic trading platform,0.0035919488095238483
data structure,0.0035982267857142813
chatbot,0.003620326190476225
optical character recognition,0.003698749166666654
embedded system,0.0037521027380952587
translation,0.003914168214285724
semi-supervised learning,0.0040765809523809204
convolutional neural network,0.0041701521428570976
server,0.00447440297619045
banking industry,0.004551459166666716
information retrieval,0.004572735952380974
signal processing,0.004647697976190496
internet of things,0.004703802738095231
neural network,0.004741521190476189
regression analysis,0.00485986488095233
algorithmic trading,0.00493911571428568
network analysis,0.0049659746428571405
business dashboard,0.005369411428571391
word embedding,0.005412434761904783
continuous integration,0.005419426666666727
question answering,0.005459197261904802
graphical user interface,0.005484155833333393
game server,0.0055769180952380815
interpreter,0.005738366428571451
graph,0.005748122857142879
continuous delivery,0.005768965357142913
data science,0.0059287357142857045
quantum computer,0.006323978809523817
web application security,0.006377273333333322
logging,0.006419523214285738
documentation,0.0064433869047619274
digital image processing,0.006577291904761889
graph algorithm,0.006823920833333358
Bayesian inference,0.006846304404761833
deep neural network,0.007119778214285721
static site generator,0.007166800952380981
image recognition,0.0072588647619047375
distributed database,0.0073191338095238145
linear algebra,0.007517919047619059
Kalman filter,0.007548132261904733
web service,0.007633162976190433
distributed multimedia communications platform,0.00781759464285714
computer programming,0.008574797380952376
image segmentation,0.008601560357142879
instant messaging,0.008602186666666622
social network,0.008719797976190519
package management system,0.008746246785714229
Naive Bayes classifier,0.008773596904761899
computer science,0.008864506547619055
router,0.009134635952380954
e-commerce,0.009207691071428575
Web Components,0.009292710119047587
deep learning,0.009432076785714283
kernel,0.009776957023809485
blockchain,0.009834646666666641
artificial intelligence,0.009889256309523808
benchmark,0.009921349404761887
distributed computing,0.00994712190476188
operating system,0.0100894123809524
distributed system,0.010279439761904763
image editing,0.010317557380952413
statistics,0.010342342857142861
software development,0.010421865476190506
automation,0.01058039619047621
game,0.010748990595238067
integrated development environment,0.01095224690476193
client,0.010968941547619071
front end,0.01106857511904763
static program analysis tool,0.0111690851190476
encryption,0.011222150119047647
cluster analysis,0.011338923095238151
email,0.011464272857142827
productivity,0.01153346249999998
object detection,0.011588389285714262
content management system,0.011594567976190517
artificial neural network,0.01182961333333335
hyperparameter optimization,0.011836144999999965
functional programming,0.011902870357142908
support vector machine,0.012554204166666638
Bidirectional recurrent neural networks,0.012592428452380927
text processing,0.012621532499999977
command-line interface,0.012754825357142868
back end,0.012762150238095182
web application,0.012794236190476205
computer configuration,0.012802010357142846
text editor,0.01284724750000002
syntax highlighting,0.012890049404761905
text mining,0.013311283333333368
audio signal processing,0.013380992857142893
shell tool,0.013381860238095233
classification,0.014040480238095232
plot,0.014151874047619029
Semantic Web,0.01430112130952374
computational biology,0.014479926547619038
data visualization,0.014578434404761892
sentiment analysis,0.01458619059523808
reinforcement learning,0.014711567738095233
image,0.014779355833333313
"extract, transform, load",0.01511632952380948
machine learning,0.015167990714285706
face detection,0.015270346666666657
smart contract,0.015318763928571344
synchronization,0.015421000357142889
data,0.015498724285714194
database management,0.015525035357142891
software testing,0.016003840119047597
serialization,0.016043813452380956
data compression,0.016090952619047638
authentication,0.01615151809523807
computer vision,0.0164130044047619
education,0.01641506750000002
microservices,0.016559382738095207
bitcoin,0.01676314999999995
recommender system,0.017146533928571434
code generation,0.017295756666666662
stream processing,0.017415614047619044
compiler,0.017920637857142846
static program analysis,0.018032179642857166
object–relational mapping,0.018221302976190457
network monitoring,0.01825101869047624
graph database,0.01857696071428569
sorting algorithm,0.01879857285714287
backup,0.018859746785714282
text classification,0.018977793928571463
lexical analysis,0.019072560476190437
Image analysis,0.019110102619047636
DevOps,0.019127138333333377
data binding,0.019364250119047577
algorithm,0.019467355952380944
security,0.019472198809523777
game engine,0.01950409952380952
simulator,0.01958615595238089
mobile application development,0.01997314892857141
3D modeling,0.020055975119047637
augmented reality,0.02008910809523809
Malware Analysis,0.020110071071428565
language model,0.02016458940476193
unit testing,0.020817657380952426
middleware,0.021238764404761912
web browser engine,0.021333884285714255
camera,0.021361204523809546
routing,0.02176981678571427
machine translation,0.02246074250000002
network security,0.022651715238095227
data mining,0.023291988333333347
web development,0.02345063130952385
computer graphics,0.023573423333333343
automated machine learning,0.023582524880952388
File Transfer Protocol,0.023602900476190514
scheduler,0.023750299523809526
malware,0.02375286583333333
HTTP client,0.024295127738095224
reactive programming,0.024852307023809556
dependency injection,0.025409650833333325
natural language understanding,0.02567379535714287
password manager,0.025750229761904747
information extraction,0.025977653452380955
continuous deployment,0.026567835714285754
pattern matching,0.027444528809523805
Parser combinator,0.02779315511904762
HTTP server,0.028021144047619018
random forest,0.028155124999999975
application performance management,0.028192614880952427
telecommunications network,0.028446644047618957
image compression,0.028529899880952364
WebSocket,0.029503497380952343
internet bot,0.02994627059523805
test automation,0.03006674273809523
rendering,0.030104792142857134
Containerization,0.030179494880952396
web server,0.031174159404761925
natural language,0.03134919023809529
named-entity recognition,0.03205426869047609
validator,0.032095497738095224
software design pattern,0.03221911988095236
debugger,0.03228061404761903
digital audio,0.03309985523809528
website,0.03474553916666667
natural language processing,0.03479032559523812
virtual reality,0.036582745357142926
regular expression,0.03745432547619043
World Wide Web,0.03997857416666667
web scraping,0.043740101309523854
search engine,0.047403585595238135
web browser,0.05090540178571429
web crawler,0.05488668726190474
animation,0.06267442976190479
video,0.0756968085714286
streaming media,0.07942475190476192
