domain,diff
telecommunications network,0.0005224104861110968
artificial neural network,0.001067404305555547
serialization,0.001787968263888856
distributed computing,0.0018660864583333603
server,0.0019601715277777765
application performance management,0.0020402426388889117
HTTP server,0.002432095625000019
web server,0.002578693680555577
instant messaging,0.00406698118055554
penetration test,0.00434307027777775
smart contract,0.0062639835416666845
client,0.007493312986111
microservices,0.009159775972222284
web service,0.009244396666666654
scheduler,0.009542118263888899
File Transfer Protocol,0.010019365069444452
dependency injection,0.01066416458333333
blockchain,0.014327118472222178
computer configuration,0.014422595694444457
digital security,0.014613592916666612
regular expression,0.01865444888888887
information processing,0.02054737486111108
back end,0.0207418611805556
web browser engine,0.02097384374999997
web browser,0.021607263055555548
pattern matching,0.02277126895833334
email,0.023017519583333368
web application,0.023878934861111117
banking industry,0.024641823611111086
HTTP client,0.02673007805555555
validator,0.02774346305555553
big data,0.028571573750000023
cloud computing,0.028785594375000056
computer data storage,0.030428401250000014
Web Components,0.03173341562499998
automation,0.032151154861111114
web scraping,0.033544532499999974
continuous integration,0.03365938604166663
security,0.03452565291666665
web crawler,0.03524047812500003
test automation,0.03637067986111109
logging,0.03866679013888891
object detection,0.04116462027777776
unit testing,0.04243987430555554
command-line interface,0.04348828222222231
benchmark,0.04369037333333328
password manager,0.044620395347222175
web application security,0.04490118437500004
data binding,0.04533935618055557
user interface,0.04583497444444451
language model,0.04592941874999998
software testing,0.047765116041666694
World Wide Web,0.04908544756944447
network security,0.0505759840277778
website,0.051863262083333306
static program analysis,0.05330126458333334
game engine,0.056784671597222225
file system,0.057202025694444436
analytics,0.057494865069444456
package management system,0.0579695148611111
graphical user interface,0.05906025284722219
object–relational mapping,0.06029502423611116
authentication,0.06301190041666671
database,0.06531647715277783
data,0.07072502659722224
documentation,0.11035224888888881
