domain,diff
Malware Analysis,5.1958333333379514e-05
object-oriented programming,0.00010961944444443095
statistics,0.00027466493055558483
code generation,0.0002955264583334172
test automation,0.0003158443055555904
machine learning,0.00035463805555552286
Q-learning,0.00036029902777778844
lexical analysis,0.0004411638888888736
random forest,0.0007336334722221616
web server,0.0010388052083332988
classification,0.001081970138888888
cryptography,0.001139186111111079
password manager,0.0012644240972222442
stock market,0.0014803493749999952
natural language,0.0014880370138889154
web browser engine,0.0015043334722222301
streaming media,0.001645192916666649
speech synthesis,0.0017266025694444576
image classification,0.0019283988194444546
software design pattern,0.002006879236111203
image recognition,0.0021200767361111428
unit testing,0.0021931551388889026
electronic trading platform,0.0022493352083332863
computer data storage,0.002266429027777739
game server,0.0022807745833333115
"extract, transform, load",0.002288901180555525
penetration test,0.0023675697222222403
debugger,0.0023947822916667305
distributed system,0.0023977654861111197
language model,0.002459559583333326
network analysis,0.0025799188194444433
telecommunications network,0.002623682847222253
object detection,0.0026570619444444554
sentiment analysis,0.0027009781944444256
data science,0.0029425965277777577
mathematical optimization,0.003073553125000017
distributed computing,0.003166083680555487
information extraction,0.003171790694444454
natural language processing,0.0032425052777778074
embedded system,0.0032624146527777675
HTTP server,0.0032813350694444465
static program analysis tool,0.003286645277777722
Naive Bayes classifier,0.003345852777777797
artificial intelligence,0.0033685503472221934
data analysis,0.003594133055555504
synchronization,0.003646078611111103
cluster analysis,0.00415702444444449
static program analysis,0.0045740776388889515
algorithm,0.004611410972222174
HTTP client,0.004852179722222294
web crawler,0.005327277569444455
validator,0.005451606388888891
digital image processing,0.005683705972222203
reinforcement learning,0.005727839027777765
optical character recognition,0.006077887708333285
mathematical finance,0.006080054583333355
distributed multimedia communications platform,0.0061597106944444036
convolutional neural network,0.0062423168055555645
computational science,0.006247625833333326
game engine,0.0063662193750000096
genomics,0.006424132222222184
benchmark,0.006479468888888895
server,0.0066316301388889
object–relational mapping,0.006643820347222218
data mining,0.006649598888888858
big data,0.006805967361111109
Image analysis,0.006818835000000023
deep learning,0.007071069444444439
web application security,0.0071417628472222605
microservices,0.007347948750000055
automation,0.007423150972222181
image segmentation,0.007454837638888823
front end,0.00793419590277783
text classification,0.00840534687499997
computer science,0.008609864652777743
banking industry,0.008999910277777773
mathematics,0.009118191111111063
animation,0.009224090069444496
face detection,0.009227841180555557
analytics,0.0092376211805556
linear algebra,0.009269437569444428
kernel,0.00940388055555555
web service,0.009473450555555596
internet bot,0.00948845562499992
regular expression,0.009880999444444427
dependency injection,0.010168815138888843
web scraping,0.010373633055555526
Containerization,0.010818722500000044
image,0.010866937430555612
internet of things,0.011283762777777817
question answering,0.01140660916666661
text processing,0.011935207986111085
facial recognition system,0.012056842361111098
support vector machine,0.01220449798611109
interpreter,0.012486348194444469
distributed database,0.012547133680555544
information retrieval,0.013037475069444415
graph algorithm,0.013132172569444406
functional programming,0.01332599263888895
data structure,0.013384461944444426
compiler,0.013524839791666632
Bayesian inference,0.013616032569444408
blockchain,0.013765904027777776
mobile application development,0.013947585555555586
time series,0.014248497083333395
web browser,0.01488245583333328
word embedding,0.014923887916666656
WebSocket,0.014985537083333361
audio signal processing,0.01500296541666668
authentication,0.015025556249999988
deep neural network,0.015077933611111122
genetic algorithm,0.01513095381944446
encryption,0.015257222013888877
RNA sequencing,0.015419302430555532
computer vision,0.015626440347222242
algorithmic trading,0.015662164305555587
data,0.01589767215277782
image compression,0.01603697395833331
sorting algorithm,0.01607175979166664
data binding,0.016138417708333352
linear regression,0.016345666666666703
long short-term memory,0.016363708680555533
security,0.016613960416666657
cloud computing,0.01673471895833334
geographic information system,0.01674895937500001
Web Components,0.016848837291666696
logging,0.01699638902777778
regression analysis,0.017731561249999972
network monitoring,0.01775784868055555
text editor,0.017997084444444478
Kalman filter,0.01812779722222224
software testing,0.01833902493055556
back end,0.018780236736111122
continuous integration,0.01908454604166665
anomaly detection,0.01922437916666664
application performance management,0.019305286250000026
image captioning,0.01946245451388884
search,0.01956052784722223
shell tool,0.019567209236111105
middleware,0.019672310625000078
command-line interface,0.01979378000000004
schema migration,0.019847073333333354
data visualization,0.020123043680555563
plot,0.02022343826388892
malware,0.020431931180555585
signal processing,0.02055900333333338
instant messaging,0.020689162847222164
web application,0.021209587638888916
virtualization,0.02132661993055554
backup,0.021336322777777833
translation,0.021430501041666605
email,0.021624507361111156
data compression,0.021637603958333307
semi-supervised learning,0.02218971395833333
social network,0.02223005465277783
smart contract,0.022301923541666657
image editing,0.022315846805555595
neural network,0.022376500416666667
continuous delivery,0.022406029930555516
user interface,0.0228927155555555
geometry,0.02306391118055559
computer configuration,0.023149102916666664
information processing,0.02340336069444443
virtual reality,0.023741512291666683
cryptocurrency,0.02475413166666668
database,0.0248799571527778
client,0.024954551319444462
digital security,0.025464731527777784
scheduler,0.025528967708333322
File Transfer Protocol,0.026508907291666717
software engineering,0.02694597479166666
artificial neural network,0.027207300694444436
database management,0.027478692500000013
graph,0.027552306180555597
pattern matching,0.027699466597222278
geographic information,0.027702614722222296
file system,0.027891615694444427
virtual machine,0.027911442291666644
camera,0.028082270972222212
DevOps,0.02810506527777773
topic modeling,0.028684238333333334
serialization,0.02906959840277787
graphical user interface,0.03147430006944446
reactive programming,0.03174711930555549
continuous deployment,0.03226462965277782
graph database,0.032706468819444445
static site generator,0.033605486458333333
parsing,0.03420590611111107
computer graphics,0.034552737013888835
recommender system,0.0345962352083333
search engine,0.03525829250000001
knowledge graph,0.03601786756944447
3D computer graphics,0.03616904347222216
Reverse engineering,0.036199858750000063
Semantic Web,0.036863673263888896
finance,0.037031654583333296
website,0.03758452374999999
integrated development environment,0.03790236312499995
business dashboard,0.038870205902777843
World Wide Web,0.03995026090277776
Parser combinator,0.04115004118055554
operating system,0.04139207173611112
recurrent neural network,0.04163566430555554
web development,0.04312149361111112
content management system,0.04350327930555559
software development,0.04363483583333333
augmented reality,0.044955345902777805
package management system,0.04823628486111109
stream processing,0.05104438361111113
3D modeling,0.05449807430555556
documentation,0.09143164111111102
