domain,diff
sentiment analysis,0.0006522654166666586
router,0.0009077794444444509
computer vision,0.0012757968750000126
cluster analysis,0.0013935311111111237
unit testing,0.003318856249999974
data binding,0.003991800486111141
text editor,0.004393804444444427
facial recognition system,0.007606657361111102
support vector machine,0.00806454298611109
automation,0.009861305138888943
text mining,0.009977129444444455
big data,0.009988354027777702
backup,0.010020419999999947
linear regression,0.011053911111111037
data analysis,0.011937230833333312
streaming media,0.012553951805555602
optical character recognition,0.012727827291666605
time series,0.01405119486111106
instant messaging,0.01438324118055559
text classification,0.014723520208333313
image recognition,0.015004864375000065
software testing,0.01607842104166668
machine learning,0.016868601388889015
object detection,0.01736175972222223
data,0.017513327708333304
database,0.01892561881944449
file system,0.018969211805555497
question answering,0.018987023055555552
penetration test,0.019251788055555552
information retrieval,0.019287927708333374
regression analysis,0.019591965694444435
face detection,0.02020466562499998
search,0.020231180069444382
natural language understanding,0.02043127715277776
serialization,0.020883617291666684
front end,0.022488110902777747
compiler,0.02250479131944444
named-entity recognition,0.02290828368055564
3D computer graphics,0.023714575138888888
mobile application development,0.02398788666666668
deep learning,0.024149599444444475
image segmentation,0.0244838498611111
natural language processing,0.024842332499999953
reinforcement learning,0.02543376125000002
smart contract,0.025668739652777717
virtual machine,0.026002826736111095
information processing,0.026161017361111122
command-line interface,0.026443038888888826
data visualization,0.026947753680555575
static site generator,0.027838813124999973
World Wide Web,0.027849726458333335
artificial intelligence,0.02820527812500004
deep neural network,0.02857072916666667
regular expression,0.028957951111111102
virtual reality,0.02944450395833334
graph algorithm,0.032613824652777734
back end,0.03430021229166663
website,0.035255085416666665
user interface,0.03619444722222226
text processing,0.03682077020833324
word embedding,0.03683983986111106
graphical user interface,0.0386273228472222
data compression,0.04074441618055552
software development,0.041579578055555566
long short-term memory,0.043399307569444434
stream processing,0.04983556527777777
data structure,0.05482870527777778
algorithm,0.056741345416666644
sorting algorithm,0.06681392756944443
pattern matching,0.07047408215277784
