domain,diff
code generation,0.0001614097321429031
object–relational mapping,0.00018878330357136042
linear algebra,0.00031908830357146867
Image analysis,0.0006258464285714416
automation,0.0007932805357143136
computer vision,0.0009848631249999573
computer data storage,0.0012818544642856922
synchronization,0.0013595224999999878
distributed database,0.0014555875892857673
mobile application development,0.0015489857142856611
web crawler,0.0015594566964285683
data binding,0.0017320300892856855
web server,0.0017761018749999913
natural language processing,0.001924184642857124
password manager,0.0020240975892857616
optical character recognition,0.0020553950892857054
Malware Analysis,0.0020759921428571415
information retrieval,0.002367902767857144
data analysis,0.0024386625000000772
kernel,0.0030032857142857083
Bayesian inference,0.0030224833035714105
computational science,0.0030786960714285494
graph algorithm,0.003143491696428552
web browser engine,0.0032956141071428524
game server,0.003621956964285744
telecommunications network,0.00384410794642856
server,0.003945549107142843
game engine,0.0039822936607143145
network analysis,0.00399418062500001
penetration test,0.004175412499999975
continuous integration,0.004250785803571411
middleware,0.004341332767857198
streaming media,0.00445101874999998
HTTP server,0.004836727053571438
language model,0.005005187321428628
back end,0.005225071339285736
validator,0.00548855178571428
static program analysis,0.005728269107142803
digital audio,0.005757371607142847
geographic information system,0.005904450625000002
schema migration,0.006278720714285757
test automation,0.00628764303571433
mathematical finance,0.006717155178571466
web application security,0.006835357767857125
information extraction,0.0069904612499999685
electronic trading platform,0.007235722410714324
embedded system,0.007257516160714295
"extract, transform, load",0.007441519375000039
blockchain,0.007595468392857213
internet of things,0.007714599999999988
image recognition,0.007722807232142859
regular expression,0.007866757142857145
analytics,0.007891372946428554
linear regression,0.007925745714285781
front end,0.008015245267857185
artificial intelligence,0.008023390267857172
sentiment analysis,0.008107313749999928
HTTP client,0.00857828535714289
regression analysis,0.008597946964285674
WebSocket,0.008769592321428543
Q-learning,0.008870423392857124
text classification,0.008967457589285716
web service,0.00924670214285711
Kalman filter,0.009652108571428536
data visualization,0.00972283455357148
Containerization,0.009853381785714266
computational biology,0.009969187053571388
data,0.010379793660714343
statistics,0.010564943482142847
image,0.01066391830357144
unit testing,0.01067860517857136
microservices,0.010838674821428529
stock market,0.010870977232142809
parsing,0.010932419999999998
support vector machine,0.011127119017857151
machine learning,0.011463706071428548
algorithm,0.011555026607142777
cluster analysis,0.011656534999999968
dependency injection,0.012277084107142816
image classification,0.012298470089285723
distributed multimedia communications platform,0.012325918749999998
logging,0.012370453392857084
smart contract,0.012488426875000014
data structure,0.012583882499999977
file system,0.012987225535714242
deep learning,0.013175882142857143
word embedding,0.013564751250000034
web scraping,0.013602917499999978
static program analysis tool,0.013637668214285692
text processing,0.013851371160714221
reinforcement learning,0.013925524821428559
backup,0.013927533571428535
facial recognition system,0.014199301964285732
File Transfer Protocol,0.01426165848214278
cloud computing,0.01485299508928567
data science,0.014904723392857144
security,0.01507849803571426
authentication,0.015270486964285734
encryption,0.015824603839285745
search,0.01603721348214282
data mining,0.01612141857142857
distributed computing,0.01617598330357145
pattern matching,0.016225256517857084
digital image processing,0.016563727321428467
plot,0.016627560803571473
mathematical optimization,0.01671643258928568
object detection,0.016917227499999965
instant messaging,0.017003351339285655
long short-term memory,0.01720481598214285
recommender system,0.017401470446428535
face detection,0.017406533482142855
cryptocurrency,0.017407637857142833
convolutional neural network,0.017688624107142864
web application,0.017886293750000032
deep neural network,0.018071876071428572
user interface,0.01824965928571426
video,0.018649556785714283
time series,0.01879871017857143
serialization,0.01896167133928575
distributed system,0.019192939374999968
database management,0.019310554642857164
image captioning,0.019993253482142842
computer configuration,0.020035090535714284
audio signal processing,0.020438765178571378
digital security,0.020642465178571406
software testing,0.02096930866071428
Semantic Web,0.021449617232142837
benchmark,0.021601875714285734
image segmentation,0.021947865178571474
email,0.0222047519642857
malware,0.022760227053571502
Web Components,0.022794972767857108
search engine,0.02339147749999998
computer graphics,0.023512629553571446
translation,0.023592508660714245
image compression,0.023720037053571397
graph database,0.024140856517857162
command-line interface,0.024282234999999985
3D computer graphics,0.02429168053571429
Parser combinator,0.02440007419642859
database,0.024973275089285762
signal processing,0.025061299285714295
information processing,0.025466343392857194
scheduler,0.0261458022321428
data compression,0.02621588705357142
client,0.026376853303571368
content management system,0.026494726607142915
compiler,0.02688292598214287
graphical user interface,0.02694687491071429
sorting algorithm,0.027203603839285745
big data,0.027311456249999977
static site generator,0.027711092410714233
artificial neural network,0.028859171964285724
package management system,0.029160770892857124
finance,0.029842806249999965
design,0.03000869232142861
algorithmic trading,0.03204872446428578
software development,0.03409159749999993
anomaly detection,0.0343844667857143
operating system,0.034773204196428514
website,0.03554834517857139
application performance management,0.03638034196428566
recurrent neural network,0.04122182803571428
web development,0.04123759821428574
World Wide Web,0.041926556696428585
3D modeling,0.044857948750000015
stream processing,0.056578833214285695
documentation,0.0867851392857143
