domain,diff
computer configuration,0.00012046569444446042
static program analysis tool,0.0005491707638888843
logging,0.0006286056944444229
World Wide Web,0.0008323073611110621
compiler,0.000874335069444454
web service,0.0010032447222222407
operating system,0.0010635679861111524
package management system,0.0013824122916666903
WebSocket,0.0020903875000000127
education,0.002168648888888902
bitcoin,0.0024154706944444215
anomaly detection,0.00282710305555553
unit testing,0.0030842663194444175
documentation,0.0031646752083333007
code generation,0.0035457663888888713
streaming media,0.0040418237500000065
cloud computing,0.004073455347222199
web crawler,0.004208805902777668
security,0.0044674150694444525
cryptocurrency,0.004599014027777765
continuous integration,0.0046820007638888606
distributed system,0.004739540208333282
command-line interface,0.0048019456944444205
penetration test,0.005127296944444443
computer graphics,0.005137197499999968
object detection,0.005358925624999983
web server,0.0055051695833333025
image,0.005564137222222182
3D computer graphics,0.0055668865277778146
file system,0.005758587083333266
test automation,0.0060110754166667335
router,0.0061557918055555605
HTTP client,0.006350089583333329
data visualization,0.0063871027777777645
website,0.006471500555555565
blockchain,0.006489416944444409
web browser,0.006825906805555532
interpreter,0.006964337430555578
static site generator,0.007070880833333404
time series,0.007125601944444476
deep learning,0.007411726597222251
stock market,0.00760546333333334
Web Components,0.007974828611111096
electronic trading platform,0.00803868215277781
e-commerce,0.008264278750000048
static program analysis,0.008986853472222167
"extract, transform, load",0.00927298972222218
back end,0.00964652388888887
distributed computing,0.009787827291666606
word embedding,0.009854061597222186
data analysis,0.010232592499999998
big data,0.01149808979166661
data science,0.011727969930555554
telecommunications network,0.01176267097222225
audio signal processing,0.011999722083333247
neural machine translation,0.012240513194444469
dependency injection,0.012323621527777773
linear regression,0.01253483784722223
server,0.012774752638888887
text editor,0.01304694097222217
graphical user interface,0.013116136250000021
support vector machine,0.013163509444444416
backup,0.013356795277777805
game engine,0.013398271458333333
benchmark,0.013464155277777778
image classification,0.013628064166666648
recommender system,0.013760515486111097
web application,0.013835400624999938
analytics,0.01391368437500004
Kalman filter,0.0140476084027778
content management system,0.014404728611111084
graph database,0.014581025694444444
front end,0.014839435694444458
HTTP server,0.015058513541666652
language model,0.01642229027777775
automation,0.016475464861111094
smart contract,0.01683056041666664
text classification,0.01699641347222222
web browser engine,0.01712635923611111
validator,0.017156937083333323
software testing,0.017420030416666676
instant messaging,0.017453847847222204
File Transfer Protocol,0.018230442847222195
machine learning,0.018281918055555624
statistics,0.018546328958333302
scheduler,0.01857705263888887
optical character recognition,0.019307221805555552
user interface,0.01976134131944446
classification,0.019858226805555573
signal processing,0.020722857361111097
microservices,0.020891099374999944
long short-term memory,0.02095413034722224
data compression,0.021120973888888922
functional programming,0.021451546944444427
algorithm,0.02199244701388886
data,0.02284939680555559
distributed multimedia communications platform,0.023521228125000015
algorithmic trading,0.024162646875
schema migration,0.025079133611111054
data mining,0.02610253326388884
embedded system,0.026341231249999958
regular expression,0.027348153194444447
password manager,0.028543273958333337
distributed database,0.02927327680555558
computer data storage,0.02954008486111112
web application security,0.029753773958333285
stream processing,0.03013145083333335
text processing,0.030975144444444436
database,0.03222140333333334
application performance management,0.03284436444444444
encryption,0.03306898576388895
pattern matching,0.033395696249999995
client,0.03343381701388892
data structure,0.03542981895833339
database management,0.03673745701388892
web development,0.0369225119444444
serialization,0.042539783819444454
Semantic Web,0.044765477013888916
information processing,0.05178494937499992
data binding,0.05214830298611112
geographic information system,0.054454066597222156
object–relational mapping,0.07265795590277777
