domain,diff
Image analysis,3.200611111114915e-05
penetration test,0.00015870083333335838
automated machine learning,0.00023629416666667846
blockchain,0.00033022013888883706
graph algorithm,0.0003647074305555553
regular expression,0.0005682877777777873
optical character recognition,0.0006209728472221787
game server,0.0007556370833333159
data analysis,0.0007582424999999504
Malware Analysis,0.000825877222222271
information extraction,0.0011340529166666835
electronic trading platform,0.0011609297916666816
kernel,0.001477337222222208
computer vision,0.0015050103472222243
security,0.0015298895833333326
web scraping,0.001635163055555583
mathematical finance,0.0016605606944443962
synchronization,0.001774568611111138
automation,0.0017949118055555213
statistics,0.001904216180555529
router,0.0020897877777777407
lexical analysis,0.002217594444444443
HTTP server,0.0022522615972222215
object-oriented programming,0.0023891500000000065
interpreter,0.0024830779166666594
rendering,0.002687486041666687
information retrieval,0.0029627238194445127
Containerization,0.003092908055555621
authentication,0.0032057854166666344
microservices,0.003308023472222199
computational science,0.003345128611111081
code generation,0.0034432018750000237
home automation,0.0037086808333333388
analytics,0.003793203819444424
streaming media,0.0038356448611110983
stock market,0.0039800793750000285
sentiment analysis,0.004059791527777773
internet of things,0.004063272222222247
embedded system,0.004068649791666684
server,0.004072344027777675
mobile application development,0.004092325000000008
web server,0.004157272569444481
"extract, transform, load",0.004198489375000003
benchmark,0.004519529999999994
time series,0.0045381209722221705
language model,0.004821386527777749
schema migration,0.00492613611111109
distributed multimedia communications platform,0.005017845416666639
object–relational mapping,0.005267046874999959
back end,0.005284283958333358
telecommunications network,0.005290152708333357
machine learning,0.005425193055555583
test automation,0.005472074861111065
data binding,0.005860678263888863
natural language processing,0.006126875833333378
middleware,0.006245968402777802
geographic information system,0.006549790486111096
validator,0.006583728611111145
digital security,0.006623475416666691
web browser,0.0068555797222221715
Bayesian inference,0.006975652013888944
front end,0.007074720347222174
data visualization,0.007497488680555553
static program analysis,0.007527727361111125
computer data storage,0.0077565376388888385
computer science,0.007998611319444376
image recognition,0.008014621597222216
algorithm,0.008025700972222216
virtualization,0.008244511041666652
data science,0.008359958472222262
web application security,0.008657135486111078
database management,0.008768467499999988
image,0.008939582986111083
word embedding,0.008946666250000013
dependency injection,0.00914026958333336
audio signal processing,0.009143638194444442
web crawler,0.009368039097222225
web browser engine,0.00939855736111117
cloud computing,0.009447994930555537
network analysis,0.00970226451388892
encryption,0.010051285347222216
WebSocket,0.010187055416666646
database,0.010321888819444514
random forest,0.010443547916666712
artificial intelligence,0.010500775347222241
Q-learning,0.010535755138888825
text classification,0.010582698541666685
HTTP client,0.010997487500000042
computational biology,0.011214870624999984
data,0.011562122708333344
distributed database,0.011631074652777795
support vector machine,0.011724449652777802
graph database,0.011799946597222222
continuous integration,0.011913500486111006
internet bot,0.01216424618055556
game engine,0.012189579930555555
recommender system,0.012207585208333316
image compression,0.012896476736111134
debugger,0.012955911736111159
question answering,0.013058051388888908
data compression,0.013141200069444414
unit testing,0.013145750972222175
image classification,0.013186307708333345
hyperparameter optimization,0.013192836944444453
logistic regression model,0.01324877819444445
plot,0.013433784375000035
distributed computing,0.013591196319444498
continuous delivery,0.013740449930555537
search,0.014164603402777809
web service,0.014333303888888926
digital image processing,0.01436086597222222
web application,0.014524874305555602
reinforcement learning,0.014551039027777768
smart contract,0.014674816874999996
virtual machine,0.014897891180555567
signal processing,0.014935807222222208
text processing,0.015231792986111103
backup,0.015252041666666771
banking industry,0.015261864166666667
geometry,0.01535300340277776
linear regression,0.01575381944444454
computer benchmarking,0.015761601666666708
email,0.015785338472222243
search engine,0.01580502583333332
deep learning,0.01602233444444448
static program analysis tool,0.016167760277777832
password manager,0.016257520902777767
computer configuration,0.016361733472222223
distributed system,0.016439478819444492
instant messaging,0.016452397847222217
malware,0.016669916180555577
file system,0.016965449583333347
Web Components,0.017397642291666654
Semantic Web,0.017419516597222184
data structure,0.01745770805555552
parsing,0.017791378888888876
object detection,0.01785246472222221
evolutionary algorithm,0.017915933819444452
user interface,0.018098461666666676
network security,0.018102624027777736
convolutional neural network,0.01823806624999999
data mining,0.01857263888888888
serialization,0.01880922729166659
facial recognition system,0.018907745138888904
File Transfer Protocol,0.019029020625000004
reactive programming,0.01915172819444444
image segmentation,0.019570252083333406
regression analysis,0.019737633472222182
image captioning,0.019943278958333394
logging,0.020064724583333415
long short-term memory,0.020156298680555546
video,0.020222163055555548
knowledge graph,0.020302760902777744
continuous deployment,0.020433162986111142
syntax highlighting,0.020542866527777787
client,0.020823981874999953
cluster analysis,0.020875568888888862
cryptocurrency,0.021310255555555574
virtual reality,0.021370521736111092
computer programming,0.022554681597222265
genetic algorithm,0.02281622270833336
deep neural network,0.02282178361111112
face detection,0.022897757291666654
Kalman filter,0.023032923333333316
algorithmic trading,0.02305811430555557
sorting algorithm,0.02371136034722221
scheduler,0.02389921215277771
application performance management,0.024230317916666688
big data,0.02474382402777775
3D computer graphics,0.02477217847222221
compiler,0.024806427569444456
shell tool,0.02488515201388891
computer graphics,0.02509140256944445
Bidirectional recurrent neural networks,0.025264400972222184
e-commerce,0.025416116041666742
static site generator,0.026572700902777746
translation,0.02658026604166666
graphical user interface,0.026783028402777798
content management system,0.027428849305555503
information processing,0.02779679180555561
pattern matching,0.028861908263888847
software testing,0.028955500486111146
education,0.029557568194444467
Parser combinator,0.029657218402777713
artificial neural network,0.029756994583333307
website,0.029996943750000005
software engineering,0.0308351920138889
text editor,0.032757430555555606
finance,0.03298314124999993
bitcoin,0.03360176944444443
augmented reality,0.03379780368055557
anomaly detection,0.033913375277777824
command-line interface,0.03440255944444451
World Wide Web,0.03490816534722227
operating system,0.03566198840277779
recurrent neural network,0.037082518194444414
package management system,0.04146498319444436
3D modeling,0.043305660416666725
software development,0.04472769361111106
stream processing,0.049835478055555577
documentation,0.08497809722222222
