domain,diff
regular expression,0.0014542199999999506
server,0.00206900124999998
machine learning,0.0024032224999999685
HTTP server,0.002484176517857095
streaming media,0.0025881669642857097
Malware Analysis,0.002624220714285752
virtual machine,0.0027714886607143052
code generation,0.003197279017857213
instant messaging,0.003565514910714329
cryptocurrency,0.003601375714285676
support vector machine,0.005439418303571447
penetration test,0.005469230357142835
compiler,0.0055960795535714425
text processing,0.006479739732142886
data analysis,0.0067340717857142796
time series,0.007133199464285728
file system,0.00719397267857147
stock market,0.008476805803571436
telecommunications network,0.008767804910714272
object detection,0.008862628928571398
computer science,0.009081203125000048
security,0.010357257321428587
long short-term memory,0.01043815241071433
analytics,0.010441402053571414
blockchain,0.011354148392857172
cloud computing,0.011885641517857148
electronic trading platform,0.012356524017857085
password manager,0.013641243839285722
unit testing,0.014838771607142837
information processing,0.015390238392857164
static program analysis,0.015790976607142848
back end,0.015814549196428607
encryption,0.016832158125000052
benchmark,0.01696183928571432
algorithm,0.01782851803571428
deep learning,0.018131747142857146
big data,0.01932233910714276
smart contract,0.019472030446428534
malware,0.019551509196428535
search,0.019797347767857132
software testing,0.021484964375000054
game engine,0.023487837946428503
data binding,0.026061729910714287
information retrieval,0.026206538482142855
cryptography,0.0267222028571428
data structure,0.027498788928571383
File Transfer Protocol,0.028915843482142822
front end,0.02913854955357137
pattern matching,0.029370706517857142
data,0.029776047946428574
algorithmic trading,0.031317600178571464
data compression,0.03502769491071428
database,0.035255823660714336
object–relational mapping,0.03603239026785718
computer data storage,0.03887690732142851
dependency injection,0.03985177410714283
sorting algorithm,0.04370459598214288
stream processing,0.0446845567857142
static site generator,0.045523264553571446
graphical user interface,0.04570961491071429
search engine,0.0488602139285714
translation,0.05176445651785713
user interface,0.054778227857142786
World Wide Web,0.05746211312499999
website,0.05958791446428566
