domain,diff
data analysis,0.0007482508333333526
automation,0.0007528109722222953
sentiment analysis,0.000952421249999974
server,0.000973190694444459
mathematical finance,0.0010617418055555439
test automation,0.0010971070833332708
language model,0.0017314384722222353
data,0.0022017038194444005
statistics,0.002430561597222214
web service,0.002684051111111141
object–relational mapping,0.002829429652777715
database management,0.0028920697222222236
cloud computing,0.003355029374999985
computer configuration,0.0038678451388888813
graph algorithm,0.003873991875000038
code generation,0.003951257569444422
static program analysis,0.004224018472222257
validator,0.004237921388888871
rendering,0.004447559374999965
analytics,0.004582522847222215
streaming media,0.004782966249999965
schema migration,0.004958102777777862
computational science,0.005633149722222286
microservices,0.005894447638888856
telecommunications network,0.00599267229166664
penetration test,0.006763689166666698
instant messaging,0.006860045625000005
continuous integration,0.006925479374999988
web server,0.007142979097222224
Q-learning,0.007621886805555533
geographic information system,0.008237575624999993
embedded system,0.008855125763888916
data visualization,0.008872188125000013
logging,0.009042161805555615
support vector machine,0.009205803541666696
machine learning,0.00921979249999999
game engine,0.009405071597222203
distributed computing,0.009445227430555592
artificial intelligence,0.00978515256944451
image captioning,0.009894443402777758
benchmark,0.010390210555555501
static program analysis tool,0.01057248027777774
regular expression,0.010984591666666682
database,0.011026291041666691
time series,0.0112103293055556
HTTP server,0.01127003770833332
blockchain,0.0112726401388889
data science,0.011274661805555614
front end,0.011655140347222148
"extract, transform, load",0.011990342847222224
web application security,0.012253209513888863
linear regression,0.012471801666666671
unit testing,0.01365055874999993
cluster analysis,0.013931856666666631
back end,0.014079265625000004
file system,0.01421656041666669
dependency injection,0.014810400138888902
data binding,0.015262092708333341
security,0.015366175972222201
object detection,0.015477279722222237
command-line interface,0.01561694111111106
reinforcement learning,0.015837186805555542
search engine,0.015847998611111108
graph database,0.015864486597222283
digital security,0.015956038749999985
web crawler,0.01630847743055555
recommender system,0.016344649097222164
distributed system,0.01718431715277774
algorithm,0.01828449597222223
search,0.018470319513888916
user interface,0.018698091111111148
regression analysis,0.019286391805555525
data mining,0.019583238888888882
software testing,0.020222726597222185
application performance management,0.020616641805555558
deep learning,0.020948994444444452
image compression,0.021600710069444418
compiler,0.021788751458333366
File Transfer Protocol,0.022044825624999986
operating system,0.022990660069444446
text processing,0.02374440354166668
web application,0.024604079305555526
anomaly detection,0.024733526944444445
serialization,0.0250489978472222
content management system,0.025260503749999996
Web Components,0.02560893451388893
graphical user interface,0.025852735624999956
scheduler,0.025891891041666726
long short-term memory,0.026022171458333326
artificial neural network,0.026321802916666637
HTTP client,0.0269934913888889
computer data storage,0.027114353749999986
big data,0.027171281249999957
data structure,0.032102665277777775
client,0.032149632430555575
finance,0.032559922361111104
smart contract,0.032819143541666596
package management system,0.03292751430555557
sorting algorithm,0.03579453201388896
pattern matching,0.036021634930555574
data compression,0.03658302840277772
software development,0.037020338055555546
website,0.037320860972222175
information processing,0.03806051736111121
Parser combinator,0.03920193062499994
World Wide Web,0.03940059979166663
recurrent neural network,0.04117072541666672
3D modeling,0.04172225319444442
stream processing,0.05308868305555553
documentation,0.0841631327777777
