domain,diff
"extract, transform, load",0.0003203056250000724
continuous delivery,0.0006811493750000785
virtualization,0.0007107561805555496
static program analysis tool,0.0007819413888888738
continuous deployment,0.0008357486805554704
stock market,0.0009247967361110943
Bayesian inference,0.0014113035416666864
HTTP server,0.001675974375
rendering,0.001698000625000029
unit testing,0.0017083793055555907
data binding,0.0025029571527777628
data,0.002517824930555468
streaming media,0.002582399583333339
code generation,0.0029962847916666924
mathematical finance,0.003037201250000038
logging,0.0033190434722222273
information extraction,0.0033232837499999612
kernel,0.003358788888888964
optical character recognition,0.003483082152777761
file system,0.004477655138888925
virtual machine,0.004576332847222281
natural language,0.0047469124305555
password manager,0.005018265902777819
WebSocket,0.005093285416666676
microservices,0.005103072916666618
internet of things,0.005233998888888869
computer configuration,0.0052475790277777545
web server,0.00525707034722217
game engine,0.005332303263888838
question answering,0.005493790277777744
continuous integration,0.005920435625000053
middleware,0.005921055624999949
graph database,0.005932918819444466
web scraping,0.0061105458333333695
data visualization,0.006318987430555534
blockchain,0.006334407916666757
web browser engine,0.00635197236111118
back end,0.006432972847222274
telecommunications network,0.006890611597222207
geometry,0.0070337600694444224
database management,0.0071272047222222246
cloud computing,0.007361021597222239
software testing,0.007533253263888873
knowledge graph,0.007623905347222182
penetration test,0.007759030833333347
regular expression,0.007818796666666683
game server,0.008129130694444486
security,0.00822395986111113
lexical analysis,0.008485538888888894
static program analysis,0.008587110972222256
web application security,0.008679975069444457
computational science,0.009122061944444482
Malware Analysis,0.009213676666666643
web service,0.009344368888888899
server,0.009473403472222197
shell tool,0.009512908125000052
sentiment analysis,0.009577900416666646
distributed multimedia communications platform,0.009629873750000018
language model,0.00964151013888892
object–relational mapping,0.010036166874999974
geographic information system,0.010039044513888928
debugger,0.010390324513888938
Image analysis,0.010481226666666676
regression analysis,0.01061752402777777
linear regression,0.010807538333333339
distributed database,0.010929661319444395
schema migration,0.011601685000000028
web crawler,0.011718435208333294
computer data storage,0.01175781763888889
front end,0.012026160902777805
dependency injection,0.012328596805555564
serialization,0.012577678402777792
classification,0.012680536805555559
data analysis,0.013384881944444427
web browser,0.013900644722222244
analytics,0.014055537152777853
statistics,0.014098247847222245
embedded system,0.014243515763888881
user interface,0.014306280000000005
virtual reality,0.01505241840277774
video,0.015425564166666683
recommender system,0.015631699652777775
command-line interface,0.01564065555555555
data science,0.015825922916666707
validator,0.016065204722222254
machine learning,0.016241185833333338
search,0.016291419513888933
Semantic Web,0.016382280486111067
malware,0.0164840817361111
instant messaging,0.016538587291666684
test automation,0.016785671249999967
database,0.016817452708333347
HTTP client,0.016866729166666677
content management system,0.01764897930555548
natural language processing,0.017756715277777807
graph algorithm,0.0180727824305556
network analysis,0.01821996895833336
compiler,0.018467238125000007
operating system,0.01846795173611107
business dashboard,0.018634376458333324
Web Components,0.018838173958333315
authentication,0.01885296458333327
digital security,0.018863702638888924
automation,0.018989600694444442
artificial intelligence,0.019641299791666622
support vector machine,0.0197625124305556
Q-learning,0.01980235847222228
web application,0.02047778319444446
File Transfer Protocol,0.02063005895833331
graphical user interface,0.020896367291666607
text processing,0.02124061909722219
audio signal processing,0.02176047319444438
data structure,0.022435756388888894
package management system,0.0225080143055556
synchronization,0.023071056388888844
data compression,0.023265282291666634
client,0.023302860763888877
algorithm,0.023313468194444464
deep learning,0.023392076666666678
static site generator,0.024109220347222182
smart contract,0.024386044652777716
distributed computing,0.02508951187499997
search engine,0.025152429166666684
random forest,0.025945950138888896
serverless computing,0.02673281777777778
big data,0.027370779583333338
sorting algorithm,0.027377423680555596
pattern matching,0.027443409375000033
software development,0.027568243055555552
data mining,0.028013995555555504
object detection,0.02813432083333328
neural network,0.02824897097222226
signal processing,0.028983142222222202
distributed system,0.02923530715277775
benchmark,0.029385757222222142
3D modeling,0.029578380972222207
augmented reality,0.02979502701388892
time series,0.030336698194444428
World Wide Web,0.0321895747916667
website,0.03317937708333335
artificial neural network,0.033522870138888855
cluster analysis,0.03450039500000007
reactive programming,0.036023476527777765
reinforcement learning,0.036043171805555524
web development,0.037272034722222236
Parser combinator,0.03757924395833334
information processing,0.03773203902777775
finance,0.03941352902777773
long short-term memory,0.04375305256944442
anomaly detection,0.045267688611111134
scheduler,0.04582372715277777
image segmentation,0.04666766041666662
application performance management,0.04917021291666665
stream processing,0.0566777230555556
recurrent neural network,0.058510849305555584
documentation,0.07572599777777778
