domain,diff
web scraping,1.376250000001411e-05
geometry,1.9720000000000848e-05
graph algorithm,0.0001972431249999962
network analysis,0.00034695687500002625
data visualization,0.0004272656250000062
logistic regression model,0.0006869062500000633
internet bot,0.0007928643750000075
digital audio,0.0007990662500000356
mathematics,0.0008044012499999476
password manager,0.0008745631250000052
word embedding,0.0009771899999999611
regression analysis,0.0010921018749999734
distributed database,0.0011603574999999866
"extract, transform, load",0.0012233306249999631
natural language,0.0012921143749999864
rendering,0.0012921568749999501
game engine,0.001383053749999974
computer science,0.0014022506250000455
data,0.0014156374999999555
test automation,0.001512230624999944
database,0.0016252631250000538
database management,0.0016565031249999862
animation,0.0016760062500000283
natural language understanding,0.0018441056249999255
unit testing,0.0018913699999999478
question answering,0.0018925387500000057
Bayesian inference,0.0019979362499999986
electronic trading platform,0.002075656250000002
software design pattern,0.002116850624999944
streaming media,0.0021484324999999915
static program analysis,0.002446753125000034
lexical analysis,0.0025692037500000264
geographic information system,0.002631313124999979
serverless computing,0.0026359481250000094
search engine,0.0028244037500000374
interpreter,0.002933664999999974
automation,0.003135825624999977
synchronization,0.00324229312499999
Kalman filter,0.003247160625000023
language model,0.003367158125000047
web service,0.0035302212500000207
syntax highlighting,0.003564508749999973
embedded system,0.0037335243749999636
computational science,0.0038174350000000357
information extraction,0.004248693749999977
image,0.004336759999999995
distributed system,0.004376111874999977
telecommunications network,0.004615134999999965
front end,0.0046305006249999225
speech synthesis,0.005263852500000027
kernel,0.005832791875000021
image editing,0.005890047499999995
router,0.006248574999999951
distributed computing,0.00631884499999999
web crawler,0.006745906250000044
debugger,0.0069648387500000075
network security,0.0072601768749999684
linear regression,0.007402445624999976
penetration test,0.007458828125000011
analytics,0.007498248125000051
malware,0.007526442500000036
server,0.007530293749999972
genomics,0.007828518125000017
schema migration,0.007901209374999996
virtualization,0.007954585624999955
Malware Analysis,0.008021383750000027
code generation,0.00809663374999997
plot,0.008186550000000042
object-oriented programming,0.00839685437500004
web browser,0.008448559999999994
transfer learning,0.008703314374999938
image captioning,0.008754121874999965
natural language processing,0.009044414374999948
web browser engine,0.009215636249999992
recommender system,0.009239314999999998
text editor,0.009487060624999988
geographic information,0.00962554624999995
named-entity recognition,0.009787904374999962
search,0.009869953749999993
computer vision,0.010385522499999994
data analysis,0.010738018125000082
video,0.010827728124999991
sentiment analysis,0.010870323125000025
Q-learning,0.010933528750000032
statistics,0.011017086874999998
virtual reality,0.011206175625000037
WebSocket,0.011380931250000004
internet of things,0.011393786249999982
mobile application development,0.011639673125
mathematical finance,0.011643573125
blockchain,0.01178366812499998
regular expression,0.01179116500000002
classification,0.012232449999999978
artificial intelligence,0.012252831875000009
object–relational mapping,0.012274723124999998
real-time computing,0.012645073124999962
security,0.012674921875000023
computer data storage,0.01268758687499999
Image analysis,0.01276499437500006
banking industry,0.01277477062499996
web application security,0.012950184999999947
user interface,0.013277818749999948
validator,0.013415300000000019
social network,0.013523475000000007
game server,0.013753862499999991
cloud computing,0.013853679374999983
static program analysis tool,0.013864178749999956
reinforcement learning,0.013970070000000001
email,0.013987884375000037
machine learning,0.014189508125000028
camera,0.014339480624999984
graph database,0.014452231874999943
audio signal processing,0.014544951249999993
compiler,0.014683596875000038
web server,0.015040271874999983
stock market,0.015116753750000017
data science,0.015191807499999987
computational biology,0.015309300624999994
text mining,0.015523601874999987
optical character recognition,0.01567803749999999
information retrieval,0.016182050625
instant messaging,0.01627428687499996
time series,0.01632930750000003
benchmark,0.016340286249999947
3D computer graphics,0.016607738124999993
encryption,0.016634471250000032
microservices,0.01693266125000001
functional programming,0.016945493749999985
random forest,0.017067400625000007
algorithm,0.01734540687499997
cluster analysis,0.017823284999999967
application performance management,0.01812104624999994
computer graphics,0.01830193062499999
mathematical optimization,0.018582263125000026
dependency injection,0.01870643312499995
image recognition,0.018778426250000035
backup,0.018886225625000058
back end,0.01922839500000001
image classification,0.019266260625000003
scheduler,0.019288236250000007
continuous integration,0.01950050437499995
file system,0.01975670500000004
Web Components,0.019829567500000006
computer configuration,0.019931293749999995
e-commerce,0.019943021249999998
authentication,0.020039704999999963
finance,0.020229662499999967
virtual machine,0.020344239999999986
continuous delivery,0.020466645624999946
digital security,0.020716335624999943
middleware,0.020936658750000003
HTTP server,0.021034815000000012
Naive Bayes classifier,0.02124561562500002
deep learning,0.021698659375000012
serialization,0.022643683749999977
facial recognition system,0.022660734999999987
data binding,0.022730848125000036
text classification,0.02302028687499999
graph,0.02411227000000002
image compression,0.024289706874999956
web application,0.02433635437500009
signal processing,0.024372389999999994
digital image processing,0.02493853124999998
graphical user interface,0.025195136249999972
Reverse engineering,0.02530183562499999
translation,0.02533151249999996
reactive programming,0.02542467937500001
business dashboard,0.025815719375000046
long short-term memory,0.025991212500000027
website,0.02631246874999993
cryptocurrency,0.026495080624999973
logging,0.026524761875000052
image segmentation,0.02661013750000002
deep neural network,0.02693007
shell tool,0.02700593000000001
linear algebra,0.027278221249999957
Semantic Web,0.0273668175
data compression,0.02739777250000003
smart contract,0.027474488749999942
augmented reality,0.027678364374999986
big data,0.027936763124999986
video processing,0.028126135624999993
object detection,0.02816658187500007
data mining,0.028310329375000026
text processing,0.02849298625000002
static site generator,0.02873700937500001
software testing,0.029093984374999965
knowledge graph,0.029168794375
support vector machine,0.02951225250000003
genetic algorithm,0.030127539374999984
parsing,0.030542476250000034
algorithmic trading,0.03102772000000001
information processing,0.032229244374999994
3D modeling,0.033813843124999965
face detection,0.03400553749999999
artificial neural network,0.034392785625000005
data structure,0.03453843000000001
client,0.034670113124999985
anomaly detection,0.034894116874999964
sorting algorithm,0.035015153124999976
File Transfer Protocol,0.035815173125000044
content management system,0.035921215000000006
continuous deployment,0.03620434312499998
World Wide Web,0.03780494437499998
pattern matching,0.03958740124999999
command-line interface,0.04017949625
HTTP client,0.04022499187500003
operating system,0.04264165687499996
recurrent neural network,0.04379273
Parser combinator,0.045125739375
software development,0.046460812500000004
stream processing,0.049618450000000036
package management system,0.05177102250000004
documentation,0.09033713312499997
