domain,diff
deep learning,2.706937500002171e-05
cluster analysis,0.0001797181249999502
algorithm,0.00033017500000001587
front end,0.0005571793749999943
benchmark,0.0005806937500000275
convolutional neural network,0.0006632543750000053
artificial intelligence,0.0007033762499999985
data compression,0.0007730931249999573
object detection,0.0007814881250000072
support vector machine,0.0007978568749999748
network analysis,0.0008694993749999991
virtualization,0.0009424662499999403
object–relational mapping,0.001482328124999932
object-oriented programming,0.0015007737500000173
schema migration,0.0015669156249999427
time series,0.0018734012499999897
image compression,0.001914371249999991
backup,0.002065690000000009
database management,0.0021427650000000464
video processing,0.0021504162499999813
data mining,0.0021624587500000403
validator,0.0026780981250000002
test automation,0.0028605862500000745
virtual machine,0.002896278749999981
audio signal processing,0.0029082699999999906
mobile application development,0.0030110368750000116
natural language processing,0.003165054999999972
data structure,0.00319414687499997
signal processing,0.003227657499999953
computer configuration,0.003624586250000006
functional programming,0.003739367500000035
security,0.003810334999999998
text processing,0.003948081875000009
streaming media,0.004054333750000083
penetration test,0.004158693750000025
password manager,0.004321845625000015
computer data storage,0.004532351249999955
geographic information system,0.004625978749999982
big data,0.004797378124999974
continuous integration,0.004811809375000031
text classification,0.0049957181250000204
embedded system,0.005017183124999991
data science,0.005332383124999979
computational science,0.0054393718749999875
code generation,0.0054664387500000244
back end,0.005527158124999987
rendering,0.005539207500000032
analytics,0.005645760624999996
Web Components,0.005921606250000044
blockchain,0.006105707499999946
banking industry,0.006134970000000017
Q-learning,0.006176156250000009
parsing,0.006186194375000009
facial recognition system,0.00629829687499997
web application,0.006442163750000007
graph algorithm,0.00648795499999999
internet of things,0.006776700000000024
dependency injection,0.006927590625000035
authentication,0.007124026249999971
distributed multimedia communications platform,0.007249231249999988
unit testing,0.007341257499999948
web browser,0.007439013125000032
statistics,0.007488649374999989
Containerization,0.007738265000000022
interpreter,0.007741779375000035
image segmentation,0.007766848750000027
HTTP client,0.00794233437499997
continuous deployment,0.008111130000000022
classification,0.008364281250000022
web crawler,0.008390893750000017
"extract, transform, load",0.008535283749999956
electronic trading platform,0.008915842499999965
data binding,0.009091843124999999
automation,0.009255183750000007
web application security,0.009406350624999976
game engine,0.00974135312499999
regular expression,0.009811619374999941
language model,0.009816305000000053
smart contract,0.009851053750000005
cloud computing,0.009913737499999964
sorting algorithm,0.010030715624999992
continuous delivery,0.010073211874999988
machine learning,0.010289538125000025
natural language,0.010329548749999973
long short-term memory,0.010657148749999984
web scraping,0.010680303749999981
static site generator,0.010858251250000006
static program analysis,0.010923161874999976
mathematical finance,0.011061428750000019
face detection,0.011444963749999981
router,0.011692184375000025
pattern matching,0.012145011875
sentiment analysis,0.012330815625000019
kernel,0.012418582499999997
image recognition,0.012456850624999988
synchronization,0.012502230624999972
Malware Analysis,0.012671917500000018
cryptography,0.012697803750000014
debugger,0.012747229999999943
Kalman filter,0.013069904374999969
distributed computing,0.013296239375000019
middleware,0.01342159812499999
client,0.013497836874999947
web browser engine,0.013585510624999964
logging,0.013954308750000005
distributed database,0.01444368562499998
Bayesian inference,0.014487371249999992
digital security,0.014742926874999979
user interface,0.014780164375000071
content management system,0.014859431874999995
search engine,0.015279118750000042
lexical analysis,0.015467049999999954
File Transfer Protocol,0.01567655499999998
speech synthesis,0.015785851249999983
internet bot,0.015820834375000065
file system,0.016110231249999996
database,0.01616652062500007
encryption,0.016203978125000046
data analysis,0.016452366250000017
reinforcement learning,0.016659654375000027
search,0.016822284999999992
recommender system,0.016930338750000024
question answering,0.017330266250000004
serialization,0.017482994375000005
information processing,0.017559710624999975
Image analysis,0.017582099374999993
linear regression,0.017637305625000016
e-commerce,0.018038266250000018
telecommunications network,0.018067281249999984
Semantic Web,0.018127111875000046
animation,0.018277363750000025
logistic regression model,0.018823103124999963
network security,0.01891071624999996
information extraction,0.019060473750000057
artificial neural network,0.019269906250000024
anomaly detection,0.019462279375000002
data,0.01998936000000001
command-line interface,0.020123162500000014
microservices,0.02026103374999999
instant messaging,0.02030740687499999
WebSocket,0.020415063124999994
plot,0.020780506250000053
game server,0.021201963125
software testing,0.021992245625000018
HTTP server,0.02206551750000002
static program analysis tool,0.022255216874999983
malware,0.0222903356250001
regression analysis,0.02344678875000003
Parser combinator,0.024131050000000043
compiler,0.02413732375000005
distributed system,0.024577058125000023
reactive programming,0.024611556874999996
optical character recognition,0.024924795
website,0.02526215875000004
translation,0.025500044374999975
data visualization,0.025581150624999965
graph database,0.025683224999999976
serverless computing,0.025831091875000045
real-time computing,0.026340065000000024
shell tool,0.026460239375000028
web server,0.027360251250000023
package management system,0.027810212499999987
World Wide Web,0.02828619874999999
server,0.02856497062500002
web service,0.02917308874999991
graphical user interface,0.030285813749999946
software development,0.031166056874999903
recurrent neural network,0.034998283125
finance,0.035121566874999954
network monitoring,0.036043259375000025
operating system,0.036996766874999976
stream processing,0.0375665437500001
application performance management,0.03787838562500004
augmented reality,0.038690364375000064
3D modeling,0.04203632124999995
scheduler,0.045370240000000034
documentation,0.08440574312499999
