domain,diff
telecommunications network,0.0002753706249999932
sorting algorithm,0.00041089044642858563
unit testing,0.0014946762499999933
router,0.001601117857142842
instant messaging,0.00163012348214292
web scraping,0.0018887403571428707
artificial neural network,0.0019203305357142209
penetration test,0.0029480260714285778
security,0.003268231607142874
web browser,0.0034680125000000617
web application,0.003773246249999973
automation,0.004431387321428559
front end,0.004445307410714305
password manager,0.004523578125000038
distributed database,0.004879870446428569
static program analysis,0.00569662482142852
Containerization,0.0057136103571429064
data binding,0.00626163080357145
object–relational mapping,0.0063853140178571355
authentication,0.006399688392857122
anomaly detection,0.006600253214285728
cloud computing,0.007043857946428617
smart contract,0.00720657330357144
validator,0.0073646953571428475
information processing,0.00753882553571425
big data,0.007945930892857223
regular expression,0.007999354285714272
test automation,0.008082773749999994
network analysis,0.008386200089285728
back end,0.008700293482142851
database management,0.008868576071428547
long short-term memory,0.009186116160714297
"extract, transform, load",0.009872575803571426
pattern matching,0.01011627723214295
continuous integration,0.010295803660714253
command-line interface,0.01035259500000002
support vector machine,0.010840792410714256
object detection,0.011099538214285692
game engine,0.011115000803571445
game server,0.011397550535714174
internet of things,0.011519684285714288
embedded system,0.011718786696428535
text processing,0.011860317410714305
streaming media,0.011976074107142826
static program analysis tool,0.012257794642857145
malware,0.012959610624999923
Web Components,0.012972811517857119
client,0.013059512589285671
static site generator,0.013173716696428583
algorithm,0.013265759821428524
distributed system,0.013920865089285722
network monitoring,0.014846897410714266
search engine,0.014981807500000027
machine learning,0.01500973964285715
microservices,0.015320704821428555
data structure,0.016093688214285667
logging,0.01613308267857147
computer configuration,0.016329701250000023
language model,0.016936174464285664
data science,0.01742195589285714
analytics,0.01771280705357145
geographic information system,0.017946957946428532
convolutional neural network,0.01819537660714285
mathematical finance,0.01930317482142857
user interface,0.01940362785714289
web crawler,0.019562556160714284
HTTP client,0.02057713607142847
middleware,0.020789289374999964
translation,0.02092048294642851
application performance management,0.020996908392857144
backup,0.021153207142857205
content management system,0.0214441001785714
software testing,0.02152992294642858
benchmark,0.021546809285714313
serialization,0.022068646339285708
dependency injection,0.02209761517857145
server,0.023707588392857137
data compression,0.02454403794642865
Bayesian inference,0.024896375982142865
stream processing,0.024978283928571515
web browser engine,0.025211275535714284
website,0.026038908035714292
computer data storage,0.026252366249999992
database,0.026302482232142876
File Transfer Protocol,0.026612532053571475
graph database,0.02757035794642851
World Wide Web,0.028731138839285686
Parser combinator,0.029677027053571392
HTTP server,0.02980870419642856
graphical user interface,0.029845409196428474
data analysis,0.03266682749999997
software development,0.03310790821428572
package management system,0.03345413303571426
web server,0.03379970669642862
web application security,0.03397259723214291
web service,0.03469266714285707
optical character recognition,0.03628845008928569
file system,0.038333162678571425
data,0.04186127437499998
finance,0.04483905339285718
