domain,diff
web server,1.4399777777729383e-05
Containerization,0.00023508677777772657
support vector machine,0.00030978322222222077
logistic regression model,0.00046772844444439854
penetration test,0.0005057673333333512
recommender system,0.0005224767777777806
reactive programming,0.0010678421111111058
linear algebra,0.0011258775555555989
"extract, transform, load",0.0011332653333333553
email,0.0016374973333332932
graph database,0.0019007317777778032
object detection,0.0023195605555556
static program analysis,0.002971042777777766
web scraping,0.0030239521111111167
semi-supervised learning,0.003277439444444419
classification,0.003392957222222215
serialization,0.0035926256666666823
visualization,0.0036429022222221885
functional programming,0.004048097666666695
front end,0.004091912111111096
rendering,0.004119194444444529
cryptography,0.004318474777777748
image,0.004369494000000029
random forest,0.004639197444444493
computer configuration,0.004761658888888909
encryption,0.0050883902222221555
face detection,0.0052590038888888635
interpreter,0.005312733888888921
database,0.005913342000000044
graph,0.006328273333333301
computer science,0.0063699308888889306
video processing,0.006393017333333334
regular expression,0.006411055888888878
algorithm,0.006707443444444461
web crawler,0.006848293888888912
WebSocket,0.006965982222222278
smart contract,0.006999024777777807
machine learning,0.007396708666666696
test automation,0.007515931888888855
game server,0.007557348222222149
authentication,0.007821998555555543
server,0.008170276444444513
geographic information system,0.008301430444444452
file system,0.008492151000000003
File Transfer Protocol,0.009054836888888917
database management,0.009148929666666722
unit testing,0.009763906222222257
web service,0.01016440144444447
object–relational mapping,0.010182439222222228
virtual machine,0.010344423111111056
mathematics,0.010568696555555562
language model,0.010642127555555603
web browser engine,0.010684821888888918
microservices,0.010920727333333269
password manager,0.010984161000000048
computational science,0.011124227222222227
image recognition,0.011203466222222208
user interface,0.011253698777777765
banking industry,0.01131682233333342
knowledge graph,0.01133021788888891
data visualization,0.011530324333333342
software design pattern,0.011792545555555534
validator,0.011808583888888863
website,0.011910456666666708
linear regression,0.011996662111111112
digital security,0.012087606333333334
security,0.012337582333333319
HTTP server,0.012500490111111096
digital image processing,0.012648791999999964
World Wide Web,0.01268897411111114
malware,0.013375684666666693
augmented reality,0.013612663666666663
static site generator,0.013784065999999984
sorting algorithm,0.014049072222222209
data analysis,0.014091974666666673
static program analysis tool,0.014299293999999962
data mining,0.014378048222222245
kernel,0.014593563333333281
mathematical optimization,0.014602918999999992
DevOps,0.014723360555555537
translation,0.014806811111111096
shell tool,0.014904145000000008
search,0.015201120666666679
optical character recognition,0.01579109722222219
word embedding,0.016271185666666688
schema migration,0.01635261222222223
pattern matching,0.01639350600000003
Q-learning,0.01678573700000005
artificial intelligence,0.01702888766666663
embedded system,0.017213220555555575
digital audio,0.017397091777777735
logging,0.01744900977777783
game engine,0.017554744666666733
sentiment analysis,0.017774466666666655
Semantic Web,0.017782783555555515
design,0.01778570311111108
signal processing,0.017826002666666674
Malware Analysis,0.01806224822222216
command-line interface,0.018089004555555566
audio signal processing,0.01833807522222225
continuous integration,0.018487620666666704
deep learning,0.018566804777777723
neural network,0.01874341699999993
bitcoin,0.018963204777777798
cloud computing,0.019195054888888896
backup,0.019816474111111176
network security,0.020609880333333358
computer benchmarking,0.020630914222222296
facial recognition system,0.020878032111111083
streaming media,0.021395096999999974
cryptocurrency,0.021833259999999993
blockchain,0.021988210111111156
web browser,0.022008670888888915
code generation,0.02218639933333333
data compression,0.022373967555555596
data binding,0.022609055444444526
artificial neural network,0.023057486444444414
Web Components,0.02375015444444445
business dashboard,0.023958421111111072
chatbot,0.02416354411111113
information retrieval,0.024305148888888933
content management system,0.024454319999999974
benchmark,0.024784511777777796
internet bot,0.024881212222222282
package management system,0.02511942522222227
data science,0.025143120999999935
router,0.025377234777777785
Parser combinator,0.025963254666666657
back end,0.02605943577777775
distributed database,0.026098613888888844
computer vision,0.026255133888888893
web application security,0.02640147066666665
analytics,0.026877784666666682
natural language,0.027406158999999958
network analysis,0.02766539999999998
dependency injection,0.02772676499999993
automation,0.027855229777777796
data structure,0.027932068222222217
text classification,0.0281738722222222
computer data storage,0.028261482555555495
data,0.02844927466666658
geographic information,0.02887475166666667
distributed computing,0.028903543222222217
telecommunications network,0.028968892333333357
internet of things,0.029061844666666586
statistics,0.029125484777777794
mathematical finance,0.030157989777777783
reinforcement learning,0.030269668777777814
convolutional neural network,0.030465846444444417
distributed system,0.03052421066666669
text processing,0.03069626799999997
graphical user interface,0.03130153255555557
plot,0.031351060999999986
web application,0.03176805122222226
distributed multimedia communications platform,0.03235880000000002
operating system,0.03242063344444446
time series,0.032449573111111074
mobile application development,0.03269068333333336
information extraction,0.034100595888888946
question answering,0.034178322222222224
natural language processing,0.03465398477777776
stock market,0.035562880111111084
big data,0.036139449111111166
scheduler,0.03634144933333333
cluster analysis,0.03689852433333332
anomaly detection,0.036972715333333295
application performance management,0.03748897755555558
computer graphics,0.038979548888888854
middleware,0.039379673888888855
instant messaging,0.04020277533333333
integrated development environment,0.040587242111111144
compiler,0.040680455222222245
synchronization,0.04095785855555564
3D computer graphics,0.04195452422222226
network monitoring,0.043066430888888924
stream processing,0.04418205488888888
HTTP client,0.04860787199999994
3D modeling,0.048692225333333256
long short-term memory,0.05276084744444448
software testing,0.05369812255555559
web development,0.05560349988888891
information processing,0.057152704222222295
software development,0.06890859455555548
client,0.06961077600000004
