domain,diff
website,0.003319547499999964
web service,0.004436043874999962
server,0.0056827020000000394
distributed computing,0.00741623962499996
distributed multimedia communications platform,0.007461890625000023
cloud computing,0.0075127372499999845
smart contract,0.008792368250000071
World Wide Web,0.009544706125000024
continuous integration,0.01135351225000003
File Transfer Protocol,0.011690149500000024
microservices,0.012509038500000014
instant messaging,0.012916392000000054
stream processing,0.01308422649999999
distributed database,0.013181925000000011
streaming media,0.013279330499999992
information processing,0.014359686375000014
web server,0.014466017374999973
logging,0.017193138624999965
analytics,0.019653616999999984
back end,0.020400553624999984
web application,0.020886356500000036
HTTP server,0.021258860249999956
file system,0.02243708837499997
dependency injection,0.022982903750000006
user interface,0.024083851000000045
word embedding,0.028959412249999983
big data,0.029509974500000036
digital image processing,0.029973440125
HTTP client,0.03030298575000001
web application security,0.030624035999999966
design,0.031130637000000044
Containerization,0.032073243499999904
digital security,0.03437885137500002
digital audio,0.03512243274999999
network security,0.04182457012499996
package management system,0.04606606424999993
password manager,0.05309332225000002
client,0.054775876625
security,0.06587169712500007
authentication,0.08972956074999994
