domain,diff
encryption,5.440855555560731e-05
automation,0.00022504188888888832
data binding,0.001255045999999982
back end,0.0013006858888889306
telecommunications network,0.0016790523333333196
penetration test,0.003837517111111133
digital security,0.004720435888888902
logging,0.004723334111111144
HTTP server,0.005997204000000034
front end,0.006444646222222239
pattern matching,0.00802208433333329
distributed multimedia communications platform,0.00830175555555554
web service,0.008355112444444424
stream processing,0.009953503444444345
File Transfer Protocol,0.009978750888888888
server,0.010129210222222185
web server,0.010329394777777834
serialization,0.010755877111111117
instant messaging,0.011217095888888862
test automation,0.011235311999999997
mobile computing,0.011739749333333382
website,0.012305199444444442
regular expression,0.012960638555555543
World Wide Web,0.013733268111111113
information processing,0.01577913977777784
analytics,0.018247810333333336
banking industry,0.019729298777777793
validator,0.020242515555555562
data,0.02052048422222222
database,0.02207715022222223
word embedding,0.022255186555555556
data structure,0.0224707245555556
smart contract,0.022777775222222185
web application,0.024168260111111117
object detection,0.024785704444444473
web application security,0.024906313777777744
content management system,0.02501989111111111
network security,0.02708018422222222
user interface,0.029600304888888873
distributed computing,0.029857525111111144
command-line interface,0.03012651511111114
streaming media,0.030284464111111076
unit testing,0.032458800666666676
digital image processing,0.03267041644444443
data compression,0.03472202077777775
password manager,0.03472545488888887
distributed database,0.03493930888888888
big data,0.03772188922222222
shell tool,0.03793348722222223
benchmark,0.038561934333333325
computer configuration,0.038782820555555625
microservices,0.04009193377777784
HTTP client,0.04196838033333328
security,0.045373919555555586
file system,0.045836012888888944
design,0.047903456444444464
dependency injection,0.04972352055555557
digital audio,0.0589282567777778
compiler,0.06045870577777779
software testing,0.06526710477777778
authentication,0.07323726866666658
operating system,0.07590123455555553
package management system,0.07674295077777779
client,0.08079195766666664
