domain,diff
electronic trading platform,2.6188819444439293e-05
streaming media,0.0007982165277778119
distributed system,0.0014173214583332872
web crawler,0.0017919707638888727
computer configuration,0.002357013194444424
web server,0.0024302490277777755
operating system,0.0035309764583333625
word embedding,0.0035489589583332926
Web Components,0.003583956388888865
software testing,0.004105225972222182
command-line interface,0.004149780694444383
cryptocurrency,0.005435906250000011
file system,0.005749789583333331
code generation,0.0061822086111111285
HTTP client,0.006299654583333314
stock market,0.006403512777777759
File Transfer Protocol,0.006518422291666687
dependency injection,0.00656447541666666
topic modeling,0.006621845624999956
router,0.00666545013888889
digital audio,0.007326030277777756
e-commerce,0.007534177361111144
compiler,0.00801527618055553
web browser,0.00821301236111105
security,0.008405730625000052
cloud computing,0.010584786458333273
image compression,0.010733720833333349
information extraction,0.011318627986111135
unit testing,0.01134442645833339
WebSocket,0.011513470833333345
web application,0.012178272847222227
language model,0.012356381944444439
package management system,0.012359779513888836
HTTP server,0.012427225763888883
telecommunications network,0.012667641527777773
content management system,0.012684724166666717
recommender system,0.013369126597222225
World Wide Web,0.013384586249999997
static program analysis tool,0.013498521874999947
logistic regression model,0.014319025347222264
digital security,0.014808651111111099
object detection,0.01535593451388892
video processing,0.015646760347222205
data visualization,0.01575225444444439
smart contract,0.01608433541666665
graph database,0.016300208472222216
server,0.016334319861111057
logging,0.016642478472222166
penetration test,0.016903430277777715
audio signal processing,0.016925053750000058
website,0.01717150722222216
automation,0.017723922083333288
distributed computing,0.017767038958333314
test automation,0.018117384861111113
game engine,0.018247227569444496
text classification,0.019400884583333333
artificial neural network,0.01941519618055554
static program analysis,0.02026285013888879
user interface,0.021082477430555635
text processing,0.02125577666666667
distributed multimedia communications platform,0.021428109791666622
sorting algorithm,0.021431498402777777
regular expression,0.02143522930555558
data compression,0.021446084444444513
web browser engine,0.02167749701388888
web service,0.02189987916666669
graphical user interface,0.022059275694444436
data science,0.022111445486111103
support vector machine,0.023155661111111142
microservices,0.023234559375000075
design,0.023849285972222245
client,0.024687617569444542
data analysis,0.024949656388888852
computer data storage,0.025242368194444392
long short-term memory,0.025490926458333313
digital image processing,0.02570634895833332
data,0.02586369180555559
regression analysis,0.02616167527777777
Kalman filter,0.02786954784722226
big data,0.028222991458333402
password manager,0.028520670624999994
database management,0.02876750090277777
database,0.028970221666666657
game server,0.029076939375
time series,0.02912482138888889
back end,0.029394048888888857
data structure,0.029395788958333335
embedded system,0.029484210138888883
algorithm,0.02956804979166669
machine learning,0.029815885833333333
algorithmic trading,0.03010684020833329
instant messaging,0.030716913402777796
signal processing,0.030887412361111144
static site generator,0.031135305277777692
distributed database,0.03282070125000003
web application security,0.03432890062500005
quantum computer,0.035340569097222274
geographic information system,0.03711175104166664
cluster analysis,0.0374488406944444
anomaly detection,0.03784708750000004
stream processing,0.03860899805555551
data mining,0.03920941215277779
scheduler,0.040334687638888866
pattern matching,0.04156711013888892
data binding,0.04210498909722227
information processing,0.043382209375000064
Bayesian inference,0.04698703159722223
analytics,0.04745372993055555
object–relational mapping,0.05345355423611106
application performance management,0.05841908500000004
statistics,0.05940174784722216
