domain,diff
recommender system,0.00031429599999996394
signal processing,0.00043856850000004166
serialization,0.0010273085000001014
web application security,0.0012839639999999708
game server,0.001343858500000017
object detection,0.0017172012500000222
support vector machine,0.0017616458749999953
banking industry,0.001812828374999964
web browser engine,0.0019662169999999923
penetration test,0.001982079624999994
graph database,0.002220947750000035
data analysis,0.002291934250000016
regular expression,0.0025521344999999696
Containerization,0.0026112990000000114
data visualization,0.002771417250000019
smart contract,0.0034211682499999396
geographic information system,0.0034865597500000067
language model,0.003729343874999985
video processing,0.0039764478749999554
audio signal processing,0.004009282375000034
test automation,0.004045439875000001
logging,0.004184044499999956
microservices,0.004984742124999997
video,0.005003508499999976
documentation,0.005194660125000028
website,0.005294655624999978
data mining,0.005314178500000016
digital security,0.005745495500000003
"extract, transform, load",0.006226946124999966
face detection,0.006726099375000016
encryption,0.0071986963750000355
cryptography,0.00745461450000004
web browser,0.007855919499999975
static program analysis,0.00802539937500002
image compression,0.00809152724999998
WebSocket,0.008431095624999996
data compression,0.008913322000000029
embedded system,0.009269659374999989
image recognition,0.009305592124999984
time series,0.009702645125000048
optical character recognition,0.009916651874999988
machine translation,0.009995806375
File Transfer Protocol,0.010439082374999964
continuous integration,0.010625000875000012
analytics,0.010819789250000017
statistics,0.01103522262499998
web scraping,0.011495471000000035
machine learning,0.011585842625000009
streaming media,0.011713552000000016
search,0.011718936499999999
web service,0.01178167387500001
database,0.012493327624999995
blockchain,0.012666964624999943
authentication,0.012949090750000003
server,0.013532651999999978
instant messaging,0.013533314500000004
kernel,0.013553428749999985
user interface,0.013619654749999932
DevOps,0.013842658749999986
malware,0.014072906750000058
benchmark,0.01422662587500001
pattern matching,0.014325736625000002
facial recognition system,0.014578226624999996
object–relational mapping,0.014739776375000041
web crawler,0.014810170625000035
Web Components,0.015014531875000015
email,0.015561205249999988
neural machine translation,0.015596322874999985
unit testing,0.015663959000000033
word embedding,0.01575656525000002
static site generator,0.015814570375000003
translation,0.015842709999999982
shell tool,0.015856976250000016
internet bot,0.015904978124999997
network analysis,0.01597746375000006
World Wide Web,0.01622043487500005
text processing,0.016230893624999992
digital image processing,0.01631562262499997
telecommunications network,0.016541349625000007
Parser combinator,0.016767199875
validator,0.01736691999999998
file system,0.017635377249999973
internet of things,0.017639189249999965
Malware Analysis,0.017811527874999983
data binding,0.017866675375000057
command-line interface,0.01791034462500002
web application,0.018428850249999962
schema migration,0.018472104374999965
distributed multimedia communications platform,0.018523151250000036
web server,0.01866038175000001
artificial neural network,0.01897676512499999
HTTP server,0.019104170249999997
natural language,0.019166393375000035
reactive programming,0.01942147475000003
text classification,0.01952778687500001
data,0.019559932375000033
stream processing,0.019940394124999927
computer configuration,0.020094651249999984
automation,0.020542414500000022
anomaly detection,0.021846660125000028
backup,0.02209473424999997
scheduler,0.022329904124999966
back end,0.022522241124999953
synchronization,0.02283397112499999
data structure,0.023062616625000004
dependency injection,0.023073145625000124
deep neural network,0.023115375124999976
linear regression,0.02337864600000006
password manager,0.02368527662500003
distributed computing,0.023785014125000004
design,0.023972143875000018
security,0.024032532749999974
package management system,0.024127201124999997
distributed system,0.02413438650000005
digital audio,0.024822638374999983
computer vision,0.02520178375000004
content management system,0.025403441250000047
network security,0.025684478249999948
distributed database,0.025767661250000046
natural language processing,0.026091540749999975
application performance management,0.02630463262499999
question answering,0.026448366249999994
Semantic Web,0.02676396237499995
game engine,0.02698323175000003
cluster analysis,0.027180679749999992
big data,0.027272394874999994
cloud computing,0.02791667725000002
operating system,0.028660983999999973
information extraction,0.029382794500000003
code generation,0.03130533662500001
network monitoring,0.03233397137500005
computer data storage,0.033377465125000005
graphical user interface,0.034379266374999995
middleware,0.03825485687499999
information processing,0.03828894262499999
web development,0.03847271224999993
HTTP client,0.041240086374999985
mobile application development,0.04239565750000002
compiler,0.043845284874999974
long short-term memory,0.04674899737500007
software testing,0.053540563875
audio player software,0.05965169937499995
client,0.06694576287499998
