domain,diff
test automation,4.7803111111049956e-05
algorithm,6.93289999999791e-05
database management,0.00024342255555553916
e-commerce,0.0008431755555555476
"extract, transform, load",0.0010726596666666421
penetration test,0.0012397951111111638
validator,0.0012902594444444138
mathematical optimization,0.0015844126666666458
graph database,0.0017011921111111383
data analysis,0.0017398246666666395
graph algorithm,0.0017750820000000112
recommender system,0.002979569555555589
cloud computing,0.0031499067777778222
server,0.0031600520000000243
smart contract,0.003200045333333401
geographic information system,0.0033079778888888967
optical character recognition,0.0038172944444444523
analytics,0.0038467607777777912
database,0.004086040333333318
authentication,0.004188662555555583
content management system,0.004281335555555599
benchmark,0.0043063510000000416
application performance management,0.004351963555555671
game,0.004450181777777784
web server,0.004459165333333348
linear algebra,0.004491699777777802
random forest,0.004721410888888944
support vector machine,0.0047223378888889
regular expression,0.0048465980000000075
mathematics,0.0049679115555555375
file system,0.005138333999999967
microservices,0.005220355999999982
distributed computing,0.00569196988888887
game server,0.005974327888888908
security,0.006072104555555541
simulation,0.006116031777777753
encryption,0.006130426444444476
static site generator,0.006288703777777738
email,0.006460911555555587
web scraping,0.006734962111111159
static program analysis,0.0069020311111110955
signal processing,0.0070246276666667
audio signal processing,0.007606760777777777
embedded system,0.007723973888888902
data visualization,0.008275465111111102
object detection,0.008324433888888899
evolutionary algorithm,0.008534743888888863
World Wide Web,0.008954892444444473
image,0.009043301222222272
distributed system,0.009578290666666656
speech synthesis,0.009601149666666642
data science,0.00965304822222221
deep learning,0.009844562000000029
data mining,0.01006857322222221
network security,0.010202458666666664
genetic algorithm,0.010220502555555566
face detection,0.01062447444444442
time series,0.010672634222222255
backup,0.010707179666666677
image captioning,0.010910613777777772
knowledge graph,0.01095146566666666
sorting algorithm,0.01118505000000003
computer configuration,0.011279662222222236
Semantic Web,0.011447371333333317
reinforcement learning,0.01151834099999996
continuous integration,0.011638022111111118
logging,0.011638308111111134
streaming media,0.01171182755555561
object–relational mapping,0.012276220888888939
blockchain,0.012390670111111057
search,0.012807067333333338
language model,0.01319852644444447
word embedding,0.01383879733333332
machine learning,0.013928491444444469
distributed database,0.013964523888888886
website,0.014039671666666614
digital security,0.014168849666666677
web service,0.014778278111111154
machine translation,0.014808089777777783
computer data storage,0.014957702000000073
distributed multimedia communications platform,0.015020886666666622
back end,0.015085566888888902
image recognition,0.015331655111111092
HTTP server,0.015419651222222275
File Transfer Protocol,0.015861302444444447
network analysis,0.015900682777777758
middleware,0.016327053333333286
automation,0.016615626444444476
web browser engine,0.016646576333333357
virtual reality,0.016745897444444408
command-line interface,0.016850092333333344
Kalman filter,0.016994176555555573
schema migration,0.017068968888888897
network monitoring,0.01710063144444446
data,0.017288695777777807
bitcoin,0.017474285333333395
deep neural network,0.017607653666666667
telecommunications network,0.017881608444444447
data binding,0.018180074333333296
design,0.01841819311111112
scheduler,0.01850220155555557
digital image processing,0.018622749222222262
digital audio,0.0187474217777778
password manager,0.018796357666666597
serialization,0.019024871777777674
electronic trading platform,0.019069064888888904
artificial neural network,0.01913466366666669
anomaly detection,0.019222262555555536
code generation,0.01930433655555558
WebSocket,0.019493588888888858
web browser,0.019732916444444498
unit testing,0.020109756222222303
facial recognition system,0.020436111555555553
synchronization,0.02052117577777779
data compression,0.020555888111111142
static program analysis tool,0.020722661222222216
syntax highlighting,0.02107474811111107
text editor,0.021505032777777794
user interface,0.021813281000000018
router,0.022036313666666668
convolutional neural network,0.02275945588888892
plot,0.0241378171111111
game engine,0.02450915077777782
linear regression,0.02484287044444447
internet bot,0.02485058499999998
data structure,0.025217309333333326
routing,0.025423371555555574
big data,0.02646451744444442
web application security,0.028102212333333265
text classification,0.02860716111111114
HTTP client,0.02954996255555553
pattern matching,0.030822442666666672
computer vision,0.031131594999999956
virtual machine,0.031167700333333354
web application,0.03127708455555556
text processing,0.032605165777777806
natural language processing,0.03323617477777774
dependency injection,0.033763324444444465
Parser combinator,0.03415012577777776
Web Components,0.03553892388888888
compiler,0.035667920222222205
mobile application development,0.03624232999999999
stream processing,0.037484744333333375
long short-term memory,0.038180916888888916
package management system,0.03917203466666663
information extraction,0.04074280977777775
instant messaging,0.04378203588888885
graphical user interface,0.04394550311111112
operating system,0.044129163444444425
3D modeling,0.050909593111111096
information processing,0.05413702311111113
software testing,0.06032653144444444
client,0.06035689044444448
