domain,diff
web service,0.000867958000000002
support vector machine,0.0009982645714285698
file system,0.0013504332857143253
object–relational mapping,0.0015403948571428572
signal processing,0.0018760767142857182
Containerization,0.0023643595714286647
microservices,0.00325757885714284
database,0.0035008548571428544
logging,0.00359901700000001
web browser engine,0.0037645187142856806
computer configuration,0.00379156642857148
test automation,0.004527501571428588
embedded system,0.004770654285714271
object detection,0.005620082857142827
server,0.00577235628571432
website,0.006027661428571418
web server,0.006200978000000024
data compression,0.007214217714285709
security,0.008571873999999924
File Transfer Protocol,0.008657864142857186
pattern matching,0.00904337028571428
smart contract,0.009077095857142836
WebSocket,0.00909406428571427
distributed multimedia communications platform,0.009586956428571436
regular expression,0.00994211414285709
web browser,0.01070079342857147
reactive programming,0.010990986714285722
HTTP server,0.011006524000000018
data binding,0.011206716000000005
penetration test,0.011957700428571472
telecommunications network,0.012726421857142817
language model,0.01313742414285718
computer data storage,0.01351417271428576
geographic information system,0.01359161185714286
serialization,0.013602855285714283
streaming media,0.013859843428571439
analytics,0.01392251157142857
data,0.014163122285714314
user interface,0.014968308857142787
database management,0.015273068714285742
cloud computing,0.015554760285714203
distributed database,0.015839667857142914
distributed computing,0.01611401885714281
web scraping,0.01669558028571433
authentication,0.017118088000000004
password manager,0.017782348857142888
distributed system,0.01789836685714291
Semantic Web,0.018141756571428552
web application security,0.018730178285714327
data structure,0.019912405999999938
Web Components,0.02013358714285718
World Wide Web,0.021126857285714284
artificial intelligence,0.02194887671428572
documentation,0.022106788428571444
word embedding,0.02240803114285711
back end,0.022831400142857172
web application,0.02357242542857141
digital security,0.024194965142857128
package management system,0.025136450142857092
digital image processing,0.0255744984285714
instant messaging,0.02684392414285708
game engine,0.02710531300000002
network monitoring,0.028233469857142784
design,0.028469347714285692
stream processing,0.028767891000000045
digital audio,0.02899463828571433
information extraction,0.03016741128571429
automation,0.030676809857142828
middleware,0.03130135214285723
big data,0.03189370442857142
dependency injection,0.035135605000000014
content management system,0.037112841428571464
information processing,0.041693083428571476
HTTP client,0.04509071985714286
scheduler,0.050351773857142845
client,0.06108458742857148
software testing,0.06620556271428565
