domain,diff
smart contract,4.8400499999989854e-05
server,0.0023325907499999743
File Transfer Protocol,0.002696485500000012
web service,0.003257811999999971
pattern matching,0.0037846697499999693
telecommunications network,0.00554274962500001
distributed multimedia communications platform,0.0058299393750000095
data binding,0.00708272662499998
web server,0.007553978625000013
content management system,0.007702583749999964
HTTP client,0.009119669499999927
text classification,0.01009305937499999
World Wide Web,0.011705433250000008
information processing,0.01276000825000001
user interface,0.014417930999999995
regular expression,0.01486918299999998
website,0.015684554374999993
instant messaging,0.016166131999999972
database,0.016597917374999993
web application,0.017857494625000025
streaming media,0.018312943624999967
word embedding,0.019660586000000008
web application security,0.022064004125000092
digital security,0.022397490750000054
data,0.023056060750000024
file system,0.02328160649999997
distributed computing,0.024895088375000013
data structure,0.02528597025000001
microservices,0.027114199125000016
dependency injection,0.027160904999999957
object detection,0.02731757374999999
stream processing,0.028397267125000014
HTTP server,0.029123675250000036
object–relational mapping,0.029954534875000022
data compression,0.033245243624999976
big data,0.03449838075
distributed database,0.034598254375
design,0.035102991375
digital image processing,0.035869793250000004
Containerization,0.044885059125000015
digital audio,0.04555999462499999
security,0.051390680875000094
package management system,0.05373652674999996
client,0.059319402249999986
3D modeling,0.06251958699999999
authentication,0.09712901825000003
