domain,diff
"extract, transform, load",0.00014003255555555816
big data,0.0002676968888889186
front end,0.0004343984444444282
analytics,0.0005510779999999826
data analysis,0.0008222497777777282
knowledge graph,0.0008781148888889201
distributed computing,0.0011527884444444414
HTTP server,0.001669555444444415
file system,0.0017080765555554933
distributed database,0.00173346000000002
algorithm,0.00187377544444442
World Wide Web,0.0021514535555555436
time series,0.0022594653333332937
object–relational mapping,0.002345933666666633
web scraping,0.0028795239999999944
regular expression,0.00291499411111118
data compression,0.003141593000000026
text editor,0.0034221333333332715
streaming media,0.0034894163333333283
geographic information system,0.003669795666666642
data mining,0.003785456555555594
embedded system,0.004070580555555536
user interface,0.004288680999999961
distributed multimedia communications platform,0.004620120555555524
benchmark,0.005101113222222203
encryption,0.005201634111111103
server,0.005349729222222321
data structure,0.005941703222222233
database,0.006003775888888896
continuous integration,0.006367928777777754
telecommunications network,0.006752141777777804
web server,0.0069543736666666245
language model,0.007110560888888839
Semantic Web,0.007661833666666618
data,0.007716865222222258
data visualization,0.007746123444444447
interpreter,0.00810444111111111
penetration test,0.008130623222222189
File Transfer Protocol,0.008204119222222195
application performance management,0.008707762000000008
schema migration,0.009141208888888891
sorting algorithm,0.009262009444444413
object detection,0.009399769444444428
security,0.009836404000000049
word embedding,0.009978764000000029
recommender system,0.010525694000000002
computer data storage,0.011806627000000042
backup,0.012115170222222166
web service,0.012653869666666706
website,0.012716533888888909
back end,0.013023872444444473
stream processing,0.013453783222222293
cloud computing,0.013496452888888899
test automation,0.013726230222222191
content management system,0.013852690555555547
database management,0.013909229111111088
validator,0.013969385555555519
logging,0.01455406977777779
serialization,0.01483494933333332
virtual machine,0.015686340888888928
optical character recognition,0.015986736666666695
digital security,0.0170386363333333
static program analysis,0.01762132777777775
instant messaging,0.017961332555555487
machine learning,0.018018800333333335
computer configuration,0.018229151666666693
Containerization,0.01835185322222216
pattern matching,0.018624861555555566
data binding,0.018656736555555498
graphical user interface,0.018937112555555524
information retrieval,0.019153019444444364
unit testing,0.01927436344444447
text classification,0.01934673777777779
digital image processing,0.019840012555555536
middleware,0.02068635222222215
digital audio,0.020879517888888977
shell tool,0.021374677222222194
web browser engine,0.02142903355555556
internet bot,0.02181909055555556
text processing,0.022318594111111145
linear regression,0.022504714888888833
game engine,0.022740915777777815
operating system,0.023203015666666632
design,0.02330707700000001
static program analysis tool,0.024378782888888895
chatbot,0.02459133300000002
microservices,0.025153268222222303
scheduler,0.026042444888888905
smart contract,0.026610449666666647
automation,0.02953759477777773
package management system,0.031062633555555608
plot,0.03127023044444446
web application security,0.03159431233333332
information extraction,0.034113793666666614
password manager,0.0346499215555556
dependency injection,0.03827492000000007
command-line interface,0.038714284888888895
Web Components,0.04128335666666669
web application,0.04171102788888889
integrated development environment,0.042950071000000034
information processing,0.04636286588888877
3D modeling,0.05150235088888888
web development,0.053893110999999994
HTTP client,0.056276314222222235
software testing,0.05736852366666667
mobile application development,0.05832639222222222
client,0.06403727599999998
