domain,diff
interpreter,0.00018020777777782993
semi-supervised learning,0.00028146777777782184
computer configuration,0.0004327111111110671
serialization,0.0005516023333332898
data visualization,0.0005676971111111262
computer science,0.0005949746666666644
image segmentation,0.0008687282222221981
microservices,0.0013063104444444584
graph database,0.001367830111111079
transfer learning,0.001385202000000002
optical character recognition,0.0015031294444444177
computational science,0.001550356111111123
image compression,0.001556367333333336
video processing,0.0017936560000000046
object detection,0.0019981166666666883
file system,0.0021188026666666138
continuous delivery,0.002204847888888972
linear algebra,0.0022116741111111726
test automation,0.002323707444444406
server,0.002341868555555515
digital security,0.002447450333333323
recommender system,0.002976220666666668
business dashboard,0.0030099161111111494
WebSocket,0.00307245277777779
smart contract,0.0035897742222222306
support vector machine,0.003677887111111111
machine learning,0.004326073111111106
penetration test,0.004652064888888918
streaming media,0.004761469222222203
regular expression,0.00477069411111114
web server,0.004775926444444412
validator,0.0048079511111110695
distributed system,0.0048238001111111095
audio signal processing,0.005161266333333331
geographic information system,0.005168328777777786
front end,0.005526972333333324
face detection,0.005540840555555537
authentication,0.00561678366666668
cloud computing,0.0056708832222222005
logging,0.0056906731111111275
game server,0.005872407333333329
"extract, transform, load",0.005923935222222176
shell tool,0.006068435000000039
simulation,0.006287367333333349
image,0.006419350111111083
random forest,0.00647749744444448
speech synthesis,0.006585366888888861
database management,0.006882353555555554
website,0.006982117777777852
image recognition,0.007050952333333305
computer benchmarking,0.0070571764444444796
HTTP server,0.007099957888888897
embedded system,0.007172418888888893
algorithm,0.007329219555555572
graph algorithm,0.007733770888888908
distributed computing,0.007845553777777792
continuous integration,0.007900221555555531
static program analysis,0.008039630555555566
signal processing,0.008227034888888901
World Wide Web,0.008467435222222236
web browser engine,0.008487583555555567
benchmark,0.008882161222222212
knowledge graph,0.009516500666666705
video,0.009800438777777781
sorting algorithm,0.010204836111111087
artificial intelligence,0.010219049888888915
neural network,0.01038269422222221
continuous deployment,0.010506081999999972
electronic trading platform,0.010606324888888907
data analysis,0.010701333000000007
File Transfer Protocol,0.010861365222222197
database,0.01107755366666674
distributed database,0.01115417999999993
web crawler,0.011442927777777778
digital image processing,0.011615808111111126
Containerization,0.011689307111111158
language model,0.01171036366666664
distributed multimedia communications platform,0.011717152222222249
mathematical optimization,0.01174226066666667
camera,0.011828791888888884
web scraping,0.011858428777777763
content management system,0.011978155000000046
stock market,0.012023476222222246
application performance management,0.012196688666666566
deep learning,0.012410157555555551
mobile computing,0.01251213733333334
back end,0.012686363555555524
static site generator,0.01275576766666664
web application security,0.013360837888888866
Semantic Web,0.013458080222222224
web browser,0.01346160533333332
search,0.013543855666666688
object–relational mapping,0.013683432555555514
virtual reality,0.01369862688888887
cryptocurrency,0.013793411666666672
facial recognition system,0.013800712666666659
web service,0.014001538666666702
automation,0.014243907555555546
analytics,0.014294846888888907
unit testing,0.014714707888888928
debugger,0.014995589888888883
encryption,0.01506382977777776
parsing,0.015457716333333288
sentiment analysis,0.015638401111111117
data science,0.01564520211111109
blockchain,0.015647352333333364
linear regression,0.01569282600000002
data mining,0.01574073766666667
scheduler,0.016229165444444416
backup,0.016292676333333367
artificial neural network,0.01653130755555557
design,0.017508700333333377
telecommunications network,0.017539625111111096
time series,0.018150963666666714
kernel,0.018268105000000062
virtual machine,0.018526852000000066
computer data storage,0.018641973666666645
synchronization,0.01867726077777776
deep neural network,0.01916892755555555
network analysis,0.019189898888888973
software design pattern,0.0192327072222222
reinforcement learning,0.01929747599999998
data binding,0.019774118222222165
internet of things,0.01981225188888891
plot,0.020158668777777805
network security,0.020772846444444437
user interface,0.02080618433333331
code generation,0.02118082488888884
cryptography,0.021276133666666613
static program analysis tool,0.02132024455555559
internet bot,0.021413830555555513
schema migration,0.021422458888888857
Parser combinator,0.021695218555555562
word embedding,0.021755925666666592
security,0.021756457333333368
middleware,0.022046347222222262
Kalman filter,0.02206807711111114
statistics,0.02222866699999998
data structure,0.02233518155555561
router,0.022525302000000025
command-line interface,0.022607015666666702
computer vision,0.02261154722222225
geographic information,0.02302601555555553
data compression,0.023112056444444473
game engine,0.02341298411111109
stream processing,0.02384334988888881
data,0.023947020777777883
text editor,0.02428273055555555
font,0.024883290555555576
natural language,0.025328326222222197
text processing,0.02543480022222222
password manager,0.02545504711111113
package management system,0.025517139111111087
big data,0.025824207444444414
digital audio,0.026015795111111073
network monitoring,0.026704220888888908
algorithmic trading,0.02719551477777779
pattern matching,0.027294226555555523
natural language processing,0.027626275888888857
Web Components,0.027679601666666664
natural language understanding,0.028874337111111065
information retrieval,0.028945011111111058
cluster analysis,0.02906625822222217
dependency injection,0.0300299644444445
web application,0.03084543733333328
text mining,0.03087948122222217
text classification,0.03095525833333329
anomaly detection,0.0313769992222222
Bayesian inference,0.0358513135555556
instant messaging,0.03645504533333338
mobile application development,0.03803691944444443
information extraction,0.03835790977777773
named-entity recognition,0.0396830108888889
operating system,0.04062572733333336
topic modeling,0.04074519044444444
information processing,0.041205679222222125
compiler,0.041381854666666607
graphical user interface,0.042089690888888864
HTTP client,0.042701849777777745
3D computer graphics,0.04366932977777779
long short-term memory,0.04442098244444445
3D modeling,0.04442952755555554
web development,0.052184418222222195
software testing,0.05337395088888888
client,0.06386458488888891
