domain,diff
word embedding,5.108066666667521e-05
static program analysis,0.00010406388888889451
database,0.0013268597777778002
deep learning,0.0016875091111110962
random forest,0.0024926513333333733
authentication,0.003791675777777781
Semantic Web,0.004602220222222231
language model,0.004851544111111106
data,0.005560979222222262
penetration test,0.005703977333333332
object detection,0.00586430666666668
serialization,0.007372667333333305
stream processing,0.00739594011111111
knowledge graph,0.007846822333333364
big data,0.008452368111111136
smart contract,0.008728051888888866
digital image processing,0.01082978699999998
web service,0.012592612444444484
logging,0.013320668000000008
information processing,0.01352136699999995
instant messaging,0.014639949111111134
design,0.015353933111111079
code generation,0.016257367666666633
automation,0.016392912555555528
dependency injection,0.01958740666666664
security,0.021553171555555528
information extraction,0.022684406444444388
data structure,0.026250291555555555
back end,0.027897332555555543
distributed database,0.02950012111111111
website,0.031001378333333357
web application security,0.032724731222222275
user interface,0.03466855711111111
digital security,0.03566993411111111
pattern matching,0.036072246555555465
World Wide Web,0.03711417699999997
digital audio,0.037321589000000016
application performance management,0.038926731888888955
HTTP server,0.039026478222222244
compiler,0.04430657688888892
server,0.04556115744444439
microservices,0.04842235377777776
regular expression,0.04943618411111114
distributed multimedia communications platform,0.04962386666666668
distributed computing,0.04975526455555557
graphical user interface,0.05167278366666664
data binding,0.052975728222222185
object–relational mapping,0.053483417555555524
file system,0.054777693444444414
computer configuration,0.05570936388888889
web server,0.062274697555555536
cloud computing,0.06381630566666663
streaming media,0.06601717133333329
validator,0.10185993722222225
