domain,diff
web server,0.0005160852222221846
linear algebra,0.0007048653333333044
cloud computing,0.0010661023333333464
cryptocurrency,0.0010783111111111188
syntax highlighting,0.0011944285555555711
animation,0.0016843328888888343
game server,0.001735786777777748
server,0.0017703120000000516
distributed system,0.0018715089999999657
computer configuration,0.0019467400000000024
graph database,0.0024819326666666586
penetration test,0.0026855071111111517
serialization,0.0026972373333333244
web service,0.002700921999999939
user interface,0.0027759771111111053
distributed database,0.00292472166666663
shell tool,0.0033097811111110764
web browser engine,0.003624646444444435
computational science,0.003762508333333303
data compression,0.004017748666666682
automated machine learning,0.0040196173333333085
audio signal processing,0.004296812999999927
electronic trading platform,0.004483317666666653
static program analysis,0.00453578555555556
unit testing,0.0046038498888889
website,0.004777826666666651
blockchain,0.004803517666666701
HTTP server,0.004998519555555525
documentation,0.005036337555555603
encryption,0.005089205777777772
streaming media,0.005164026333333377
face detection,0.005168047777777823
web browser,0.005436515888888882
reactive programming,0.005459195666666639
geographic information system,0.005510669888888875
signal processing,0.005725032666666657
WebSocket,0.005767243888888884
recommender system,0.005999682888888858
internet of things,0.00613642855555549
telecommunications network,0.006195440666666718
router,0.006266283111111104
benchmark,0.006342053444444412
classification,0.006343418888888924
image recognition,0.0068011578888888535
language model,0.006858476999999974
machine learning,0.00696083422222224
data mining,0.007202362111111138
data analysis,0.0072413891111110795
algorithm,0.007310566777777805
World Wide Web,0.007401671333333387
continuous integration,0.007779082111111113
distributed computing,0.007942803777777785
object detection,0.00797117944444442
support vector machine,0.008102615444444405
mathematics,0.008116551000000027
regular expression,0.008195534111111125
command-line interface,0.008535470666666656
content management system,0.008689735555555578
backup,0.008778976888888845
computer data storage,0.008907911999999962
word embedding,0.008914885666666678
distributed multimedia communications platform,0.008986398888888886
smart contract,0.009181736333333301
embedded system,0.009380048888888909
data visualization,0.009488002111111088
microservices,0.009518718777777768
File Transfer Protocol,0.009816175333333288
file system,0.009836372888888889
authentication,0.009994941999999979
code generation,0.01030933266666656
"extract, transform, load",0.010462016888888925
linear regression,0.010641826555555511
web application security,0.010774567333333374
Image analysis,0.010809096444444471
database management,0.010841880222222267
validator,0.010972510555555592
simulation,0.011053291222222206
facial recognition system,0.011093658777777765
database,0.0112187603333333
knowledge graph,0.011422265111111107
static program analysis tool,0.011468985666666598
music,0.011479144777777783
hyperparameter optimization,0.011481711222222218
video,0.011633924888888841
Q-learning,0.01173215033333333
malware,0.011754209666666682
digital security,0.011967911888888905
kernel,0.012053414999999956
schema migration,0.01207707111111106
game engine,0.012170652444444485
Semantic Web,0.012363058000000038
sentiment analysis,0.012408373333333361
digital image processing,0.012501351444444447
stock market,0.012589685666666711
machine translation,0.01293101477777775
deep learning,0.013063432555555587
front end,0.013188856555555628
Malware Analysis,0.014049103777777794
search,0.014084448444444425
big data,0.014193572999999987
continuous deployment,0.014231822555555551
application performance management,0.014871129222222168
time series,0.014968857555555548
security,0.015255346222222271
artificial intelligence,0.015276248777777723
object–relational mapping,0.015595688111111117
dependency injection,0.015655808888888845
data science,0.01588565322222224
web crawler,0.016250033888888876
static site generator,0.016520609888888926
functional programming,0.01678268788888887
test automation,0.01691214688888895
sorting algorithm,0.017241063333333306
back end,0.017617645777777746
logging,0.018032641999999988
Web Components,0.018073956111111122
synchronization,0.0182985707777778
web application,0.01841179511111113
data structure,0.01876803988888895
reinforcement learning,0.019929441555555538
data,0.020189359666666684
design,0.02026948866666664
statistics,0.020272146444444417
middleware,0.020461634999999978
information retrieval,0.021203229444444416
analytics,0.021307298555555604
computer vision,0.02227371833333333
artificial neural network,0.02258773533333333
graphical user interface,0.02308308866666664
cluster analysis,0.023562097666666643
text classification,0.024705119444444423
web scraping,0.025045532111111102
natural language processing,0.02647088811111112
Kalman filter,0.02681803711111111
instant messaging,0.028060545333333298
stream processing,0.028880926555555575
digital audio,0.02892467011111116
pattern matching,0.029577066555555587
question answering,0.029679996666666653
natural language understanding,0.029860504333333315
internet bot,0.02987055500000002
text processing,0.03148222244444443
password manager,0.031544168222222196
Parser combinator,0.031586658000000045
plot,0.03225267933333337
automation,0.03256547922222222
compiler,0.03325481744444447
Bayesian inference,0.03411637300000003
scheduler,0.03505377988888894
long short-term memory,0.03562567355555557
data binding,0.03578867488888887
mobile application development,0.036049403888888915
operating system,0.03640880844444444
named-entity recognition,0.0364808942222222
web development,0.03672365155555557
anomaly detection,0.0375204581111111
package management system,0.03882311966666663
HTTP client,0.040149447555555606
3D modeling,0.04083627255555558
information extraction,0.0418340692222223
software testing,0.047083144777777725
information processing,0.04738520811111113
client,0.05718031044444449
