domain,diff
test automation,4.334133333336321e-05
support vector machine,0.0003947487777778147
World Wide Web,0.0005468620000000646
classification,0.0006230916666666309
optical character recognition,0.000626255555555566
web server,0.0010519213333333166
web service,0.001599422555555563
regular expression,0.002361904666666692
microservices,0.0024894432222222207
continuous integration,0.002671444888888874
image compression,0.0027903545555555687
digital audio,0.0029757606666666603
game server,0.0032967323333333853
object detection,0.003572206111111087
encryption,0.003650447555555575
network security,0.004461189777777763
penetration test,0.0045657139999999985
education,0.005011738000000043
telecommunications network,0.0053148101111111234
face detection,0.005347011666666707
banking industry,0.005364417888888917
application performance management,0.0056302392222221664
front end,0.005644194888888898
hyperparameter optimization,0.005739577888888875
Naive Bayes classifier,0.005852939888888936
recommender system,0.005868056555555556
digital image processing,0.005991660888888889
cloud computing,0.00604693711111115
automated machine learning,0.006334517333333345
random forest,0.006385991333333341
security,0.006455967666666729
computer configuration,0.006923403888888874
email,0.007094949555555563
"extract, transform, load",0.00718298466666667
static program analysis,0.007298217222222181
language model,0.007403127000000009
authentication,0.007581405777777772
machine learning,0.007725764777777783
electronic trading platform,0.007987277666666709
smart contract,0.008083457444444386
Semantic Web,0.00843211522222223
content management system,0.008512239444444458
bitcoin,0.008874249222222214
File Transfer Protocol,0.009207632444444502
image recognition,0.009329808444444393
reinforcement learning,0.009345672666666666
e-commerce,0.009366023888888908
distributed multimedia communications platform,0.009590326666666676
web crawler,0.009714252222222192
embedded system,0.009819768888888858
artificial intelligence,0.009832389888888904
benchmark,0.010080337333333328
HTTP server,0.010590666777777868
geographic information system,0.010905229888888895
stock market,0.010924694555555559
web scraping,0.010965737666666725
cryptocurrency,0.011900840555555542
blockchain,0.011930595666666599
internet of things,0.011952499666666672
data mining,0.012166286000000054
server,0.012283238666666751
Containerization,0.012597178222222227
web browser engine,0.012742244111111134
algorithm,0.01278285788888886
shell tool,0.0128274433333333
search,0.012924930111111177
validator,0.013103360555555582
file system,0.013318892666666582
serialization,0.013362053444444466
password manager,0.013421988222222209
documentation,0.013515320888888904
data analysis,0.014056603
WebSocket,0.014056775555555623
static site generator,0.014103330444444395
data visualization,0.014456496555555504
translation,0.014707133888888863
logging,0.015048712555555593
website,0.01570854111111117
graph algorithm,0.0157349553333333
digital security,0.015815566888888827
middleware,0.015947954444444412
facial recognition system,0.016441424333333315
data binding,0.016759130999999983
linear regression,0.017048267111111043
database management,0.017084299111111062
knowledge graph,0.01714541122222224
signal processing,0.017605423222222222
internet bot,0.017626292777777802
word embedding,0.017757821777777794
analytics,0.018012133000000013
schema migration,0.018352274444444483
graph database,0.01858684844444447
backup,0.018593260777777787
distributed computing,0.019574598777777785
network analysis,0.01985027777777776
automation,0.0200575558888888
deep learning,0.020398459222222193
static program analysis tool,0.02078739233333332
data science,0.020804258777777834
code generation,0.021164031555555574
distributed system,0.021257083444444436
game engine,0.0212806368888889
malware,0.02129504411111105
database,0.02139589255555563
Malware Analysis,0.02157138100000003
scheduler,0.02245729544444444
sentiment analysis,0.022511535000000027
command-line interface,0.022727315666666748
streaming media,0.02301059088888885
social network,0.02332908799999997
artificial neural network,0.02358559477777772
time series,0.023585843666666634
audio signal processing,0.023646691888888904
DevOps,0.023698090000000005
design,0.023894735888888907
user interface,0.024312785444444485
computer vision,0.024837238888888863
network monitoring,0.025046674222222204
instant messaging,0.025142526999999915
back end,0.02569345022222219
object–relational mapping,0.02597722700000002
syntax highlighting,0.02612831033333335
text classification,0.02753832444444443
algorithmic trading,0.02861511533333333
data,0.028629865222222217
information retrieval,0.02892881222222221
cluster analysis,0.029188616555555547
unit testing,0.029433442333333337
deep neural network,0.029618959222222213
pattern matching,0.029971851555555595
synchronization,0.030263745777777795
Parser combinator,0.030502105777777788
Bayesian inference,0.030569211888888892
convolutional neural network,0.03067944922222221
virtual machine,0.03087382033333333
natural language processing,0.03236352033333334
data compression,0.03253233977777781
computer programming,0.03388450611111107
text mining,0.03407852066666661
distributed database,0.034284734999999955
question answering,0.034538381111111155
sorting algorithm,0.03473892555555558
web application security,0.03543012955555558
computer data storage,0.0357565614444445
web application,0.03594537900000003
data structure,0.037354153777777815
Web Components,0.03815315611111106
big data,0.03880175022222218
information extraction,0.04033182644444441
text processing,0.04121497688888892
graphical user interface,0.04213655977777778
compiler,0.04290698188888889
operating system,0.04433363677777777
dependency injection,0.044856911111111064
package management system,0.04516239911111114
mobile application development,0.04542307222222225
long short-term memory,0.04575746855555557
HTTP client,0.04579689422222222
software engineering,0.04615464700000005
information processing,0.052405233111111116
3D modeling,0.052457906444444424
web development,0.06167880266666664
stream processing,0.06366697988888892
software testing,0.06375179588888885
client,0.06547306044444451
software development,0.07715892511111111
