domain,diff
sentiment analysis,1.0742222222220876e-05
game server,8.208677777776785e-05
HTTP server,0.00030740233333331757
object detection,0.000545527777777749
distributed multimedia communications platform,0.0008802372222222465
World Wide Web,0.0009006218888888695
smart contract,0.0010471747777778817
serialization,0.0011706301111110151
data analysis,0.0016159452222222481
server,0.002071079777777818
recommender system,0.00219007488888881
geographic information system,0.0022350515555555617
web crawler,0.0030824116666666457
word embedding,0.00336060933333332
web scraping,0.0045493467777777685
static program analysis,0.004650952777777773
File Transfer Protocol,0.004715735888888906
internet bot,0.004956677222222233
microservices,0.005573334333333346
signal processing,0.005690439333333325
regular expression,0.0058673264444444595
data mining,0.005890391555555541
object–relational mapping,0.006002074222222181
web server,0.007007469777777775
streaming media,0.007644564777777807
website,0.007676845000000043
embedded system,0.00771893388888889
audio signal processing,0.008090833555555538
computer configuration,0.008495273333333303
data compression,0.0088333597777778
digital security,0.009262696888888866
user interface,0.009481482111111106
test automation,0.009497582444444486
instant messaging,0.0101738025555555
language model,0.010447800777777766
data binding,0.011085074333333306
web service,0.012046015222222206
digital image processing,0.012095112555555482
benchmark,0.012903836222222242
support vector machine,0.01293132122222218
internet of things,0.012970499111111089
telecommunications network,0.013161487333333333
static site generator,0.013971611555555485
graph database,0.014116166222222226
statistics,0.01411692866666664
data visualization,0.014162564888888923
security,0.014376074555555562
database,0.014638276999999977
natural language processing,0.01524720144444447
data,0.015496521888888948
penetration test,0.01564873511111109
design,0.01607577588888892
machine learning,0.016178266444444478
content management system,0.017224958333333318
artificial intelligence,0.017575183222222263
search,0.01851469177777776
game engine,0.01854675966666669
WebSocket,0.019340834444444455
text editor,0.019634581111111077
back end,0.019831912444444377
digital audio,0.019843874555555502
question answering,0.01989812888888884
file system,0.019911098222222146
cloud computing,0.020058909888888865
continuous integration,0.02016498344444445
pattern matching,0.020186267111111128
text processing,0.02101186522222223
logging,0.021112725333333332
unit testing,0.022346222888888823
graph algorithm,0.022599253111111106
command-line interface,0.023233098444444433
distributed computing,0.02414067544444448
distributed system,0.024359004555555563
time series,0.02467537311111112
analytics,0.02518263077777777
web application security,0.02576463177777777
database management,0.0264593102222222
code generation,0.027302282666666677
application performance management,0.02742190977777781
operating system,0.0283313812222222
anomaly detection,0.028353490333333314
big data,0.028378021888888882
package management system,0.028842830777777717
graphical user interface,0.02909473755555564
data structure,0.029301007666666712
distributed database,0.030220543888888868
linear regression,0.0305575176666667
web application,0.03200776622222226
stream processing,0.0321089132222222
Web Components,0.03425432888888891
scheduler,0.03455738877777784
computer data storage,0.034604752000000016
automation,0.03474426644444445
dependency injection,0.04055554777777773
3D modeling,0.04100430033333324
compiler,0.04285411522222224
synchronization,0.04484489411111117
long short-term memory,0.04878208911111115
information processing,0.05349303700000008
software testing,0.05793120033333324
HTTP client,0.06296773255555554
software development,0.06601915122222224
client,0.07018149488888886
